Record_ID,Date,Time,Day,Day_Type,Month,Hour,Voltage_V,Global_Intensity_A,Power_Consumption_kW,Energy_Consumption_kWh,Kitchen_Usage_kWh,Living_Room_Usage_kWh,Bedroom_Usage_kWh,Other_Usage_kWh
1,2026-04-13,23:00,Monday,Weekday,April,23,228.88,2.662,0.6093,0.6093,0.2072,0.2011,0.0792,0.1219
2,2026-12-15,09:00,Tuesday,Weekday,December,9,228.04,4.559,1.0396,1.0396,0.4366,0.2079,0.1352,0.2599
3,2026-09-28,06:00,Monday,Weekday,September,6,234.87,2.086,0.49,0.49,0.2058,0.098,0.0637,0.1225
4,2026-04-17,16:00,Friday,Weekday,April,16,229.55,3.245,0.745,0.745,0.2235,0.2533,0.0968,0.1713
5,2026-03-13,03:00,Friday,Weekday,March,3,230.54,1.112,0.2565,0.2565,0.0205,0.0308,0.1411,0.0641
6,2026-07-08,12:00,Wednesday,Weekday,July,12,225.99,4.979,1.1253,1.1253,0.3376,0.3826,0.1463,0.2588
7,2026-01-21,03:00,Wednesday,Weekday,January,3,228.69,1.289,0.2947,0.2947,0.0236,0.0354,0.1621,0.0737
8,2026-04-13,04:00,Monday,Weekday,April,4,234.72,0.905,0.2124,0.2124,0.017,0.0255,0.1168,0.0531
9,2026-05-02,21:00,Saturday,Weekend,May,21,230.09,6.871,1.5809,1.5809,0.5375,0.5217,0.2055,0.3162
10,2026-08-03,03:00,Monday,Weekday,August,3,229.93,1.24,0.285,0.285,0.0228,0.0342,0.1568,0.0713
11,2026-11-27,17:00,Friday,Weekday,November,17,233.48,6.055,1.4138,1.4138,0.4807,0.4665,0.1838,0.2828
12,2026-03-29,05:00,Sunday,Weekend,March,5,225.89,1.522,0.3438,0.3438,0.0275,0.0413,0.1891,0.0859
13,2026-04-10,23:00,Friday,Weekday,April,23,228.96,2.505,0.5735,0.5735,0.195,0.1893,0.0746,0.1147
14,2026-12-26,23:00,Saturday,Weekend,December,23,235.69,2.132,0.5026,0.5026,0.1709,0.1659,0.0653,0.1005
15,2026-06-01,22:00,Monday,Weekday,June,22,229.88,5.178,1.1902,1.1902,0.4047,0.3928,0.1547,0.238
16,2026-05-11,21:00,Monday,Weekday,May,21,229.86,6.136,1.4105,1.4105,0.4796,0.4655,0.1834,0.2821
17,2026-05-30,01:00,Saturday,Weekend,May,1,232.95,0.867,0.2019,0.2019,0.0162,0.0242,0.1111,0.0505
18,2026-11-05,22:00,Thursday,Weekday,November,22,233.12,3.961,0.9234,0.9234,0.314,0.3047,0.12,0.1847
19,2026-09-15,10:00,Tuesday,Weekday,September,10,226.75,3.335,0.7562,0.7562,0.2269,0.2571,0.0983,0.1739
20,2026-12-10,13:00,Thursday,Weekday,December,13,231.07,3.701,0.8552,0.8552,0.2566,0.2908,0.1112,0.1967
21,2026-10-21,04:00,Wednesday,Weekday,October,4,234.39,1.3,0.3048,0.3048,0.0244,0.0366,0.1676,0.0762
22,2026-07-11,05:00,Saturday,Weekend,July,5,228.39,1.814,0.4142,0.4142,0.0331,0.0497,0.2278,0.1036
23,2026-10-04,09:00,Sunday,Weekend,October,9,229.07,3.684,0.8439,0.8439,0.3544,0.1688,0.1097,0.211
24,2026-06-10,07:00,Wednesday,Weekday,June,7,230.07,4.249,0.9776,0.9776,0.4106,0.1955,0.1271,0.2444
25,2026-11-10,13:00,Tuesday,Weekday,November,13,231.74,3.754,0.8698,0.8698,0.261,0.2957,0.1131,0.2001
26,2026-01-22,23:00,Thursday,Weekday,January,23,226.43,3.332,0.7544,0.7544,0.2565,0.2489,0.0981,0.1509
27,2026-09-10,02:00,Thursday,Weekday,September,2,222.22,1.139,0.2532,0.2532,0.0203,0.0304,0.1392,0.0633
28,2026-08-24,11:00,Monday,Weekday,August,11,230.54,4.531,1.0445,1.0445,0.3134,0.3551,0.1358,0.2402
29,2026-12-11,15:00,Friday,Weekday,December,15,232.91,2.301,0.5359,0.5359,0.1608,0.1822,0.0697,0.1232
30,2026-02-18,22:00,Wednesday,Weekday,February,22,229.22,10.389,2.3814,2.3814,0.8097,0.7859,0.3096,0.4763
31,2026-02-28,16:00,Saturday,Weekend,February,16,228.47,4.827,1.103,1.103,0.3309,0.375,0.1434,0.2537
32,2026-06-19,00:00,Friday,Weekday,June,0,229.58,1.132,0.26,0.26,0.0208,0.0312,0.143,0.065
33,2026-07-07,22:00,Tuesday,Weekday,July,22,233.99,3.729,0.8725,0.8725,0.2966,0.2879,0.1134,0.1745
34,2026-09-28,09:00,Monday,Weekday,September,9,228.34,3.577,0.8168,0.8168,0.343,0.1634,0.1062,0.2042
35,2026-07-09,22:00,Thursday,Weekday,July,22,231.43,4.307,0.9969,0.9969,0.3389,0.329,0.1296,0.1994
36,2026-06-24,09:00,Wednesday,Weekday,June,9,227.12,4.521,1.0268,1.0268,0.4312,0.2054,0.1335,0.2567
37,2026-02-20,20:00,Friday,Weekday,February,20,226.76,10.64,2.4128,2.4128,0.8203,0.7962,0.3137,0.4826
38,2026-12-30,23:00,Wednesday,Weekday,December,23,232.11,2.789,0.6474,0.6474,0.2201,0.2136,0.0842,0.1295
39,2026-02-24,01:00,Tuesday,Weekday,February,1,234.09,1.003,0.2347,0.2347,0.0188,0.0282,0.1291,0.0587
40,2026-09-01,08:00,Tuesday,Weekday,September,8,232.22,5.654,1.313,1.313,0.5515,0.2626,0.1707,0.3283
41,2026-11-16,21:00,Monday,Weekday,November,21,224.87,6.432,1.4464,1.4464,0.4918,0.4773,0.188,0.2893
42,2026-05-11,12:00,Monday,Weekday,May,12,228.95,3.292,0.7537,0.7537,0.2261,0.2563,0.098,0.1734
43,2026-11-03,15:00,Tuesday,Weekday,November,15,230.6,3.063,0.7062,0.7062,0.2119,0.2401,0.0918,0.1624
44,2026-05-15,17:00,Friday,Weekday,May,17,230.15,4.009,0.9227,0.9227,0.3137,0.3045,0.1199,0.1845
45,2026-01-21,18:00,Wednesday,Weekday,January,18,223.84,9.962,2.2299,2.2299,0.7582,0.7359,0.2899,0.446
46,2026-11-25,11:00,Wednesday,Weekday,November,11,226.76,4.584,1.0393,1.0393,0.3118,0.3534,0.1351,0.2391
47,2026-06-16,07:00,Tuesday,Weekday,June,7,228.0,6.24,1.4226,1.4226,0.5975,0.2845,0.1849,0.3557
48,2026-10-01,16:00,Thursday,Weekday,October,16,229.83,3.48,0.7998,0.7998,0.2399,0.2719,0.104,0.1839
49,2026-03-30,14:00,Monday,Weekday,March,14,225.16,3.406,0.767,0.767,0.2301,0.2608,0.0997,0.1764
50,2026-11-12,09:00,Thursday,Weekday,November,9,231.5,4.676,1.0825,1.0825,0.4546,0.2165,0.1407,0.2706
51,2026-01-14,14:00,Wednesday,Weekday,January,14,229.77,3.459,0.7947,0.7947,0.2384,0.2702,0.1033,0.1828
52,2026-08-30,14:00,Sunday,Weekend,August,14,227.39,4.305,0.979,0.979,0.2937,0.3328,0.1273,0.2252
53,2026-09-22,22:00,Tuesday,Weekday,September,22,230.48,4.532,1.0446,1.0446,0.3552,0.3447,0.1358,0.2089
54,2026-12-12,06:00,Saturday,Weekend,December,6,226.4,2.837,0.6422,0.6422,0.2697,0.1284,0.0835,0.1606
55,2026-02-22,12:00,Sunday,Weekend,February,12,229.87,5.618,1.2913,1.2913,0.3874,0.439,0.1679,0.297
56,2026-12-06,16:00,Sunday,Weekend,December,16,225.5,5.508,1.242,1.242,0.3726,0.4223,0.1615,0.2857
57,2026-04-02,08:00,Thursday,Weekday,April,8,225.86,5.69,1.2852,1.2852,0.5398,0.257,0.1671,0.3213
58,2026-09-21,07:00,Monday,Weekday,September,7,228.86,4.296,0.9832,0.9832,0.413,0.1966,0.1278,0.2458
59,2026-02-04,19:00,Wednesday,Weekday,February,19,227.8,8.916,2.031,2.031,0.6906,0.6702,0.264,0.4062
60,2026-07-25,20:00,Saturday,Weekend,July,20,230.21,13.5,3.1079,3.1079,1.0567,1.0256,0.404,0.6216
61,2026-03-22,17:00,Sunday,Weekend,March,17,227.91,7.175,1.6351,1.6351,0.5559,0.5396,0.2126,0.327
62,2026-02-19,12:00,Thursday,Weekday,February,12,235.25,5.392,1.2685,1.2685,0.3805,0.4313,0.1649,0.2918
63,2026-12-26,15:00,Saturday,Weekend,December,15,229.34,5.255,1.2052,1.2052,0.3616,0.4098,0.1567,0.2772
64,2026-01-02,08:00,Friday,Weekday,January,8,221.75,6.547,1.4518,1.4518,0.6098,0.2904,0.1887,0.363
65,2026-02-23,11:00,Monday,Weekday,February,11,224.91,4.744,1.067,1.067,0.3201,0.3628,0.1387,0.2454
66,2026-04-16,11:00,Thursday,Weekday,April,11,227.01,3.757,0.8528,0.8528,0.2558,0.29,0.1109,0.1961
67,2026-09-17,05:00,Thursday,Weekday,September,5,238.46,1.272,0.3034,0.3034,0.0243,0.0364,0.1669,0.0759
68,2026-11-06,18:00,Friday,Weekday,November,18,229.84,6.698,1.5396,1.5396,0.5234,0.5081,0.2001,0.3079
69,2026-07-10,06:00,Friday,Weekday,July,6,232.77,3.156,0.7347,0.7347,0.3086,0.1469,0.0955,0.1837
70,2026-08-06,02:00,Thursday,Weekday,August,2,232.52,1.389,0.3229,0.3229,0.0258,0.0387,0.1776,0.0807
71,2026-02-13,15:00,Friday,Weekday,February,15,226.83,3.83,0.8688,0.8688,0.2606,0.2954,0.1129,0.1998
72,2026-06-11,17:00,Thursday,Weekday,June,17,224.75,6.825,1.534,1.534,0.5216,0.5062,0.1994,0.3068
73,2026-07-21,15:00,Tuesday,Weekday,July,15,231.61,2.796,0.6476,0.6476,0.1943,0.2202,0.0842,0.149
74,2026-09-27,22:00,Sunday,Weekend,September,22,224.45,3.477,0.7804,0.7804,0.2653,0.2575,0.1014,0.1561
75,2026-12-17,06:00,Thursday,Weekday,December,6,232.44,3.149,0.732,0.732,0.3074,0.1464,0.0952,0.183
76,2026-10-31,03:00,Saturday,Weekend,October,3,229.71,0.641,0.1473,0.1473,0.0118,0.0177,0.081,0.0368
77,2026-09-28,07:00,Monday,Weekday,September,7,231.54,5.765,1.3348,1.3348,0.5606,0.267,0.1735,0.3337
78,2026-08-03,12:00,Monday,Weekday,August,12,230.76,5.926,1.3676,1.3676,0.4103,0.465,0.1778,0.3145
79,2026-09-09,12:00,Wednesday,Weekday,September,12,230.89,4.331,0.9999,0.9999,0.3,0.34,0.13,0.23
80,2026-07-09,16:00,Thursday,Weekday,July,16,230.26,4.783,1.1014,1.1014,0.3304,0.3745,0.1432,0.2533
81,2026-10-23,16:00,Friday,Weekday,October,16,230.7,3.453,0.7966,0.7966,0.239,0.2708,0.1036,0.1832
82,2026-08-01,04:00,Saturday,Weekend,August,4,230.12,1.582,0.3641,0.3641,0.0291,0.0437,0.2003,0.091
83,2026-07-27,05:00,Monday,Weekday,July,5,226.56,1.668,0.3779,0.3779,0.0302,0.0453,0.2078,0.0945
84,2026-08-25,18:00,Tuesday,Weekday,August,18,226.16,9.019,2.0398,2.0398,0.6935,0.6731,0.2652,0.408
85,2026-12-04,12:00,Friday,Weekday,December,12,235.42,5.848,1.3767,1.3767,0.413,0.4681,0.179,0.3166
86,2026-02-22,13:00,Sunday,Weekend,February,13,230.79,4.086,0.9431,0.9431,0.2829,0.3206,0.1226,0.2169
87,2026-10-07,21:00,Wednesday,Weekday,October,21,232.86,5.087,1.1845,1.1845,0.4027,0.3909,0.154,0.2369
88,2026-08-05,03:00,Wednesday,Weekday,August,3,227.54,1.459,0.332,0.332,0.0266,0.0398,0.1826,0.083
89,2026-09-09,06:00,Wednesday,Weekday,September,6,227.5,2.528,0.5751,0.5751,0.2415,0.115,0.0748,0.1438
90,2026-07-07,07:00,Tuesday,Weekday,July,7,226.99,6.258,1.4205,1.4205,0.5966,0.2841,0.1847,0.3551
91,2026-02-10,12:00,Tuesday,Weekday,February,12,226.67,5.683,1.2883,1.2883,0.3865,0.438,0.1675,0.2963
92,2026-06-06,05:00,Saturday,Weekend,June,5,225.94,1.184,0.2676,0.2676,0.0214,0.0321,0.1472,0.0669
93,2026-01-15,05:00,Thursday,Weekday,January,5,230.58,1.874,0.4321,0.4321,0.0346,0.0519,0.2377,0.108
94,2026-10-28,23:00,Wednesday,Weekday,October,23,229.11,1.899,0.4351,0.4351,0.1479,0.1436,0.0566,0.087
95,2026-03-06,20:00,Friday,Weekday,March,20,232.1,7.92,1.8383,1.8383,0.625,0.6066,0.239,0.3677
96,2026-12-11,02:00,Friday,Weekday,December,2,229.22,1.477,0.3385,0.3385,0.0271,0.0406,0.1862,0.0846
97,2026-11-23,02:00,Monday,Weekday,November,2,223.99,1.335,0.299,0.299,0.0239,0.0359,0.1644,0.0747
98,2026-01-09,12:00,Friday,Weekday,January,12,231.11,5.578,1.2891,1.2891,0.3867,0.4383,0.1676,0.2965
99,2026-12-10,21:00,Thursday,Weekday,December,21,224.86,8.465,1.9035,1.9035,0.6472,0.6282,0.2475,0.3807
100,2026-05-09,01:00,Saturday,Weekend,May,1,230.54,1.116,0.2574,0.2574,0.0206,0.0309,0.1415,0.0643
101,2026-05-16,15:00,Saturday,Weekend,May,15,228.07,3.143,0.7169,0.7169,0.2151,0.2438,0.0932,0.1649
102,2026-03-04,21:00,Wednesday,Weekday,March,21,230.58,5.109,1.178,1.178,0.4005,0.3887,0.1531,0.2356
103,2026-05-19,05:00,Tuesday,Weekday,May,5,226.39,1.035,0.2343,0.2343,0.0187,0.0281,0.1289,0.0586
104,2026-03-22,07:00,Sunday,Weekend,March,7,231.95,2.652,0.6152,0.6152,0.2584,0.123,0.08,0.1538
105,2026-06-12,22:00,Friday,Weekday,June,22,230.09,4.295,0.9882,0.9882,0.336,0.3261,0.1285,0.1976
106,2026-10-16,07:00,Friday,Weekday,October,7,229.14,3.95,0.905,0.905,0.3801,0.181,0.1176,0.2262
107,2026-09-18,05:00,Friday,Weekday,September,5,225.76,1.732,0.391,0.391,0.0313,0.0469,0.2151,0.0978
108,2026-08-19,13:00,Wednesday,Weekday,August,13,234.53,4.785,1.1222,1.1222,0.3367,0.3816,0.1459,0.2581
109,2026-02-10,02:00,Tuesday,Weekday,February,2,227.73,1.413,0.3219,0.3219,0.0258,0.0386,0.177,0.0805
110,2026-01-28,09:00,Wednesday,Weekday,January,9,230.66,5.311,1.2251,1.2251,0.5145,0.245,0.1593,0.3063
111,2026-05-15,02:00,Friday,Weekday,May,2,227.63,1.083,0.2465,0.2465,0.0197,0.0296,0.1356,0.0616
112,2026-07-20,11:00,Monday,Weekday,July,11,239.44,4.472,1.0709,1.0709,0.3213,0.3641,0.1392,0.2463
113,2026-11-24,16:00,Tuesday,Weekday,November,16,230.37,3.463,0.7978,0.7978,0.2393,0.2712,0.1037,0.1835
114,2026-09-25,04:00,Friday,Weekday,September,4,228.46,1.019,0.2328,0.2328,0.0186,0.0279,0.1281,0.0582
115,2026-02-02,19:00,Monday,Weekday,February,19,228.69,10.145,2.32,2.32,0.7888,0.7656,0.3016,0.464
116,2026-02-17,08:00,Tuesday,Weekday,February,8,230.68,7.019,1.6192,1.6192,0.6801,0.3238,0.2105,0.4048
117,2026-03-03,20:00,Tuesday,Weekday,March,20,230.3,9.106,2.097,2.097,0.713,0.692,0.2726,0.4194
118,2026-08-04,19:00,Tuesday,Weekday,August,19,228.21,7.437,1.6973,1.6973,0.5771,0.5601,0.2207,0.3395
119,2026-10-20,06:00,Tuesday,Weekday,October,6,231.1,2.003,0.4628,0.4628,0.1944,0.0926,0.0602,0.1157
120,2026-04-09,21:00,Thursday,Weekday,April,21,229.61,5.382,1.2358,1.2358,0.4202,0.4078,0.1606,0.2472
121,2026-06-21,03:00,Sunday,Weekend,June,3,229.94,1.138,0.2616,0.2616,0.0209,0.0314,0.1439,0.0654
122,2026-12-26,12:00,Saturday,Weekend,December,12,226.4,7.016,1.5883,1.5883,0.4765,0.54,0.2065,0.3653
123,2026-08-02,12:00,Sunday,Weekend,August,12,225.94,6.942,1.5685,1.5685,0.4705,0.5333,0.2039,0.3607
124,2026-02-04,09:00,Wednesday,Weekday,February,9,231.41,3.883,0.8985,0.8985,0.3774,0.1797,0.1168,0.2246
125,2026-08-15,17:00,Saturday,Weekend,August,17,230.67,7.479,1.7252,1.7252,0.5866,0.5693,0.2243,0.345
126,2026-04-11,16:00,Saturday,Weekend,April,16,233.24,4.333,1.0106,1.0106,0.3032,0.3436,0.1314,0.2324
127,2026-05-11,19:00,Monday,Weekday,May,19,227.99,6.893,1.5714,1.5714,0.5343,0.5186,0.2043,0.3143
128,2026-09-14,19:00,Monday,Weekday,September,19,226.98,8.023,1.8211,1.8211,0.6192,0.601,0.2367,0.3642
129,2026-01-05,12:00,Monday,Weekday,January,12,226.48,6.177,1.3989,1.3989,0.4197,0.4756,0.1819,0.3218
130,2026-08-06,16:00,Thursday,Weekday,August,16,229.9,4.782,1.0993,1.0993,0.3298,0.3738,0.1429,0.2528
131,2026-09-12,21:00,Saturday,Weekend,September,21,228.68,7.909,1.8085,1.8085,0.6149,0.5968,0.2351,0.3617
132,2026-12-25,03:00,Friday,Weekday,December,3,225.45,1.675,0.3776,0.3776,0.0302,0.0453,0.2077,0.0944
133,2026-10-10,00:00,Saturday,Weekend,October,0,232.67,1.019,0.2371,0.2371,0.019,0.0285,0.1304,0.0593
134,2026-07-26,00:00,Sunday,Weekend,July,0,228.22,1.685,0.3846,0.3846,0.0308,0.0461,0.2115,0.0961
135,2026-01-15,14:00,Thursday,Weekday,January,14,229.51,3.927,0.9014,0.9014,0.2704,0.3065,0.1172,0.2073
136,2026-12-12,12:00,Saturday,Weekend,December,12,230.86,6.661,1.5379,1.5379,0.4614,0.5229,0.1999,0.3537
137,2026-02-11,16:00,Wednesday,Weekday,February,16,229.98,4.596,1.0571,1.0571,0.3171,0.3594,0.1374,0.2431
138,2026-06-28,23:00,Sunday,Weekend,June,23,233.51,2.22,0.5184,0.5184,0.1763,0.1711,0.0674,0.1037
139,2026-03-04,07:00,Wednesday,Weekday,March,7,231.57,4.94,1.144,1.144,0.4805,0.2288,0.1487,0.286
140,2026-12-18,17:00,Friday,Weekday,December,17,229.63,5.836,1.3402,1.3402,0.4557,0.4423,0.1742,0.268
141,2026-08-19,12:00,Wednesday,Weekday,August,12,222.2,4.514,1.003,1.003,0.3009,0.341,0.1304,0.2307
142,2026-08-29,22:00,Saturday,Weekend,August,22,232.49,6.391,1.4859,1.4859,0.5052,0.4903,0.1932,0.2972
143,2026-02-21,13:00,Saturday,Weekend,February,13,227.05,4.746,1.0777,1.0777,0.3233,0.3664,0.1401,0.2479
144,2026-04-06,07:00,Monday,Weekday,April,7,232.13,4.803,1.1149,1.1149,0.4683,0.223,0.1449,0.2787
145,2026-08-10,07:00,Monday,Weekday,August,7,231.05,7.094,1.6391,1.6391,0.6884,0.3278,0.2131,0.4098
146,2026-08-19,14:00,Wednesday,Weekday,August,14,229.5,2.81,0.6448,0.6448,0.1934,0.2192,0.0838,0.1483
147,2026-08-25,12:00,Tuesday,Weekday,August,12,232.38,5.222,1.2135,1.2135,0.364,0.4126,0.1578,0.2791
148,2026-05-23,06:00,Saturday,Weekend,May,6,231.3,1.81,0.4186,0.4186,0.1758,0.0837,0.0544,0.1047
149,2026-06-20,04:00,Saturday,Weekend,June,4,230.82,1.576,0.3639,0.3639,0.0291,0.0437,0.2001,0.091
150,2026-01-29,16:00,Thursday,Weekday,January,16,225.71,3.868,0.8729,0.8729,0.2619,0.2968,0.1135,0.2008
151,2026-02-05,15:00,Thursday,Weekday,February,15,230.1,4.416,1.016,1.016,0.3048,0.3454,0.1321,0.2337
152,2026-01-13,22:00,Tuesday,Weekday,January,22,226.89,4.625,1.0494,1.0494,0.3568,0.3463,0.1364,0.2099
153,2026-06-09,01:00,Tuesday,Weekday,June,1,227.26,1.504,0.3419,0.3419,0.0273,0.041,0.188,0.0855
154,2026-11-23,21:00,Monday,Weekday,November,21,229.1,6.409,1.4684,1.4684,0.4992,0.4846,0.1909,0.2937
155,2026-07-06,17:00,Monday,Weekday,July,17,231.86,8.122,1.8832,1.8832,0.6403,0.6214,0.2448,0.3766
156,2026-08-31,16:00,Monday,Weekday,August,16,230.91,4.408,1.0179,1.0179,0.3054,0.3461,0.1323,0.2341
157,2026-03-27,06:00,Friday,Weekday,March,6,231.08,1.928,0.4454,0.4454,0.1871,0.0891,0.0579,0.1114
158,2026-10-11,12:00,Sunday,Weekend,October,12,231.93,3.295,0.7643,0.7643,0.2293,0.2599,0.0994,0.1758
159,2026-03-07,17:00,Saturday,Weekend,March,17,227.1,6.934,1.5747,1.5747,0.5354,0.5196,0.2047,0.3149
160,2026-06-19,13:00,Friday,Weekday,June,13,226.06,4.15,0.9382,0.9382,0.2815,0.319,0.122,0.2158
161,2026-02-14,17:00,Saturday,Weekend,February,17,223.0,9.434,2.1039,2.1039,0.7153,0.6943,0.2735,0.4208
162,2026-03-03,12:00,Tuesday,Weekday,March,12,230.58,4.276,0.9859,0.9859,0.2958,0.3352,0.1282,0.2268
163,2026-05-14,10:00,Thursday,Weekday,May,10,232.47,9.185,2.1351,2.1351,0.6405,0.7259,0.2776,0.4911
164,2026-10-11,20:00,Sunday,Weekend,October,20,231.52,9.141,2.1164,2.1164,0.7196,0.6984,0.2751,0.4233
165,2026-01-28,20:00,Wednesday,Weekday,January,20,227.61,10.403,2.3679,2.3679,0.8051,0.7814,0.3078,0.4736
166,2026-04-18,15:00,Saturday,Weekend,April,15,233.39,3.454,0.8061,0.8061,0.2418,0.2741,0.1048,0.1854
167,2026-02-13,22:00,Friday,Weekday,February,22,235.11,4.28,1.0063,1.0063,0.3422,0.3321,0.1308,0.2013
168,2026-12-06,16:00,Sunday,Weekend,December,16,231.52,4.469,1.0347,1.0347,0.3104,0.3518,0.1345,0.238
169,2026-10-13,07:00,Tuesday,Weekday,October,7,233.72,6.865,1.6046,1.6046,0.6739,0.3209,0.2086,0.4011
170,2026-11-27,18:00,Friday,Weekday,November,18,231.52,7.189,1.6645,1.6645,0.5659,0.5493,0.2164,0.3329
171,2026-05-08,19:00,Friday,Weekday,May,19,228.93,7.751,1.7743,1.7743,0.6033,0.5855,0.2307,0.3549
172,2026-12-14,14:00,Monday,Weekday,December,14,228.34,3.416,0.7801,0.7801,0.234,0.2652,0.1014,0.1794
173,2026-08-19,08:00,Wednesday,Weekday,August,8,225.39,20.825,4.6937,4.6937,1.9713,0.9387,0.6102,1.1734
174,2026-07-09,19:00,Thursday,Weekday,July,19,226.6,11.471,2.5993,2.5993,0.8837,0.8578,0.3379,0.5199
175,2026-08-13,09:00,Thursday,Weekday,August,9,229.41,10.56,2.4226,2.4226,1.0175,0.4845,0.3149,0.6056
176,2026-10-10,11:00,Saturday,Weekend,October,11,229.46,3.901,0.8951,0.8951,0.2685,0.3043,0.1164,0.2059
177,2026-05-01,20:00,Friday,Weekday,May,20,228.15,7.212,1.6454,1.6454,0.5594,0.543,0.2139,0.3291
178,2026-04-26,22:00,Sunday,Weekend,April,22,224.27,3.191,0.7157,0.7157,0.2433,0.2362,0.093,0.1431
179,2026-08-21,19:00,Friday,Weekday,August,19,230.87,10.864,2.5082,2.5082,0.8528,0.8277,0.3261,0.5016
180,2026-09-16,00:00,Wednesday,Weekday,September,0,232.24,1.939,0.4504,0.4504,0.036,0.054,0.2477,0.1126
181,2026-12-25,19:00,Friday,Weekday,December,19,229.51,9.203,2.1122,2.1122,0.7181,0.697,0.2746,0.4224
182,2026-07-17,08:00,Friday,Weekday,July,8,226.09,7.51,1.698,1.698,0.7132,0.3396,0.2207,0.4245
183,2026-05-17,21:00,Sunday,Weekend,May,21,230.92,6.151,1.4205,1.4205,0.483,0.4688,0.1847,0.2841
184,2026-11-14,14:00,Saturday,Weekend,November,14,230.06,5.014,1.1534,1.1534,0.346,0.3922,0.1499,0.2653
185,2026-06-14,00:00,Sunday,Weekend,June,0,231.19,1.915,0.4426,0.4426,0.0354,0.0531,0.2434,0.1107
186,2026-08-13,11:00,Thursday,Weekday,August,11,233.88,4.619,1.0804,1.0804,0.3241,0.3673,0.1404,0.2485
187,2026-11-03,02:00,Tuesday,Weekday,November,2,229.55,1.055,0.2422,0.2422,0.0194,0.0291,0.1332,0.0605
188,2026-08-22,10:00,Saturday,Weekend,August,10,230.45,5.602,1.291,1.291,0.3873,0.4389,0.1678,0.2969
189,2026-06-21,01:00,Sunday,Weekend,June,1,227.84,1.401,0.3192,0.3192,0.0255,0.0383,0.1755,0.0798
190,2026-06-01,15:00,Monday,Weekday,June,15,232.3,3.728,0.866,0.866,0.2598,0.2945,0.1126,0.1992
191,2026-11-11,08:00,Wednesday,Weekday,November,8,231.76,5.278,1.2232,1.2232,0.5137,0.2446,0.159,0.3058
192,2026-06-09,14:00,Tuesday,Weekday,June,14,230.54,3.264,0.7525,0.7525,0.2258,0.2559,0.0978,0.1731
193,2026-04-06,11:00,Monday,Weekday,April,11,227.37,4.318,0.9819,0.9819,0.2946,0.3338,0.1276,0.2258
194,2026-08-21,00:00,Friday,Weekday,August,0,228.29,1.966,0.4489,0.4489,0.0359,0.0539,0.2469,0.1122
195,2026-06-29,12:00,Monday,Weekday,June,12,225.42,4.085,0.921,0.921,0.2763,0.3131,0.1197,0.2118
196,2026-04-23,13:00,Thursday,Weekday,April,13,228.26,3.444,0.786,0.786,0.2358,0.2672,0.1022,0.1808
197,2026-11-14,07:00,Saturday,Weekend,November,7,231.77,2.915,0.6757,0.6757,0.2838,0.1351,0.0878,0.1689
198,2026-02-21,07:00,Saturday,Weekend,February,7,230.99,2.671,0.617,0.617,0.2592,0.1234,0.0802,0.1543
199,2026-09-25,11:00,Friday,Weekday,September,11,230.4,4.579,1.055,1.055,0.3165,0.3587,0.1372,0.2427
200,2026-10-22,00:00,Thursday,Weekday,October,0,233.71,2.738,0.6399,0.6399,0.0512,0.0768,0.3519,0.16
201,2026-04-23,10:00,Thursday,Weekday,April,10,230.76,2.981,0.6878,0.6878,0.2064,0.2339,0.0894,0.1582
202,2026-04-11,07:00,Saturday,Weekend,April,7,228.56,2.382,0.5445,0.5445,0.2287,0.1089,0.0708,0.1361
203,2026-04-23,09:00,Thursday,Weekday,April,9,228.25,3.56,0.8126,0.8126,0.3413,0.1625,0.1056,0.2032
204,2026-03-22,18:00,Sunday,Weekend,March,18,227.71,8.127,1.8506,1.8506,0.6292,0.6107,0.2406,0.3701
205,2026-07-06,10:00,Monday,Weekday,July,10,228.87,4.095,0.9371,0.9371,0.2811,0.3186,0.1218,0.2155
206,2026-04-23,06:00,Thursday,Weekday,April,6,232.38,2.396,0.5567,0.5567,0.2338,0.1113,0.0724,0.1392
207,2026-01-02,10:00,Friday,Weekday,January,10,231.05,4.499,1.0395,1.0395,0.3119,0.3534,0.1351,0.2391
208,2026-05-10,16:00,Sunday,Weekend,May,16,229.2,3.844,0.8811,0.8811,0.2643,0.2996,0.1145,0.2027
209,2026-08-08,00:00,Saturday,Weekend,August,0,229.3,3.39,0.7774,0.7774,0.0622,0.0933,0.4276,0.1944
210,2026-02-23,20:00,Monday,Weekday,February,20,229.07,9.265,2.1224,2.1224,0.7216,0.7004,0.2759,0.4245
211,2026-12-09,20:00,Wednesday,Weekday,December,20,230.33,9.544,2.1983,2.1983,0.7474,0.7254,0.2858,0.4397
212,2026-08-12,07:00,Wednesday,Weekday,August,7,224.95,7.885,1.7738,1.7738,0.745,0.3548,0.2306,0.4434
213,2026-08-13,22:00,Thursday,Weekday,August,22,229.57,4.013,0.9214,0.9214,0.3133,0.3041,0.1198,0.1843
214,2026-05-06,23:00,Wednesday,Weekday,May,23,230.23,2.454,0.5649,0.5649,0.1921,0.1864,0.0734,0.113
215,2026-05-10,05:00,Sunday,Weekend,May,5,231.37,1.151,0.2664,0.2664,0.0213,0.032,0.1465,0.0666
216,2026-02-22,21:00,Sunday,Weekend,February,21,227.52,7.91,1.7997,1.7997,0.6119,0.5939,0.234,0.3599
217,2026-06-21,17:00,Sunday,Weekend,June,17,230.27,7.432,1.7113,1.7113,0.5819,0.5647,0.2225,0.3423
218,2026-08-06,05:00,Thursday,Weekday,August,5,229.41,1.612,0.3699,0.3699,0.0296,0.0444,0.2034,0.0925
219,2026-06-09,04:00,Tuesday,Weekday,June,4,227.99,1.695,0.3864,0.3864,0.0309,0.0464,0.2125,0.0966
220,2026-07-17,12:00,Friday,Weekday,July,12,231.96,5.182,1.202,1.202,0.3606,0.4087,0.1563,0.2765
221,2026-09-04,18:00,Friday,Weekday,September,18,230.7,7.405,1.7083,1.7083,0.5808,0.5637,0.2221,0.3417
222,2026-11-20,21:00,Friday,Weekday,November,21,231.63,6.168,1.4288,1.4288,0.4858,0.4715,0.1857,0.2858
223,2026-07-22,07:00,Wednesday,Weekday,July,7,230.72,6.73,1.5526,1.5526,0.6521,0.3105,0.2018,0.3882
224,2026-07-03,08:00,Friday,Weekday,July,8,225.74,7.942,1.7928,1.7928,0.753,0.3586,0.2331,0.4482
225,2026-05-03,16:00,Sunday,Weekend,May,16,228.73,4.365,0.9984,0.9984,0.2995,0.3395,0.1298,0.2296
226,2026-09-12,02:00,Saturday,Weekend,September,2,232.8,1.098,0.2555,0.2555,0.0204,0.0307,0.1405,0.0639
227,2026-10-21,18:00,Wednesday,Weekday,October,18,230.89,6.217,1.4355,1.4355,0.4881,0.4737,0.1866,0.2871
228,2026-10-07,10:00,Wednesday,Weekday,October,10,230.14,2.519,0.5797,0.5797,0.1739,0.1971,0.0754,0.1333
229,2026-11-21,23:00,Saturday,Weekend,November,23,229.37,2.27,0.5206,0.5206,0.177,0.1718,0.0677,0.1041
230,2026-04-08,16:00,Wednesday,Weekday,April,16,233.17,2.855,0.6657,0.6657,0.1997,0.2263,0.0865,0.1531
231,2026-07-17,20:00,Friday,Weekday,July,20,225.53,11.7,2.6387,2.6387,0.8971,0.8708,0.343,0.5277
232,2026-08-28,18:00,Friday,Weekday,August,18,228.34,9.389,2.1439,2.1439,0.7289,0.7075,0.2787,0.4288
233,2026-05-24,01:00,Sunday,Weekend,May,1,229.83,1.05,0.2412,0.2412,0.0193,0.0289,0.1327,0.0603
234,2026-04-07,07:00,Tuesday,Weekday,April,7,226.87,3.898,0.8843,0.8843,0.3714,0.1769,0.115,0.2211
235,2026-07-20,18:00,Monday,Weekday,July,18,233.03,10.803,2.5174,2.5174,0.8559,0.8307,0.3273,0.5035
236,2026-05-04,06:00,Monday,Weekday,May,6,223.27,2.292,0.5118,0.5118,0.215,0.1024,0.0665,0.128
237,2026-07-06,16:00,Monday,Weekday,July,16,230.3,4.281,0.9859,0.9859,0.2958,0.3352,0.1282,0.2268
238,2026-11-22,05:00,Sunday,Weekend,November,5,231.32,1.657,0.3832,0.3832,0.0307,0.046,0.2108,0.0958
239,2026-12-15,18:00,Tuesday,Weekday,December,18,226.38,9.534,2.1585,2.1585,0.7339,0.7123,0.2806,0.4317
240,2026-09-16,23:00,Wednesday,Weekday,September,23,230.69,3.052,0.704,0.704,0.2394,0.2323,0.0915,0.1408
241,2026-05-28,05:00,Thursday,Weekday,May,5,229.44,1.029,0.2362,0.2362,0.0189,0.0283,0.1299,0.059
242,2026-09-09,01:00,Wednesday,Weekday,September,1,232.47,1.241,0.2885,0.2885,0.0231,0.0346,0.1587,0.0721
243,2026-12-12,05:00,Saturday,Weekend,December,5,238.78,1.978,0.4723,0.4723,0.0378,0.0567,0.2598,0.1181
244,2026-05-27,22:00,Wednesday,Weekday,May,22,230.85,3.579,0.8262,0.8262,0.2809,0.2726,0.1074,0.1652
245,2026-05-28,04:00,Thursday,Weekday,May,4,231.51,1.427,0.3305,0.3305,0.0264,0.0397,0.1818,0.0826
246,2026-12-18,18:00,Friday,Weekday,December,18,225.62,7.793,1.7583,1.7583,0.5978,0.5802,0.2286,0.3517
247,2026-07-18,19:00,Saturday,Weekend,July,19,230.36,17.187,3.9592,3.9592,1.3461,1.3065,0.5147,0.7918
248,2026-11-04,03:00,Wednesday,Weekday,November,3,229.07,1.339,0.3067,0.3067,0.0245,0.0368,0.1687,0.0767
249,2026-05-08,21:00,Friday,Weekday,May,21,231.95,4.3,0.9973,0.9973,0.3391,0.3291,0.1297,0.1995
250,2026-02-08,16:00,Sunday,Weekend,February,16,226.43,4.59,1.0393,1.0393,0.3118,0.3534,0.1351,0.239
251,2026-12-04,10:00,Friday,Weekday,December,10,227.32,3.838,0.8723,0.8723,0.2617,0.2966,0.1134,0.2006
252,2026-12-26,03:00,Saturday,Weekend,December,3,232.95,1.02,0.2376,0.2376,0.019,0.0285,0.1307,0.0594
253,2026-05-09,12:00,Saturday,Weekend,May,12,230.52,4.691,1.0814,1.0814,0.3244,0.3677,0.1406,0.2487
254,2026-09-24,19:00,Thursday,Weekday,September,19,233.28,9.486,2.2129,2.2129,0.7524,0.7302,0.2877,0.4426
255,2026-05-31,16:00,Sunday,Weekend,May,16,230.91,3.659,0.8449,0.8449,0.2535,0.2873,0.1098,0.1943
256,2026-10-25,08:00,Sunday,Weekend,October,8,231.27,2.81,0.6499,0.6499,0.273,0.13,0.0845,0.1625
257,2026-04-09,03:00,Thursday,Weekday,April,3,229.23,1.006,0.2306,0.2306,0.0184,0.0277,0.1268,0.0577
258,2026-09-20,22:00,Sunday,Weekend,September,22,229.52,4.208,0.9659,0.9659,0.3284,0.3187,0.1256,0.1932
259,2026-09-09,13:00,Wednesday,Weekday,September,13,232.41,2.874,0.668,0.668,0.2004,0.2271,0.0868,0.1536
260,2026-05-24,18:00,Sunday,Weekend,May,18,229.53,22.04,5.0587,5.0587,1.72,1.6694,0.6576,1.0117
261,2026-12-12,02:00,Saturday,Weekend,December,2,232.96,1.089,0.2537,0.2537,0.0203,0.0304,0.1396,0.0634
262,2026-04-22,13:00,Wednesday,Weekday,April,13,229.73,3.3,0.7581,0.7581,0.2274,0.2577,0.0986,0.1744
263,2026-03-01,07:00,Sunday,Weekend,March,7,227.05,2.813,0.6386,0.6386,0.2682,0.1277,0.083,0.1597
264,2026-01-02,23:00,Friday,Weekday,January,23,226.82,2.881,0.6534,0.6534,0.2222,0.2156,0.0849,0.1307
265,2026-10-31,00:00,Saturday,Weekend,October,0,229.57,1.225,0.2813,0.2813,0.0225,0.0338,0.1547,0.0703
266,2026-09-11,09:00,Friday,Weekday,September,9,232.29,4.662,1.0829,1.0829,0.4548,0.2166,0.1408,0.2707
267,2026-05-20,17:00,Wednesday,Weekday,May,17,228.34,5.007,1.1433,1.1433,0.3887,0.3773,0.1486,0.2287
268,2026-02-06,15:00,Friday,Weekday,February,15,231.83,4.196,0.9728,0.9728,0.2919,0.3308,0.1265,0.2238
269,2026-06-09,07:00,Tuesday,Weekday,June,7,230.25,5.687,1.3094,1.3094,0.5499,0.2619,0.1702,0.3273
270,2026-01-09,00:00,Friday,Weekday,January,0,231.52,1.347,0.3117,0.3117,0.0249,0.0374,0.1715,0.0779
271,2026-08-21,11:00,Friday,Weekday,August,11,229.28,5.002,1.1469,1.1469,0.3441,0.3899,0.1491,0.2638
272,2026-04-09,07:00,Thursday,Weekday,April,7,230.46,5.814,1.3399,1.3399,0.5628,0.268,0.1742,0.335
273,2026-05-27,23:00,Wednesday,Weekday,May,23,232.35,2.414,0.5608,0.5608,0.1907,0.1851,0.0729,0.1122
274,2026-10-31,15:00,Saturday,Weekend,October,15,229.96,1.847,0.4248,0.4248,0.1274,0.1444,0.0552,0.0977
275,2026-07-27,17:00,Monday,Weekday,July,17,228.02,7.453,1.6995,1.6995,0.5778,0.5608,0.2209,0.3399
276,2026-05-11,03:00,Monday,Weekday,May,3,225.46,1.078,0.2432,0.2432,0.0195,0.0292,0.1337,0.0608
277,2026-06-01,05:00,Monday,Weekday,June,5,231.35,1.32,0.3054,0.3054,0.0244,0.0366,0.168,0.0763
278,2026-02-23,11:00,Monday,Weekday,February,11,228.07,4.331,0.9877,0.9877,0.2963,0.3358,0.1284,0.2272
279,2026-04-30,08:00,Thursday,Weekday,April,8,228.7,5.551,1.2695,1.2695,0.5332,0.2539,0.165,0.3174
280,2026-06-10,14:00,Wednesday,Weekday,June,14,227.32,3.725,0.8467,0.8467,0.254,0.2879,0.1101,0.1948
281,2026-04-26,15:00,Sunday,Weekend,April,15,229.42,3.332,0.7645,0.7645,0.2294,0.2599,0.0994,0.1758
282,2026-03-16,23:00,Monday,Weekday,March,23,235.24,2.149,0.5055,0.5055,0.1719,0.1668,0.0657,0.1011
283,2026-04-23,11:00,Thursday,Weekday,April,11,230.88,3.512,0.8109,0.8109,0.2433,0.2757,0.1054,0.1865
284,2026-04-14,23:00,Tuesday,Weekday,April,23,228.39,1.819,0.4154,0.4154,0.1412,0.1371,0.054,0.0831
285,2026-12-06,22:00,Sunday,Weekend,December,22,228.86,3.718,0.8509,0.8509,0.2893,0.2808,0.1106,0.1702
286,2026-09-11,13:00,Friday,Weekday,September,13,226.4,2.702,0.6118,0.6118,0.1835,0.208,0.0795,0.1407
287,2026-08-15,12:00,Saturday,Weekend,August,12,224.74,6.884,1.5471,1.5471,0.4641,0.526,0.2011,0.3558
288,2026-04-22,01:00,Wednesday,Weekday,April,1,226.78,1.471,0.3336,0.3336,0.0267,0.04,0.1835,0.0834
289,2026-04-09,02:00,Thursday,Weekday,April,2,230.68,1.056,0.2436,0.2436,0.0195,0.0292,0.134,0.0609
290,2026-06-02,23:00,Tuesday,Weekday,June,23,231.12,2.335,0.5396,0.5396,0.1835,0.1781,0.0702,0.1079
291,2026-12-15,21:00,Tuesday,Weekday,December,21,230.19,6.278,1.4451,1.4451,0.4913,0.4769,0.1879,0.289
292,2026-12-04,09:00,Friday,Weekday,December,9,230.92,4.899,1.1313,1.1313,0.4751,0.2263,0.1471,0.2828
293,2026-07-13,08:00,Monday,Weekday,July,8,226.89,9.286,2.1068,2.1068,0.8849,0.4214,0.2739,0.5267
294,2026-11-06,19:00,Friday,Weekday,November,19,224.96,10.147,2.2827,2.2827,0.7761,0.7533,0.2967,0.4565
295,2026-06-12,07:00,Friday,Weekday,June,7,227.11,5.647,1.2826,1.2826,0.5387,0.2565,0.1667,0.3207
296,2026-07-27,09:00,Monday,Weekday,July,9,227.0,5.471,1.2419,1.2419,0.5216,0.2484,0.1614,0.3105
297,2026-06-18,18:00,Thursday,Weekday,June,18,230.36,7.918,1.8239,1.8239,0.6201,0.6019,0.2371,0.3648
298,2026-06-10,02:00,Wednesday,Weekday,June,2,235.03,1.221,0.2869,0.2869,0.023,0.0344,0.1578,0.0717
299,2026-03-09,23:00,Monday,Weekday,March,23,227.38,2.527,0.5746,0.5746,0.1954,0.1896,0.0747,0.1149
300,2026-10-16,04:00,Friday,Weekday,October,4,229.15,1.077,0.2469,0.2469,0.0197,0.0296,0.1358,0.0617
301,2026-10-04,02:00,Sunday,Weekend,October,2,230.51,0.947,0.2183,0.2183,0.0175,0.0262,0.1201,0.0546
302,2026-10-31,15:00,Saturday,Weekend,October,15,229.3,3.141,0.7202,0.7202,0.2161,0.2449,0.0936,0.1656
303,2026-05-15,16:00,Friday,Weekday,May,16,230.83,2.895,0.6682,0.6682,0.2005,0.2272,0.0869,0.1537
304,2026-07-14,14:00,Tuesday,Weekday,July,14,228.56,3.821,0.8734,0.8734,0.262,0.297,0.1135,0.2009
305,2026-05-08,02:00,Friday,Weekday,May,2,228.3,0.877,0.2003,0.2003,0.016,0.024,0.1102,0.0501
306,2026-02-02,11:00,Monday,Weekday,February,11,229.54,4.601,1.056,1.056,0.3168,0.3591,0.1373,0.2429
307,2026-06-25,08:00,Thursday,Weekday,June,8,228.42,7.886,1.8013,1.8013,0.7565,0.3603,0.2342,0.4503
308,2026-01-22,20:00,Thursday,Weekday,January,20,230.88,10.89,2.5143,2.5143,0.8549,0.8297,0.3269,0.5029
309,2026-08-26,11:00,Wednesday,Weekday,August,11,230.94,4.785,1.105,1.105,0.3315,0.3757,0.1436,0.2541
310,2026-06-07,14:00,Sunday,Weekend,June,14,229.37,3.918,0.8986,0.8986,0.2696,0.3055,0.1168,0.2067
311,2026-02-07,01:00,Saturday,Weekend,February,1,232.08,1.732,0.4019,0.4019,0.0322,0.0482,0.2211,0.1005
312,2026-08-18,22:00,Tuesday,Weekday,August,22,232.5,10.992,2.5556,2.5556,0.8689,0.8434,0.3322,0.5111
313,2026-12-31,17:00,Thursday,Weekday,December,17,229.24,5.479,1.256,1.256,0.427,0.4145,0.1633,0.2512
314,2026-02-20,19:00,Friday,Weekday,February,19,227.91,11.28,2.5708,2.5708,0.8741,0.8484,0.3342,0.5142
315,2026-09-21,11:00,Monday,Weekday,September,11,228.93,4.259,0.975,0.975,0.2925,0.3315,0.1267,0.2242
316,2026-10-10,22:00,Saturday,Weekend,October,22,232.05,3.153,0.7316,0.7316,0.2487,0.2414,0.0951,0.1463
317,2026-01-27,03:00,Tuesday,Weekday,January,3,230.19,1.454,0.3347,0.3347,0.0268,0.0402,0.1841,0.0837
318,2026-08-14,22:00,Friday,Weekday,August,22,226.49,5.65,1.2796,1.2796,0.4351,0.4223,0.1664,0.2559
319,2026-10-04,15:00,Sunday,Weekend,October,15,231.02,3.701,0.8549,0.8549,0.2565,0.2907,0.1111,0.1966
320,2026-10-13,22:00,Tuesday,Weekday,October,22,233.72,3.52,0.8226,0.8226,0.2797,0.2715,0.1069,0.1645
321,2026-04-07,15:00,Tuesday,Weekday,April,15,233.92,3.102,0.7257,0.7257,0.2177,0.2468,0.0943,0.1669
322,2026-10-11,00:00,Sunday,Weekend,October,0,228.8,1.283,0.2936,0.2936,0.0235,0.0352,0.1615,0.0734
323,2026-11-13,21:00,Friday,Weekday,November,21,228.15,7.265,1.6576,1.6576,0.5636,0.547,0.2155,0.3315
324,2026-10-31,01:00,Saturday,Weekend,October,1,234.74,1.166,0.2738,0.2738,0.0219,0.0329,0.1506,0.0685
325,2026-05-27,02:00,Wednesday,Weekday,May,2,233.92,1.014,0.2373,0.2373,0.019,0.0285,0.1305,0.0593
326,2026-01-04,20:00,Sunday,Weekend,January,20,230.36,14.724,3.3918,3.3918,1.1532,1.1193,0.4409,0.6784
327,2026-02-04,19:00,Wednesday,Weekday,February,19,223.73,8.363,1.8711,1.8711,0.6362,0.6175,0.2432,0.3742
328,2026-07-11,16:00,Saturday,Weekend,July,16,228.48,5.573,1.2734,1.2734,0.382,0.4329,0.1655,0.2929
329,2026-02-18,19:00,Wednesday,Weekday,February,19,225.46,12.776,2.8804,2.8804,0.9793,0.9505,0.3744,0.5761
330,2026-01-17,21:00,Saturday,Weekend,January,21,231.58,8.823,2.0432,2.0432,0.6947,0.6743,0.2656,0.4086
331,2026-06-21,20:00,Sunday,Weekend,June,20,225.31,11.606,2.615,2.615,0.8891,0.863,0.34,0.523
332,2026-08-08,00:00,Saturday,Weekend,August,0,234.51,1.145,0.2684,0.2684,0.0215,0.0322,0.1476,0.0671
333,2026-06-07,19:00,Sunday,Weekend,June,19,226.74,10.179,2.308,2.308,0.7847,0.7616,0.3,0.4616
334,2026-02-15,05:00,Sunday,Weekend,February,5,227.01,1.499,0.3402,0.3402,0.0272,0.0408,0.1871,0.085
335,2026-01-06,14:00,Tuesday,Weekday,January,14,232.47,3.952,0.9187,0.9187,0.2756,0.3123,0.1194,0.2113
336,2026-04-09,13:00,Thursday,Weekday,April,13,231.57,3.121,0.7227,0.7227,0.2168,0.2457,0.094,0.1662
337,2026-08-21,19:00,Friday,Weekday,August,19,224.3,10.873,2.4388,2.4388,0.8292,0.8048,0.317,0.4878
338,2026-02-06,14:00,Friday,Weekday,February,14,229.94,3.892,0.895,0.895,0.2685,0.3043,0.1163,0.2058
339,2026-10-07,13:00,Wednesday,Weekday,October,13,233.44,2.917,0.6809,0.6809,0.2043,0.2315,0.0885,0.1566
340,2026-12-15,20:00,Tuesday,Weekday,December,20,228.02,11.532,2.6295,2.6295,0.894,0.8677,0.3418,0.5259
341,2026-10-29,23:00,Thursday,Weekday,October,23,234.2,2.241,0.5249,0.5249,0.1785,0.1732,0.0682,0.105
342,2026-06-30,04:00,Tuesday,Weekday,June,4,228.14,1.33,0.3034,0.3034,0.0243,0.0364,0.1669,0.0758
343,2026-04-05,05:00,Sunday,Weekend,April,5,225.94,1.617,0.3653,0.3653,0.0292,0.0438,0.2009,0.0913
344,2026-04-09,16:00,Thursday,Weekday,April,16,230.11,4.116,0.9472,0.9472,0.2842,0.3221,0.1231,0.2179
345,2026-07-07,10:00,Tuesday,Weekday,July,10,226.35,3.213,0.7272,0.7272,0.2182,0.2472,0.0945,0.1673
346,2026-04-26,15:00,Sunday,Weekend,April,15,230.31,3.729,0.8589,0.8589,0.2577,0.292,0.1117,0.1975
347,2026-07-10,11:00,Friday,Weekday,July,11,229.32,6.558,1.504,1.504,0.4512,0.5113,0.1955,0.3459
348,2026-09-10,14:00,Thursday,Weekday,September,14,228.1,3.359,0.7662,0.7662,0.2298,0.2605,0.0996,0.1762
349,2026-06-10,22:00,Wednesday,Weekday,June,22,234.7,4.575,1.0738,1.0738,0.3651,0.3543,0.1396,0.2148
350,2026-09-13,03:00,Sunday,Weekend,September,3,229.99,1.039,0.239,0.239,0.0191,0.0287,0.1315,0.0598
351,2026-11-19,17:00,Thursday,Weekday,November,17,232.16,6.299,1.4624,1.4624,0.4972,0.4826,0.1901,0.2925
352,2026-05-08,20:00,Friday,Weekday,May,20,230.76,8.179,1.8874,1.8874,0.6417,0.6228,0.2454,0.3775
353,2026-01-18,02:00,Sunday,Weekend,January,2,234.4,1.244,0.2917,0.2917,0.0233,0.035,0.1604,0.0729
354,2026-10-08,21:00,Thursday,Weekday,October,21,226.98,5.951,1.3508,1.3508,0.4593,0.4458,0.1756,0.2702
355,2026-08-11,07:00,Tuesday,Weekday,August,7,225.61,4.512,1.0178,1.0178,0.4275,0.2036,0.1323,0.2545
356,2026-02-23,22:00,Monday,Weekday,February,22,234.31,4.153,0.9732,0.9732,0.3309,0.3211,0.1265,0.1946
357,2026-02-27,02:00,Friday,Weekday,February,2,231.45,1.291,0.2988,0.2988,0.0239,0.0359,0.1643,0.0747
358,2026-11-19,07:00,Thursday,Weekday,November,7,230.32,5.674,1.3069,1.3069,0.5489,0.2614,0.1699,0.3267
359,2026-12-26,17:00,Saturday,Weekend,December,17,226.87,6.781,1.5385,1.5385,0.5231,0.5077,0.2,0.3077
360,2026-06-23,09:00,Tuesday,Weekday,June,9,229.22,3.963,0.9084,0.9084,0.3815,0.1817,0.1181,0.2271
361,2026-10-07,19:00,Wednesday,Weekday,October,19,231.53,8.169,1.8914,1.8914,0.6431,0.6242,0.2459,0.3783
362,2026-04-24,16:00,Friday,Weekday,April,16,226.39,2.947,0.6673,0.6673,0.2002,0.2269,0.0867,0.1535
363,2026-10-15,07:00,Thursday,Weekday,October,7,231.19,3.501,0.8095,0.8095,0.34,0.1619,0.1052,0.2024
364,2026-12-08,22:00,Tuesday,Weekday,December,22,232.58,5.039,1.1719,1.1719,0.3985,0.3867,0.1524,0.2344
365,2026-05-31,10:00,Sunday,Weekend,May,10,231.86,2.682,0.6218,0.6218,0.1865,0.2114,0.0808,0.143
366,2026-05-07,04:00,Thursday,Weekday,May,4,229.82,1.067,0.2452,0.2452,0.0196,0.0294,0.1348,0.0613
367,2026-06-04,12:00,Thursday,Weekday,June,12,229.99,4.603,1.0586,1.0586,0.3176,0.3599,0.1376,0.2435
368,2026-09-30,20:00,Wednesday,Weekday,September,20,231.43,9.569,2.2145,2.2145,0.7529,0.7308,0.2879,0.4429
369,2026-04-14,22:00,Tuesday,Weekday,April,22,231.45,2.933,0.6789,0.6789,0.2308,0.224,0.0883,0.1358
370,2026-10-26,04:00,Monday,Weekday,October,4,234.39,1.556,0.3647,0.3647,0.0292,0.0438,0.2006,0.0912
371,2026-09-03,23:00,Thursday,Weekday,September,23,225.64,2.38,0.5371,0.5371,0.1826,0.1772,0.0698,0.1074
372,2026-06-25,12:00,Thursday,Weekday,June,12,232.27,4.909,1.1401,1.1401,0.342,0.3876,0.1482,0.2622
373,2026-02-08,05:00,Sunday,Weekend,February,5,227.97,1.628,0.3712,0.3712,0.0297,0.0445,0.2041,0.0928
374,2026-06-19,04:00,Friday,Weekday,June,4,229.82,1.28,0.2941,0.2941,0.0235,0.0353,0.1618,0.0735
375,2026-09-04,08:00,Friday,Weekday,September,8,233.44,5.13,1.1975,1.1975,0.5029,0.2395,0.1557,0.2994
376,2026-01-26,15:00,Monday,Weekday,January,15,227.49,3.77,0.8577,0.8577,0.2573,0.2916,0.1115,0.1973
377,2026-12-21,01:00,Monday,Weekday,December,1,235.29,1.22,0.287,0.287,0.023,0.0344,0.1579,0.0718
378,2026-11-02,00:00,Monday,Weekday,November,0,232.76,1.75,0.4074,0.4074,0.0326,0.0489,0.2241,0.1018
379,2026-01-13,07:00,Tuesday,Weekday,January,7,231.45,4.364,1.0101,1.0101,0.4243,0.202,0.1313,0.2525
380,2026-11-12,18:00,Thursday,Weekday,November,18,225.4,7.762,1.7496,1.7496,0.5949,0.5774,0.2274,0.3499
381,2026-11-09,10:00,Monday,Weekday,November,10,229.55,3.597,0.8256,0.8256,0.2477,0.2807,0.1073,0.1899
382,2026-02-05,11:00,Thursday,Weekday,February,11,229.1,3.934,0.9014,0.9014,0.2704,0.3065,0.1172,0.2073
383,2026-06-22,11:00,Monday,Weekday,June,11,226.92,4.514,1.0243,1.0243,0.3073,0.3483,0.1332,0.2356
384,2026-01-20,06:00,Tuesday,Weekday,January,6,232.73,3.342,0.7778,0.7778,0.3267,0.1556,0.1011,0.1944
385,2026-11-17,12:00,Tuesday,Weekday,November,12,228.99,5.259,1.2043,1.2043,0.3613,0.4095,0.1566,0.277
386,2026-09-21,07:00,Monday,Weekday,September,7,229.56,4.008,0.9202,0.9202,0.3865,0.184,0.1196,0.23
387,2026-05-22,21:00,Friday,Weekday,May,21,227.21,8.066,1.8327,1.8327,0.6231,0.6048,0.2382,0.3665
388,2026-05-23,08:00,Saturday,Weekend,May,8,229.46,2.169,0.4977,0.4977,0.209,0.0995,0.0647,0.1244
389,2026-04-02,06:00,Thursday,Weekday,April,6,231.33,2.464,0.57,0.57,0.2394,0.114,0.0741,0.1425
390,2026-12-20,20:00,Sunday,Weekend,December,20,227.1,10.522,2.3895,2.3895,0.8124,0.7885,0.3106,0.4779
391,2026-11-18,23:00,Wednesday,Weekday,November,23,232.55,2.97,0.6906,0.6906,0.2348,0.2279,0.0898,0.1381
392,2026-10-15,14:00,Thursday,Weekday,October,14,228.51,2.726,0.623,0.623,0.1869,0.2118,0.081,0.1433
393,2026-08-03,01:00,Monday,Weekday,August,1,229.93,1.56,0.3587,0.3587,0.0287,0.043,0.1973,0.0897
394,2026-12-08,22:00,Tuesday,Weekday,December,22,226.73,5.207,1.1807,1.1807,0.4014,0.3896,0.1535,0.2361
395,2026-02-20,19:00,Friday,Weekday,February,19,230.16,10.568,2.4322,2.4322,0.827,0.8026,0.3162,0.4864
396,2026-06-02,11:00,Tuesday,Weekday,June,11,233.31,3.745,0.8739,0.8739,0.2622,0.2971,0.1136,0.201
397,2026-07-05,00:00,Sunday,Weekend,July,0,231.79,1.357,0.3145,0.3145,0.0252,0.0377,0.173,0.0786
398,2026-03-04,22:00,Wednesday,Weekday,March,22,230.43,4.049,0.933,0.933,0.3172,0.3079,0.1213,0.1866
399,2026-07-09,21:00,Thursday,Weekday,July,21,227.64,9.58,2.1808,2.1808,0.7415,0.7197,0.2835,0.4362
400,2026-05-05,07:00,Tuesday,Weekday,May,7,226.09,5.001,1.1306,1.1306,0.4749,0.2261,0.147,0.2827
401,2026-05-30,04:00,Saturday,Weekend,May,4,226.61,1.225,0.2777,0.2777,0.0222,0.0333,0.1527,0.0694
402,2026-11-10,14:00,Tuesday,Weekday,November,14,231.88,2.225,0.516,0.516,0.1548,0.1754,0.0671,0.1187
403,2026-02-27,00:00,Friday,Weekday,February,0,229.55,1.74,0.3993,0.3993,0.0319,0.0479,0.2196,0.0998
404,2026-12-08,00:00,Tuesday,Weekday,December,0,226.6,2.043,0.4629,0.4629,0.037,0.0555,0.2546,0.1157
405,2026-11-01,09:00,Sunday,Weekend,November,9,226.49,4.028,0.9124,0.9124,0.3832,0.1825,0.1186,0.2281
406,2026-06-29,21:00,Monday,Weekday,June,21,231.59,5.613,1.2998,1.2998,0.4419,0.4289,0.169,0.26
407,2026-06-19,09:00,Friday,Weekday,June,9,232.18,3.664,0.8507,0.8507,0.3573,0.1701,0.1106,0.2127
408,2026-11-22,20:00,Sunday,Weekend,November,20,223.21,11.935,2.6639,2.6639,0.9057,0.8791,0.3463,0.5328
409,2026-09-28,14:00,Monday,Weekday,September,14,230.38,3.085,0.7108,0.7108,0.2132,0.2417,0.0924,0.1635
410,2026-02-23,16:00,Monday,Weekday,February,16,230.97,4.486,1.036,1.036,0.3108,0.3523,0.1347,0.2383
411,2026-04-11,21:00,Saturday,Weekend,April,21,228.54,6.231,1.4241,1.4241,0.4842,0.47,0.1851,0.2848
412,2026-09-21,05:00,Monday,Weekday,September,5,233.1,1.413,0.3294,0.3294,0.0264,0.0395,0.1812,0.0824
413,2026-02-22,02:00,Sunday,Weekend,February,2,229.14,1.109,0.2541,0.2541,0.0203,0.0305,0.1397,0.0635
414,2026-03-01,12:00,Sunday,Weekend,March,12,225.71,5.932,1.3389,1.3389,0.4017,0.4552,0.1741,0.3079
415,2026-04-18,15:00,Saturday,Weekend,April,15,229.51,3.647,0.8369,0.8369,0.2511,0.2846,0.1088,0.1925
416,2026-01-05,07:00,Monday,Weekday,January,7,233.42,5.476,1.2783,1.2783,0.5369,0.2557,0.1662,0.3196
417,2026-04-13,14:00,Monday,Weekday,April,14,229.14,3.505,0.8031,0.8031,0.2409,0.2731,0.1044,0.1847
418,2026-07-15,16:00,Wednesday,Weekday,July,16,227.38,3.35,0.7616,0.7616,0.2285,0.259,0.099,0.1752
419,2026-09-19,16:00,Saturday,Weekend,September,16,231.57,7.534,1.7446,1.7446,0.5234,0.5931,0.2268,0.4012
420,2026-12-31,21:00,Thursday,Weekday,December,21,229.15,7.342,1.6824,1.6824,0.572,0.5552,0.2187,0.3365
421,2026-12-16,12:00,Wednesday,Weekday,December,12,229.99,6.468,1.4877,1.4877,0.4463,0.5058,0.1934,0.3422
422,2026-02-16,16:00,Monday,Weekday,February,16,231.19,4.508,1.0422,1.0422,0.3126,0.3543,0.1355,0.2397
423,2026-12-21,05:00,Monday,Weekday,December,5,228.27,1.538,0.3511,0.3511,0.0281,0.0421,0.1931,0.0878
424,2026-11-07,16:00,Saturday,Weekend,November,16,228.5,4.245,0.97,0.97,0.291,0.3298,0.1261,0.2231
425,2026-11-04,15:00,Wednesday,Weekday,November,15,231.82,4.204,0.9745,0.9745,0.2924,0.3313,0.1267,0.2241
426,2026-05-24,13:00,Sunday,Weekend,May,13,227.58,3.575,0.8136,0.8136,0.2441,0.2766,0.1058,0.1871
427,2026-09-26,12:00,Saturday,Weekend,September,12,234.04,4.123,0.965,0.965,0.2895,0.3281,0.1255,0.222
428,2026-05-04,05:00,Monday,Weekday,May,5,233.07,1.21,0.282,0.282,0.0226,0.0338,0.1551,0.0705
429,2026-04-16,02:00,Thursday,Weekday,April,2,227.14,1.268,0.288,0.288,0.023,0.0346,0.1584,0.072
430,2026-06-07,13:00,Sunday,Weekend,June,13,233.69,5.007,1.1701,1.1701,0.351,0.3978,0.1521,0.2691
431,2026-05-27,13:00,Wednesday,Weekday,May,13,230.38,3.418,0.7875,0.7875,0.2363,0.2678,0.1024,0.1811
432,2026-05-25,14:00,Monday,Weekday,May,14,233.46,3.204,0.748,0.748,0.2244,0.2543,0.0972,0.172
433,2026-04-30,07:00,Thursday,Weekday,April,7,230.33,3.37,0.7762,0.7762,0.326,0.1552,0.1009,0.194
434,2026-11-15,14:00,Sunday,Weekend,November,14,229.56,3.452,0.7924,0.7924,0.2377,0.2694,0.103,0.1822
435,2026-10-02,21:00,Friday,Weekday,October,21,226.92,6.694,1.5191,1.5191,0.5165,0.5013,0.1975,0.3038
436,2026-04-02,12:00,Thursday,Weekday,April,12,223.88,3.381,0.7569,0.7569,0.2271,0.2574,0.0984,0.1741
437,2026-02-27,16:00,Friday,Weekday,February,16,232.32,3.508,0.8151,0.8151,0.2445,0.2771,0.106,0.1875
438,2026-12-12,20:00,Saturday,Weekend,December,20,227.41,40.435,9.1955,9.1955,3.1265,3.0345,1.1954,1.8391
439,2026-08-17,23:00,Monday,Weekday,August,23,232.4,2.503,0.5817,0.5817,0.1978,0.192,0.0756,0.1163
440,2026-04-27,02:00,Monday,Weekday,April,2,234.18,1.099,0.2573,0.2573,0.0206,0.0309,0.1415,0.0643
441,2026-11-14,05:00,Saturday,Weekend,November,5,228.56,1.664,0.3803,0.3803,0.0304,0.0456,0.2092,0.0951
442,2026-10-06,04:00,Tuesday,Weekday,October,4,228.41,1.267,0.2894,0.2894,0.0231,0.0347,0.1592,0.0723
443,2026-05-07,21:00,Thursday,Weekday,May,21,232.52,4.43,1.0302,1.0302,0.3503,0.34,0.1339,0.206
444,2026-05-09,16:00,Saturday,Weekend,May,16,228.83,3.577,0.8184,0.8184,0.2455,0.2783,0.1064,0.1882
445,2026-02-27,22:00,Friday,Weekday,February,22,233.29,3.903,0.9106,0.9106,0.3096,0.3005,0.1184,0.1821
446,2026-05-02,01:00,Saturday,Weekend,May,1,228.27,1.074,0.2452,0.2452,0.0196,0.0294,0.1349,0.0613
447,2026-01-01,14:00,Thursday,Weekday,January,14,233.6,3.382,0.79,0.79,0.237,0.2686,0.1027,0.1817
448,2026-08-27,04:00,Thursday,Weekday,August,4,229.24,1.786,0.4093,0.4093,0.0327,0.0491,0.2251,0.1023
449,2026-10-17,19:00,Saturday,Weekend,October,19,230.53,9.233,2.1284,2.1284,0.7237,0.7024,0.2767,0.4257
450,2026-04-06,05:00,Monday,Weekday,April,5,232.46,0.855,0.1986,0.1986,0.0159,0.0238,0.1093,0.0497
451,2026-05-06,05:00,Wednesday,Weekday,May,5,231.28,1.069,0.2474,0.2474,0.0198,0.0297,0.136,0.0618
452,2026-04-28,17:00,Tuesday,Weekday,April,17,232.68,4.872,1.1336,1.1336,0.3854,0.3741,0.1474,0.2267
453,2026-02-17,17:00,Tuesday,Weekday,February,17,224.54,8.872,1.992,1.992,0.6773,0.6574,0.259,0.3984
454,2026-03-30,03:00,Monday,Weekday,March,3,228.98,2.25,0.5152,0.5152,0.0412,0.0618,0.2834,0.1288
455,2026-08-25,16:00,Tuesday,Weekday,August,16,230.16,3.684,0.848,0.848,0.2544,0.2883,0.1102,0.195
456,2026-09-29,13:00,Tuesday,Weekday,September,13,228.09,3.894,0.8881,0.8881,0.2664,0.3019,0.1154,0.2043
457,2026-07-08,13:00,Wednesday,Weekday,July,13,232.43,4.084,0.9493,0.9493,0.2848,0.3228,0.1234,0.2183
458,2026-07-11,12:00,Saturday,Weekend,July,12,228.72,6.53,1.4936,1.4936,0.4481,0.5078,0.1942,0.3435
459,2026-03-10,06:00,Tuesday,Weekday,March,6,228.09,2.571,0.5865,0.5865,0.2463,0.1173,0.0762,0.1466
460,2026-10-05,11:00,Monday,Weekday,October,11,232.35,3.049,0.7085,0.7085,0.2126,0.2409,0.0921,0.163
461,2026-12-15,22:00,Tuesday,Weekday,December,22,227.39,3.705,0.8425,0.8425,0.2864,0.278,0.1095,0.1685
462,2026-09-04,14:00,Friday,Weekday,September,14,227.51,2.614,0.5947,0.5947,0.1784,0.2022,0.0773,0.1368
463,2026-03-17,18:00,Tuesday,Weekday,March,18,228.33,7.936,1.812,1.812,0.6161,0.598,0.2356,0.3624
464,2026-06-03,10:00,Wednesday,Weekday,June,10,233.36,3.141,0.7329,0.7329,0.2199,0.2492,0.0953,0.1686
465,2026-05-24,14:00,Sunday,Weekend,May,14,230.4,2.811,0.6476,0.6476,0.1943,0.2202,0.0842,0.149
466,2026-03-27,11:00,Friday,Weekday,March,11,225.96,4.344,0.9815,0.9815,0.2944,0.3337,0.1276,0.2257
467,2026-07-04,02:00,Saturday,Weekend,July,2,231.71,1.484,0.3439,0.3439,0.0275,0.0413,0.1891,0.086
468,2026-10-12,16:00,Monday,Weekday,October,16,228.52,4.109,0.9389,0.9389,0.2817,0.3192,0.1221,0.216
469,2026-08-08,02:00,Saturday,Weekend,August,2,232.8,1.427,0.3323,0.3323,0.0266,0.0399,0.1828,0.0831
470,2026-03-10,18:00,Tuesday,Weekday,March,18,229.05,6.436,1.4742,1.4742,0.5012,0.4865,0.1916,0.2948
471,2026-02-16,19:00,Monday,Weekday,February,19,232.55,9.31,2.1651,2.1651,0.7361,0.7145,0.2815,0.433
472,2026-04-04,03:00,Saturday,Weekend,April,3,228.96,0.891,0.2039,0.2039,0.0163,0.0245,0.1122,0.051
473,2026-08-26,02:00,Wednesday,Weekday,August,2,228.28,1.21,0.2763,0.2763,0.0221,0.0332,0.152,0.0691
474,2026-07-23,15:00,Thursday,Weekday,July,15,225.21,3.553,0.8001,0.8001,0.24,0.272,0.104,0.184
475,2026-08-06,11:00,Thursday,Weekday,August,11,228.35,5.325,1.216,1.216,0.3648,0.4135,0.1581,0.2797
476,2026-12-07,07:00,Monday,Weekday,December,7,230.44,5.655,1.3031,1.3031,0.5473,0.2606,0.1694,0.3258
477,2026-02-08,23:00,Sunday,Weekend,February,23,230.25,2.373,0.5463,0.5463,0.1857,0.1803,0.071,0.1093
478,2026-04-10,16:00,Friday,Weekday,April,16,231.53,2.641,0.6115,0.6115,0.1834,0.2079,0.0795,0.1406
479,2026-10-16,06:00,Friday,Weekday,October,6,233.11,2.311,0.5386,0.5386,0.2262,0.1077,0.07,0.1347
480,2026-09-11,10:00,Friday,Weekday,September,10,230.07,2.606,0.5995,0.5995,0.1799,0.2038,0.0779,0.1379
481,2026-08-10,17:00,Monday,Weekday,August,17,229.12,7.57,1.7343,1.7343,0.5897,0.5723,0.2255,0.3469
482,2026-12-23,00:00,Wednesday,Weekday,December,0,232.78,1.699,0.3955,0.3955,0.0316,0.0475,0.2175,0.0989
483,2026-01-23,02:00,Friday,Weekday,January,2,230.58,1.27,0.2928,0.2928,0.0234,0.0351,0.161,0.0732
484,2026-09-07,03:00,Monday,Weekday,September,3,227.69,1.042,0.2373,0.2373,0.019,0.0285,0.1305,0.0593
485,2026-01-10,12:00,Saturday,Weekend,January,12,225.7,7.333,1.6551,1.6551,0.4965,0.5627,0.2152,0.3807
486,2026-09-03,05:00,Thursday,Weekday,September,5,224.68,1.293,0.2906,0.2906,0.0232,0.0349,0.1598,0.0727
487,2026-11-21,13:00,Saturday,Weekend,November,13,227.66,4.939,1.1244,1.1244,0.3373,0.3823,0.1462,0.2586
488,2026-04-10,04:00,Friday,Weekday,April,4,225.77,1.308,0.2954,0.2954,0.0236,0.0354,0.1625,0.0738
489,2026-10-17,15:00,Saturday,Weekend,October,15,230.88,3.595,0.8301,0.8301,0.249,0.2822,0.1079,0.1909
490,2026-06-29,14:00,Monday,Weekday,June,14,233.03,3.348,0.7801,0.7801,0.234,0.2652,0.1014,0.1794
491,2026-08-11,14:00,Tuesday,Weekday,August,14,227.65,2.864,0.6519,0.6519,0.1956,0.2216,0.0847,0.1499
492,2026-09-07,03:00,Monday,Weekday,September,3,227.74,1.275,0.2903,0.2903,0.0232,0.0348,0.1597,0.0726
493,2026-05-27,07:00,Wednesday,Weekday,May,7,232.36,5.549,1.2895,1.2895,0.5416,0.2579,0.1676,0.3224
494,2026-04-06,15:00,Monday,Weekday,April,15,228.87,2.648,0.6061,0.6061,0.1818,0.2061,0.0788,0.1394
495,2026-09-14,15:00,Monday,Weekday,September,15,230.64,2.516,0.5803,0.5803,0.1741,0.1973,0.0754,0.1335
496,2026-11-21,03:00,Saturday,Weekend,November,3,231.86,0.999,0.2315,0.2315,0.0185,0.0278,0.1273,0.0579
497,2026-01-04,12:00,Sunday,Weekend,January,12,226.03,7.467,1.6877,1.6877,0.5063,0.5738,0.2194,0.3882
498,2026-01-16,12:00,Friday,Weekday,January,12,228.28,4.362,0.9957,0.9957,0.2987,0.3385,0.1294,0.229
499,2026-10-07,01:00,Wednesday,Weekday,October,1,228.73,0.805,0.1842,0.1842,0.0147,0.0221,0.1013,0.0461
500,2026-12-02,02:00,Wednesday,Weekday,December,2,226.12,1.552,0.3508,0.3508,0.0281,0.0421,0.193,0.0877
501,2026-09-04,21:00,Friday,Weekday,September,21,231.22,5.886,1.361,1.361,0.4627,0.4491,0.1769,0.2722
502,2026-09-15,07:00,Tuesday,Weekday,September,7,231.5,5.502,1.2736,1.2736,0.5349,0.2547,0.1656,0.3184
503,2026-06-09,23:00,Tuesday,Weekday,June,23,230.2,2.999,0.6905,0.6905,0.2348,0.2279,0.0898,0.1381
504,2026-12-06,14:00,Sunday,Weekend,December,14,233.4,4.241,0.99,0.99,0.297,0.3366,0.1287,0.2277
505,2026-06-01,10:00,Monday,Weekday,June,10,229.35,3.702,0.8491,0.8491,0.2547,0.2887,0.1104,0.1953
506,2026-06-27,08:00,Saturday,Weekend,June,8,231.54,4.068,0.9419,0.9419,0.3956,0.1884,0.1225,0.2355
507,2026-06-12,06:00,Friday,Weekday,June,6,231.21,2.693,0.6227,0.6227,0.2616,0.1245,0.081,0.1557
508,2026-02-02,12:00,Monday,Weekday,February,12,228.0,4.479,1.0213,1.0213,0.3064,0.3473,0.1328,0.2349
509,2026-06-28,01:00,Sunday,Weekend,June,1,232.89,1.482,0.3452,0.3452,0.0276,0.0414,0.1899,0.0863
510,2026-04-11,07:00,Saturday,Weekend,April,7,230.32,2.264,0.5213,0.5213,0.219,0.1043,0.0678,0.1303
511,2026-09-25,06:00,Friday,Weekday,September,6,232.44,5.328,1.2385,1.2385,0.5202,0.2477,0.161,0.3096
512,2026-11-19,23:00,Thursday,Weekday,November,23,226.75,2.791,0.6328,0.6328,0.2151,0.2088,0.0823,0.1266
513,2026-03-06,11:00,Friday,Weekday,March,11,230.27,4.172,0.9607,0.9607,0.2882,0.3267,0.1249,0.221
514,2026-06-17,18:00,Wednesday,Weekday,June,18,227.7,11.119,2.5319,2.5319,0.8609,0.8355,0.3292,0.5064
515,2026-11-26,06:00,Thursday,Weekday,November,6,227.87,2.735,0.6232,0.6232,0.2617,0.1246,0.081,0.1558
516,2026-02-12,09:00,Thursday,Weekday,February,9,233.52,4.232,0.9883,0.9883,0.4151,0.1977,0.1285,0.2471
517,2026-02-13,15:00,Friday,Weekday,February,15,230.49,3.614,0.8329,0.8329,0.2499,0.2832,0.1083,0.1916
518,2026-10-12,02:00,Monday,Weekday,October,2,226.31,1.248,0.2825,0.2825,0.0226,0.0339,0.1554,0.0706
519,2026-01-12,09:00,Monday,Weekday,January,9,228.76,5.771,1.32,1.32,0.5544,0.264,0.1716,0.33
520,2026-04-05,05:00,Sunday,Weekend,April,5,232.35,1.216,0.2825,0.2825,0.0226,0.0339,0.1554,0.0706
521,2026-10-29,17:00,Thursday,Weekday,October,17,227.87,5.178,1.18,1.18,0.4012,0.3894,0.1534,0.236
522,2026-09-10,17:00,Thursday,Weekday,September,17,227.61,4.93,1.1221,1.1221,0.3815,0.3703,0.1459,0.2244
523,2026-08-30,04:00,Sunday,Weekend,August,4,229.63,1.386,0.3182,0.3182,0.0255,0.0382,0.175,0.0796
524,2026-02-04,20:00,Wednesday,Weekday,February,20,229.58,11.715,2.6896,2.6896,0.9145,0.8876,0.3496,0.5379
525,2026-08-03,06:00,Monday,Weekday,August,6,228.18,3.594,0.82,0.82,0.3444,0.164,0.1066,0.205
526,2026-12-03,01:00,Thursday,Weekday,December,1,230.98,1.539,0.3555,0.3555,0.0284,0.0427,0.1955,0.0889
527,2026-03-31,10:00,Tuesday,Weekday,March,10,230.09,3.33,0.7663,0.7663,0.2299,0.2605,0.0996,0.1762
528,2026-09-21,12:00,Monday,Weekday,September,12,230.39,4.012,0.9244,0.9244,0.2773,0.3143,0.1202,0.2126
529,2026-04-03,22:00,Friday,Weekday,April,22,223.99,5.316,1.1906,1.1906,0.4048,0.3929,0.1548,0.2381
530,2026-03-31,04:00,Tuesday,Weekday,March,4,230.04,1.225,0.2818,0.2818,0.0225,0.0338,0.155,0.0705
531,2026-04-25,05:00,Saturday,Weekend,April,5,229.37,1.269,0.2912,0.2912,0.0233,0.0349,0.1601,0.0728
532,2026-04-15,23:00,Wednesday,Weekday,April,23,230.98,2.452,0.5664,0.5664,0.1926,0.1869,0.0736,0.1133
533,2026-07-15,13:00,Wednesday,Weekday,July,13,228.37,11.128,2.5412,2.5412,0.7623,0.864,0.3304,0.5845
534,2026-11-10,11:00,Tuesday,Weekday,November,11,229.07,5.018,1.1494,1.1494,0.3448,0.3908,0.1494,0.2644
535,2026-04-24,03:00,Friday,Weekday,April,3,231.33,1.45,0.3355,0.3355,0.0268,0.0403,0.1845,0.0839
536,2026-03-16,22:00,Monday,Weekday,March,22,233.61,4.335,1.0128,1.0128,0.3444,0.3342,0.1317,0.2026
537,2026-08-05,05:00,Wednesday,Weekday,August,5,226.69,1.72,0.3898,0.3898,0.0312,0.0468,0.2144,0.0975
538,2026-10-04,09:00,Sunday,Weekend,October,9,231.28,3.795,0.8777,0.8777,0.3686,0.1755,0.1141,0.2194
539,2026-09-06,17:00,Sunday,Weekend,September,17,233.05,5.968,1.3909,1.3909,0.4729,0.459,0.1808,0.2782
540,2026-06-13,14:00,Saturday,Weekend,June,14,231.74,3.918,0.9078,0.9078,0.2723,0.3087,0.118,0.2088
541,2026-12-23,07:00,Wednesday,Weekday,December,7,232.8,6.585,1.533,1.533,0.6439,0.3066,0.1993,0.3833
542,2026-07-11,08:00,Saturday,Weekend,July,8,228.64,4.136,0.9457,0.9457,0.3972,0.1891,0.1229,0.2364
543,2026-08-15,04:00,Saturday,Weekend,August,4,233.09,1.425,0.3322,0.3322,0.0266,0.0399,0.1827,0.0831
544,2026-06-26,09:00,Friday,Weekday,June,9,228.19,5.236,1.1948,1.1948,0.5018,0.239,0.1553,0.2987
545,2026-04-09,19:00,Thursday,Weekday,April,19,227.42,7.275,1.6545,1.6545,0.5625,0.546,0.2151,0.3309
546,2026-02-05,05:00,Thursday,Weekday,February,5,228.74,1.35,0.3087,0.3087,0.0247,0.037,0.1698,0.0772
547,2026-04-06,15:00,Monday,Weekday,April,15,228.84,2.557,0.5852,0.5852,0.1756,0.199,0.0761,0.1346
548,2026-06-01,23:00,Monday,Weekday,June,23,225.7,2.502,0.5647,0.5647,0.192,0.1864,0.0734,0.1129
549,2026-05-31,02:00,Sunday,Weekend,May,2,225.07,0.999,0.2249,0.2249,0.018,0.027,0.1237,0.0562
550,2026-07-09,09:00,Thursday,Weekday,July,9,232.94,5.05,1.1764,1.1764,0.4941,0.2353,0.1529,0.2941
551,2026-08-12,10:00,Wednesday,Weekday,August,10,225.5,4.376,0.9868,0.9868,0.296,0.3355,0.1283,0.227
552,2026-02-06,10:00,Friday,Weekday,February,10,230.63,3.597,0.8296,0.8296,0.2489,0.2821,0.1078,0.1908
553,2026-09-25,16:00,Friday,Weekday,September,16,226.75,3.491,0.7915,0.7915,0.2375,0.2691,0.1029,0.1821
554,2026-07-02,03:00,Thursday,Weekday,July,3,227.88,1.493,0.3401,0.3401,0.0272,0.0408,0.1871,0.085
555,2026-01-13,03:00,Tuesday,Weekday,January,3,231.71,1.876,0.4348,0.4348,0.0348,0.0522,0.2391,0.1087
556,2026-10-06,16:00,Tuesday,Weekday,October,16,230.41,2.349,0.5413,0.5413,0.1624,0.184,0.0704,0.1245
557,2026-08-05,08:00,Wednesday,Weekday,August,8,228.72,8.741,1.9993,1.9993,0.8397,0.3999,0.2599,0.4998
558,2026-12-21,18:00,Monday,Weekday,December,18,230.62,8.326,1.9201,1.9201,0.6528,0.6336,0.2496,0.384
559,2026-12-27,04:00,Sunday,Weekend,December,4,229.28,1.287,0.2951,0.2951,0.0236,0.0354,0.1623,0.0738
560,2026-10-13,21:00,Tuesday,Weekday,October,21,233.07,5.257,1.2253,1.2253,0.4166,0.4043,0.1593,0.2451
561,2026-09-30,23:00,Wednesday,Weekday,September,23,227.33,3.097,0.704,0.704,0.2394,0.2323,0.0915,0.1408
562,2026-03-03,05:00,Tuesday,Weekday,March,5,227.03,1.48,0.3361,0.3361,0.0269,0.0403,0.1848,0.084
563,2026-03-25,02:00,Wednesday,Weekday,March,2,229.65,1.362,0.3129,0.3129,0.025,0.0375,0.1721,0.0782
564,2026-08-05,21:00,Wednesday,Weekday,August,21,227.22,9.107,2.0694,2.0694,0.7036,0.6829,0.269,0.4139
565,2026-12-08,00:00,Tuesday,Weekday,December,0,227.85,1.528,0.3482,0.3482,0.0279,0.0418,0.1915,0.0871
566,2026-07-06,19:00,Monday,Weekday,July,19,226.82,11.983,2.7179,2.7179,0.9241,0.8969,0.3533,0.5436
567,2026-01-19,21:00,Monday,Weekday,January,21,233.01,8.798,2.0502,2.0502,0.6971,0.6766,0.2665,0.41
568,2026-06-26,15:00,Friday,Weekday,June,15,229.01,4.346,0.9953,0.9953,0.2986,0.3384,0.1294,0.2289
569,2026-04-10,22:00,Friday,Weekday,April,22,225.16,3.785,0.8522,0.8522,0.2897,0.2812,0.1108,0.1704
570,2026-08-21,10:00,Friday,Weekday,August,10,225.64,4.02,0.907,0.907,0.2721,0.3084,0.1179,0.2086
571,2026-03-17,12:00,Tuesday,Weekday,March,12,235.22,3.748,0.8816,0.8816,0.2645,0.2998,0.1146,0.2028
572,2026-09-22,09:00,Tuesday,Weekday,September,9,233.63,3.619,0.8455,0.8455,0.3551,0.1691,0.1099,0.2114
573,2026-10-11,02:00,Sunday,Weekend,October,2,228.91,1.011,0.2315,0.2315,0.0185,0.0278,0.1273,0.0579
574,2026-07-25,08:00,Saturday,Weekend,July,8,232.03,3.7,0.8584,0.8584,0.3605,0.1717,0.1116,0.2146
575,2026-08-11,11:00,Tuesday,Weekday,August,11,230.65,4.716,1.0878,1.0878,0.3263,0.3698,0.1414,0.2502
576,2026-02-21,22:00,Saturday,Weekend,February,22,233.18,4.957,1.1559,1.1559,0.393,0.3815,0.1503,0.2312
577,2026-12-05,13:00,Saturday,Weekend,December,13,227.32,5.696,1.2947,1.2947,0.3884,0.4402,0.1683,0.2978
578,2026-05-24,00:00,Sunday,Weekend,May,0,227.39,1.32,0.3001,0.3001,0.024,0.036,0.165,0.075
579,2026-03-10,17:00,Tuesday,Weekday,March,17,233.3,5.209,1.2153,1.2153,0.4132,0.401,0.158,0.2431
580,2026-04-09,16:00,Thursday,Weekday,April,16,226.27,3.008,0.6806,0.6806,0.2042,0.2314,0.0885,0.1565
581,2026-01-25,08:00,Sunday,Weekend,January,8,230.17,4.029,0.9274,0.9274,0.3895,0.1855,0.1206,0.2319
582,2026-02-22,08:00,Sunday,Weekend,February,8,229.89,4.826,1.1094,1.1094,0.4659,0.2219,0.1442,0.2773
583,2026-05-31,22:00,Sunday,Weekend,May,22,231.96,3.734,0.8661,0.8661,0.2945,0.2858,0.1126,0.1732
584,2026-05-24,09:00,Sunday,Weekend,May,9,230.35,4.637,1.0682,1.0682,0.4486,0.2136,0.1389,0.267
585,2026-02-26,18:00,Thursday,Weekday,February,18,228.43,8.03,1.8342,1.8342,0.6236,0.6053,0.2384,0.3668
586,2026-02-08,14:00,Sunday,Weekend,February,14,229.05,4.784,1.0958,1.0958,0.3287,0.3726,0.1425,0.252
587,2026-04-19,04:00,Sunday,Weekend,April,4,227.51,1.223,0.2782,0.2782,0.0223,0.0334,0.153,0.0696
588,2026-06-30,14:00,Tuesday,Weekday,June,14,229.58,3.01,0.6911,0.6911,0.2073,0.235,0.0898,0.159
589,2026-02-11,19:00,Wednesday,Weekday,February,19,230.24,10.972,2.5262,2.5262,0.8589,0.8336,0.3284,0.5052
590,2026-07-05,22:00,Sunday,Weekend,July,22,229.29,4.167,0.9554,0.9554,0.3248,0.3153,0.1242,0.1911
591,2026-08-11,01:00,Tuesday,Weekday,August,1,233.52,1.688,0.3942,0.3942,0.0315,0.0473,0.2168,0.0985
592,2026-05-02,12:00,Saturday,Weekend,May,12,231.83,5.413,1.2549,1.2549,0.3765,0.4267,0.1631,0.2886
593,2026-05-13,23:00,Wednesday,Weekday,May,23,231.19,1.855,0.4289,0.4289,0.1458,0.1415,0.0558,0.0858
594,2026-06-12,15:00,Friday,Weekday,June,15,229.6,3.909,0.8974,0.8974,0.2692,0.3051,0.1167,0.2064
595,2026-08-03,14:00,Monday,Weekday,August,14,228.43,3.145,0.7185,0.7185,0.2155,0.2443,0.0934,0.1652
596,2026-08-09,09:00,Sunday,Weekend,August,9,231.91,7.002,1.6239,1.6239,0.6821,0.3248,0.2111,0.406
597,2026-08-23,13:00,Sunday,Weekend,August,13,231.98,4.896,1.1358,1.1358,0.3408,0.3862,0.1477,0.2612
598,2026-11-27,09:00,Friday,Weekday,November,9,229.65,3.684,0.846,0.846,0.3553,0.1692,0.11,0.2115
599,2026-05-26,13:00,Tuesday,Weekday,May,13,234.25,2.43,0.5692,0.5692,0.1708,0.1935,0.074,0.1309
600,2026-08-27,22:00,Thursday,Weekday,August,22,231.57,4.756,1.1015,1.1015,0.3745,0.3635,0.1432,0.2203
601,2026-03-17,08:00,Tuesday,Weekday,March,8,226.45,4.509,1.021,1.021,0.4288,0.2042,0.1327,0.2552
602,2026-01-09,13:00,Friday,Weekday,January,13,228.93,3.998,0.9152,0.9152,0.2746,0.3112,0.119,0.2105
603,2026-03-15,02:00,Sunday,Weekend,March,2,231.82,2.154,0.4993,0.4993,0.0399,0.0599,0.2746,0.1248
604,2026-09-10,19:00,Thursday,Weekday,September,19,231.69,7.774,1.8011,1.8011,0.6124,0.5944,0.2341,0.3602
605,2026-08-18,15:00,Tuesday,Weekday,August,15,235.9,3.265,0.7702,0.7702,0.2311,0.2619,0.1001,0.1772
606,2026-01-07,01:00,Wednesday,Weekday,January,1,230.06,1.535,0.3531,0.3531,0.0283,0.0424,0.1942,0.0883
607,2026-06-23,09:00,Tuesday,Weekday,June,9,231.54,4.901,1.1347,1.1347,0.4766,0.2269,0.1475,0.2837
608,2026-05-21,02:00,Thursday,Weekday,May,2,228.47,1.259,0.2876,0.2876,0.023,0.0345,0.1582,0.0719
609,2026-06-17,10:00,Wednesday,Weekday,June,10,227.78,4.101,0.9342,0.9342,0.2803,0.3176,0.1215,0.2149
610,2026-06-19,10:00,Friday,Weekday,June,10,225.79,3.751,0.8468,0.8468,0.2541,0.2879,0.1101,0.1948
611,2026-10-10,20:00,Saturday,Weekend,October,20,228.79,10.378,2.3743,2.3743,0.8073,0.7835,0.3087,0.4749
612,2026-05-02,20:00,Saturday,Weekend,May,20,233.14,9.035,2.1064,2.1064,0.7162,0.6951,0.2738,0.4213
613,2026-07-13,21:00,Monday,Weekday,July,21,231.28,8.578,1.9839,1.9839,0.6745,0.6547,0.2579,0.3968
614,2026-01-05,12:00,Monday,Weekday,January,12,230.22,5.914,1.3616,1.3616,0.4085,0.4629,0.177,0.3132
615,2026-01-29,06:00,Thursday,Weekday,January,6,233.06,2.468,0.5752,0.5752,0.2416,0.115,0.0748,0.1438
616,2026-06-14,22:00,Sunday,Weekend,June,22,237.38,5.15,1.2225,1.2225,0.4156,0.4034,0.1589,0.2445
617,2026-12-05,16:00,Saturday,Weekend,December,16,227.92,4.968,1.1324,1.1324,0.3397,0.385,0.1472,0.2604
618,2026-05-16,01:00,Saturday,Weekend,May,1,223.94,0.89,0.1993,0.1993,0.0159,0.0239,0.1096,0.0498
619,2026-12-31,11:00,Thursday,Weekday,December,11,230.86,4.219,0.9739,0.9739,0.2922,0.3311,0.1266,0.224
620,2026-11-17,09:00,Tuesday,Weekday,November,9,232.71,3.88,0.9028,0.9028,0.3792,0.1806,0.1174,0.2257
621,2026-12-08,17:00,Tuesday,Weekday,December,17,226.13,6.619,1.4967,1.4967,0.5089,0.4939,0.1946,0.2993
622,2026-05-25,21:00,Monday,Weekday,May,21,232.08,5.452,1.2653,1.2653,0.4302,0.4176,0.1645,0.2531
623,2026-11-23,10:00,Monday,Weekday,November,10,229.16,3.441,0.7885,0.7885,0.2365,0.2681,0.1025,0.1814
624,2026-08-05,15:00,Wednesday,Weekday,August,15,230.84,2.741,0.6327,0.6327,0.1898,0.2151,0.0823,0.1455
625,2026-10-28,16:00,Wednesday,Weekday,October,16,227.7,2.644,0.6021,0.6021,0.1806,0.2047,0.0783,0.1385
626,2026-05-12,18:00,Tuesday,Weekday,May,18,227.55,6.481,1.4747,1.4747,0.5014,0.4867,0.1917,0.2949
627,2026-10-19,17:00,Monday,Weekday,October,17,227.24,5.233,1.1892,1.1892,0.4043,0.3924,0.1546,0.2378
628,2026-03-11,02:00,Wednesday,Weekday,March,2,231.67,1.601,0.371,0.371,0.0297,0.0445,0.2041,0.0928
629,2026-09-09,20:00,Wednesday,Weekday,September,20,228.32,7.543,1.7223,1.7223,0.5856,0.5684,0.2239,0.3445
630,2026-10-02,15:00,Friday,Weekday,October,15,230.67,6.099,1.4068,1.4068,0.422,0.4783,0.1829,0.3236
631,2026-12-30,05:00,Wednesday,Weekday,December,5,230.07,1.527,0.3514,0.3514,0.0281,0.0422,0.1933,0.0879
632,2026-07-01,11:00,Wednesday,Weekday,July,11,227.05,5.114,1.1611,1.1611,0.3483,0.3948,0.1509,0.267
633,2026-06-16,10:00,Tuesday,Weekday,June,10,230.19,9.845,2.2663,2.2663,0.6799,0.7705,0.2946,0.5212
634,2026-04-01,14:00,Wednesday,Weekday,April,14,230.59,3.104,0.7159,0.7159,0.2148,0.2434,0.0931,0.1646
635,2026-07-21,14:00,Tuesday,Weekday,July,14,232.66,4.569,1.0631,1.0631,0.3189,0.3615,0.1382,0.2445
636,2026-12-12,15:00,Saturday,Weekend,December,15,233.74,4.444,1.0387,1.0387,0.3116,0.3531,0.135,0.2389
637,2026-01-19,09:00,Monday,Weekday,January,9,227.45,4.846,1.1022,1.1022,0.4629,0.2204,0.1433,0.2755
638,2026-02-08,11:00,Sunday,Weekend,February,11,230.89,6.286,1.4514,1.4514,0.4354,0.4935,0.1887,0.3338
639,2026-05-06,12:00,Wednesday,Weekday,May,12,224.46,3.723,0.8356,0.8356,0.2507,0.2841,0.1086,0.1922
640,2026-06-22,03:00,Monday,Weekday,June,3,232.13,1.269,0.2946,0.2946,0.0236,0.0354,0.162,0.0737
641,2026-05-21,06:00,Thursday,Weekday,May,6,232.74,2.877,0.6697,0.6697,0.2813,0.1339,0.0871,0.1674
642,2026-08-30,21:00,Sunday,Weekend,August,21,222.11,11.45,2.5431,2.5431,0.8646,0.8392,0.3306,0.5086
643,2026-08-08,01:00,Saturday,Weekend,August,1,229.15,1.054,0.2415,0.2415,0.0193,0.029,0.1328,0.0604
644,2026-05-06,14:00,Wednesday,Weekday,May,14,227.76,2.64,0.6012,0.6012,0.1804,0.2044,0.0782,0.1383
645,2026-02-27,07:00,Friday,Weekday,February,7,229.15,5.855,1.3417,1.3417,0.5635,0.2683,0.1744,0.3354
646,2026-05-28,06:00,Thursday,Weekday,May,6,228.65,2.012,0.4601,0.4601,0.1933,0.092,0.0598,0.115
647,2026-11-13,14:00,Friday,Weekday,November,14,229.89,3.359,0.7723,0.7723,0.2317,0.2626,0.1004,0.1776
648,2026-12-27,22:00,Sunday,Weekend,December,22,232.47,8.798,2.0453,2.0453,0.6954,0.675,0.2659,0.4091
649,2026-01-01,13:00,Thursday,Weekday,January,13,229.22,5.47,1.2537,1.2537,0.3761,0.4263,0.163,0.2884
650,2026-12-14,07:00,Monday,Weekday,December,7,227.53,5.225,1.1889,1.1889,0.4993,0.2378,0.1546,0.2972
651,2026-07-09,11:00,Thursday,Weekday,July,11,229.51,5.58,1.2806,1.2806,0.3842,0.4354,0.1665,0.2945
652,2026-07-10,12:00,Friday,Weekday,July,12,229.37,5.795,1.3291,1.3291,0.3987,0.4519,0.1728,0.3057
653,2026-11-08,10:00,Sunday,Weekend,November,10,229.78,4.77,1.096,1.096,0.3288,0.3726,0.1425,0.2521
654,2026-04-27,16:00,Monday,Weekday,April,16,228.43,3.948,0.9018,0.9018,0.2706,0.3066,0.1172,0.2074
655,2026-05-14,16:00,Thursday,Weekday,May,16,230.91,3.802,0.8779,0.8779,0.2634,0.2985,0.1141,0.2019
656,2026-02-27,23:00,Friday,Weekday,February,23,233.23,3.299,0.7694,0.7694,0.2616,0.2539,0.1,0.1539
657,2026-02-13,03:00,Friday,Weekday,February,3,226.83,1.861,0.4221,0.4221,0.0338,0.0506,0.2321,0.1055
658,2026-06-22,20:00,Monday,Weekday,June,20,229.63,10.587,2.431,2.431,0.8265,0.8022,0.316,0.4862
659,2026-06-09,07:00,Tuesday,Weekday,June,7,232.4,4.587,1.066,1.066,0.4477,0.2132,0.1386,0.2665
660,2026-06-22,04:00,Monday,Weekday,June,4,228.92,1.485,0.34,0.34,0.0272,0.0408,0.187,0.085
661,2026-11-13,15:00,Friday,Weekday,November,15,233.13,3.648,0.8504,0.8504,0.2551,0.2891,0.1106,0.1956
662,2026-10-30,03:00,Friday,Weekday,October,3,229.85,2.187,0.5027,0.5027,0.0402,0.0603,0.2765,0.1257
663,2026-05-29,21:00,Friday,Weekday,May,21,227.19,5.308,1.2059,1.2059,0.41,0.398,0.1568,0.2412
664,2026-03-21,14:00,Saturday,Weekend,March,14,226.82,2.876,0.6524,0.6524,0.1957,0.2218,0.0848,0.1501
665,2026-08-01,11:00,Saturday,Weekend,August,11,231.96,5.73,1.3291,1.3291,0.3987,0.4519,0.1728,0.3057
666,2026-07-22,04:00,Wednesday,Weekday,July,4,231.73,1.614,0.374,0.374,0.0299,0.0449,0.2057,0.0935
667,2026-09-09,22:00,Wednesday,Weekday,September,22,233.91,3.848,0.9,0.9,0.306,0.297,0.117,0.18
668,2026-08-17,15:00,Monday,Weekday,August,15,231.68,3.934,0.9113,0.9113,0.2734,0.3099,0.1185,0.2096
669,2026-06-13,13:00,Saturday,Weekend,June,13,229.75,4.025,0.9248,0.9248,0.2775,0.3144,0.1202,0.2127
670,2026-08-15,09:00,Saturday,Weekend,August,9,230.6,6.618,1.5262,1.5262,0.641,0.3052,0.1984,0.3815
671,2026-05-27,06:00,Wednesday,Weekday,May,6,230.18,1.905,0.4386,0.4386,0.1842,0.0877,0.057,0.1096
672,2026-01-20,12:00,Tuesday,Weekday,January,12,229.17,5.797,1.3286,1.3286,0.3986,0.4517,0.1727,0.3056
673,2026-02-16,19:00,Monday,Weekday,February,19,228.12,11.495,2.6222,2.6222,0.8915,0.8653,0.3409,0.5244
674,2026-08-21,04:00,Friday,Weekday,August,4,225.69,3.638,0.8211,0.8211,0.0657,0.0985,0.4516,0.2053
675,2026-11-01,02:00,Sunday,Weekend,November,2,228.14,1.194,0.2724,0.2724,0.0218,0.0327,0.1498,0.0681
676,2026-01-14,14:00,Wednesday,Weekday,January,14,229.95,3.452,0.7937,0.7937,0.2381,0.2699,0.1032,0.1826
677,2026-05-23,03:00,Saturday,Weekend,May,3,223.23,1.068,0.2383,0.2383,0.0191,0.0286,0.1311,0.0596
678,2026-01-01,14:00,Thursday,Weekday,January,14,228.71,3.361,0.7687,0.7687,0.2306,0.2613,0.0999,0.1768
679,2026-02-23,13:00,Monday,Weekday,February,13,232.3,4.478,1.0403,1.0403,0.3121,0.3537,0.1352,0.2393
680,2026-09-16,19:00,Wednesday,Weekday,September,19,231.56,10.956,2.5369,2.5369,0.8625,0.8372,0.3298,0.5074
681,2026-05-24,18:00,Sunday,Weekend,May,18,226.71,7.26,1.646,1.646,0.5596,0.5432,0.214,0.3292
682,2026-01-12,12:00,Monday,Weekday,January,12,228.59,4.798,1.0968,1.0968,0.329,0.3729,0.1426,0.2523
683,2026-11-26,09:00,Thursday,Weekday,November,9,228.2,3.417,0.7797,0.7797,0.3275,0.1559,0.1014,0.1949
684,2026-08-12,20:00,Wednesday,Weekday,August,20,225.93,9.176,2.0731,2.0731,0.7049,0.6841,0.2695,0.4146
685,2026-09-29,04:00,Tuesday,Weekday,September,4,232.86,1.314,0.3061,0.3061,0.0245,0.0367,0.1683,0.0765
686,2026-12-24,22:00,Thursday,Weekday,December,22,234.07,4.952,1.1591,1.1591,0.3941,0.3825,0.1507,0.2318
687,2026-06-05,19:00,Friday,Weekday,June,19,225.39,9.567,2.1562,2.1562,0.7331,0.7116,0.2803,0.4312
688,2026-01-08,19:00,Thursday,Weekday,January,19,227.95,10.586,2.4132,2.4132,0.8205,0.7963,0.3137,0.4826
689,2026-05-02,05:00,Saturday,Weekend,May,5,225.34,1.42,0.3201,0.3201,0.0256,0.0384,0.176,0.08
690,2026-12-14,03:00,Monday,Weekday,December,3,229.93,1.416,0.3256,0.3256,0.0261,0.0391,0.1791,0.0814
691,2026-06-13,01:00,Saturday,Weekend,June,1,228.78,3.318,0.759,0.759,0.0607,0.0911,0.4174,0.1897
692,2026-03-31,21:00,Tuesday,Weekday,March,21,228.0,6.819,1.5546,1.5546,0.5286,0.513,0.2021,0.3109
693,2026-05-16,15:00,Saturday,Weekend,May,15,231.66,3.821,0.8851,0.8851,0.2655,0.3009,0.1151,0.2036
694,2026-07-05,17:00,Sunday,Weekend,July,17,229.34,12.814,2.9387,2.9387,0.9992,0.9698,0.382,0.5877
695,2026-11-12,04:00,Thursday,Weekday,November,4,225.89,1.508,0.3407,0.3407,0.0273,0.0409,0.1874,0.0852
696,2026-06-27,21:00,Saturday,Weekend,June,21,227.59,7.29,1.6592,1.6592,0.5641,0.5475,0.2157,0.3318
697,2026-01-28,03:00,Wednesday,Weekday,January,3,225.76,1.744,0.3936,0.3936,0.0315,0.0472,0.2165,0.0984
698,2026-08-08,12:00,Saturday,Weekend,August,12,234.05,6.462,1.5125,1.5125,0.4537,0.5142,0.1966,0.3479
699,2026-12-23,18:00,Wednesday,Weekday,December,18,227.41,8.76,1.992,1.992,0.6773,0.6574,0.259,0.3984
700,2026-02-10,22:00,Tuesday,Weekday,February,22,226.58,4.235,0.9596,0.9596,0.3263,0.3167,0.1248,0.1919
701,2026-08-16,01:00,Sunday,Weekend,August,1,228.64,1.605,0.367,0.367,0.0294,0.044,0.2019,0.0918
702,2026-07-11,12:00,Saturday,Weekend,July,12,230.52,12.495,2.8804,2.8804,0.8641,0.9794,0.3745,0.6625
703,2026-05-25,10:00,Monday,Weekday,May,10,231.83,2.75,0.6376,0.6376,0.1913,0.2168,0.0829,0.1467
704,2026-07-20,21:00,Monday,Weekday,July,21,230.27,6.96,1.6027,1.6027,0.5449,0.5289,0.2083,0.3205
705,2026-07-31,03:00,Friday,Weekday,July,3,230.16,1.351,0.311,0.311,0.0249,0.0373,0.171,0.0777
706,2026-08-08,21:00,Saturday,Weekend,August,21,227.77,9.475,2.1581,2.1581,0.7338,0.7122,0.2806,0.4316
707,2026-08-28,19:00,Friday,Weekday,August,19,229.3,10.365,2.3768,2.3768,0.8081,0.7843,0.309,0.4754
708,2026-02-15,19:00,Sunday,Weekend,February,19,229.91,15.581,3.5822,3.5822,1.218,1.1821,0.4657,0.7164
709,2026-02-04,14:00,Wednesday,Weekday,February,14,230.3,3.282,0.7558,0.7558,0.2268,0.257,0.0983,0.1738
710,2026-09-10,03:00,Thursday,Weekday,September,3,232.02,1.189,0.2759,0.2759,0.0221,0.0331,0.1517,0.069
711,2026-03-23,08:00,Monday,Weekday,March,8,228.47,5.168,1.1807,1.1807,0.4959,0.2361,0.1535,0.2952
712,2026-09-13,06:00,Sunday,Weekend,September,6,229.94,1.822,0.419,0.419,0.176,0.0838,0.0545,0.1048
713,2026-07-16,18:00,Thursday,Weekday,July,18,224.61,7.092,1.593,1.593,0.5416,0.5257,0.2071,0.3186
714,2026-10-30,18:00,Friday,Weekday,October,18,233.47,6.093,1.4225,1.4225,0.4837,0.4694,0.1849,0.2845
715,2026-01-10,05:00,Saturday,Weekend,January,5,228.77,1.637,0.3746,0.3746,0.03,0.045,0.206,0.0936
716,2026-11-08,05:00,Sunday,Weekend,November,5,233.49,1.685,0.3934,0.3934,0.0315,0.0472,0.2164,0.0984
717,2026-10-13,19:00,Tuesday,Weekday,October,19,227.03,8.977,2.038,2.038,0.6929,0.6725,0.2649,0.4076
718,2026-08-30,14:00,Sunday,Weekend,August,14,230.76,3.725,0.8597,0.8597,0.2579,0.2923,0.1118,0.1977
719,2026-09-08,14:00,Tuesday,Weekday,September,14,230.14,2.902,0.6679,0.6679,0.2004,0.2271,0.0868,0.1536
720,2026-12-31,19:00,Thursday,Weekday,December,19,226.52,10.055,2.2777,2.2777,0.7744,0.7516,0.2961,0.4555
721,2026-01-05,08:00,Monday,Weekday,January,8,230.52,7.499,1.7286,1.7286,0.726,0.3457,0.2247,0.4321
722,2026-04-29,03:00,Wednesday,Weekday,April,3,233.19,1.279,0.2984,0.2984,0.0239,0.0358,0.1641,0.0746
723,2026-10-16,17:00,Friday,Weekday,October,17,234.47,4.026,0.9439,0.9439,0.3209,0.3115,0.1227,0.1888
724,2026-03-06,17:00,Friday,Weekday,March,17,231.86,6.073,1.4081,1.4081,0.4787,0.4647,0.1831,0.2816
725,2026-05-26,04:00,Tuesday,Weekday,May,4,226.97,1.046,0.2374,0.2374,0.019,0.0285,0.1306,0.0594
726,2026-08-12,19:00,Wednesday,Weekday,August,19,225.15,10.525,2.3698,2.3698,0.8057,0.782,0.3081,0.474
727,2026-08-27,22:00,Thursday,Weekday,August,22,232.85,5.08,1.1829,1.1829,0.4022,0.3904,0.1538,0.2366
728,2026-06-26,10:00,Friday,Weekday,June,10,227.51,4.077,0.9275,0.9275,0.2782,0.3153,0.1206,0.2133
729,2026-09-24,04:00,Thursday,Weekday,September,4,231.54,0.972,0.2251,0.2251,0.018,0.027,0.1238,0.0563
730,2026-12-07,21:00,Monday,Weekday,December,21,228.78,15.887,3.6347,3.6347,1.2358,1.1995,0.4725,0.7269
731,2026-10-09,03:00,Friday,Weekday,October,3,233.3,0.833,0.1942,0.1942,0.0155,0.0233,0.1068,0.0486
732,2026-03-04,11:00,Wednesday,Weekday,March,11,231.27,3.477,0.8041,0.8041,0.2412,0.2734,0.1045,0.1849
733,2026-08-05,01:00,Wednesday,Weekday,August,1,229.92,1.635,0.3759,0.3759,0.0301,0.0451,0.2067,0.094
734,2026-12-08,12:00,Tuesday,Weekday,December,12,235.15,4.895,1.1511,1.1511,0.3453,0.3914,0.1496,0.2647
735,2026-11-11,09:00,Wednesday,Weekday,November,9,232.06,2.814,0.6531,0.6531,0.2743,0.1306,0.0849,0.1633
736,2026-10-10,08:00,Saturday,Weekend,October,8,231.39,3.648,0.844,0.844,0.3545,0.1688,0.1097,0.211
737,2026-06-26,09:00,Friday,Weekday,June,9,228.29,3.123,0.713,0.713,0.2994,0.1426,0.0927,0.1782
738,2026-04-08,06:00,Wednesday,Weekday,April,6,227.13,2.835,0.644,0.644,0.2705,0.1288,0.0837,0.161
739,2026-04-15,03:00,Wednesday,Weekday,April,3,229.35,1.318,0.3023,0.3023,0.0242,0.0363,0.1663,0.0756
740,2026-04-09,18:00,Thursday,Weekday,April,18,225.75,9.269,2.0925,2.0925,0.7114,0.6905,0.272,0.4185
741,2026-11-07,09:00,Saturday,Weekend,November,9,229.2,4.467,1.0239,1.0239,0.43,0.2048,0.1331,0.256
742,2026-01-06,02:00,Tuesday,Weekday,January,2,232.0,1.286,0.2984,0.2984,0.0239,0.0358,0.1641,0.0746
743,2026-07-16,20:00,Thursday,Weekday,July,20,230.9,11.893,2.7462,2.7462,0.9337,0.9062,0.357,0.5492
744,2026-12-17,18:00,Thursday,Weekday,December,18,227.79,11.139,2.5372,2.5372,0.8627,0.8373,0.3298,0.5074
745,2026-05-13,20:00,Wednesday,Weekday,May,20,235.21,6.726,1.5821,1.5821,0.5379,0.5221,0.2057,0.3164
746,2026-12-24,01:00,Thursday,Weekday,December,1,233.18,1.512,0.3526,0.3526,0.0282,0.0423,0.1939,0.0881
747,2026-09-16,19:00,Wednesday,Weekday,September,19,227.01,7.822,1.7757,1.7757,0.6038,0.586,0.2308,0.3551
748,2026-01-23,09:00,Friday,Weekday,January,9,232.85,4.45,1.0363,1.0363,0.4352,0.2073,0.1347,0.2591
749,2026-02-22,01:00,Sunday,Weekend,February,1,228.55,1.639,0.3747,0.3747,0.03,0.045,0.2061,0.0937
750,2026-06-14,01:00,Sunday,Weekend,June,1,230.63,1.247,0.2875,0.2875,0.023,0.0345,0.1581,0.0719
751,2026-07-21,23:00,Tuesday,Weekday,July,23,229.1,2.95,0.6759,0.6759,0.2298,0.223,0.0879,0.1352
752,2026-03-24,16:00,Tuesday,Weekday,March,16,226.97,3.861,0.8762,0.8762,0.2629,0.2979,0.1139,0.2015
753,2026-05-25,15:00,Monday,Weekday,May,15,231.33,2.588,0.5988,0.5988,0.1796,0.2036,0.0778,0.1377
754,2026-03-26,15:00,Thursday,Weekday,March,15,229.99,3.285,0.7554,0.7554,0.2266,0.2568,0.0982,0.1737
755,2026-03-19,13:00,Thursday,Weekday,March,13,230.17,2.991,0.6883,0.6883,0.2065,0.234,0.0895,0.1583
756,2026-01-01,06:00,Thursday,Weekday,January,6,229.93,3.87,0.8898,0.8898,0.3737,0.178,0.1157,0.2225
757,2026-02-20,20:00,Friday,Weekday,February,20,225.68,7.312,1.6502,1.6502,0.5611,0.5446,0.2145,0.33
758,2026-06-22,10:00,Monday,Weekday,June,10,233.97,4.241,0.9922,0.9922,0.2977,0.3373,0.129,0.2282
759,2026-07-24,23:00,Friday,Weekday,July,23,230.62,2.623,0.6049,0.6049,0.2057,0.1996,0.0786,0.121
760,2026-09-17,00:00,Thursday,Weekday,September,0,229.33,1.074,0.2463,0.2463,0.0197,0.0296,0.1355,0.0616
761,2026-10-15,10:00,Thursday,Weekday,October,10,226.73,2.926,0.6635,0.6635,0.199,0.2256,0.0863,0.1526
762,2026-02-03,22:00,Tuesday,Weekday,February,22,233.51,5.411,1.2634,1.2634,0.4296,0.4169,0.1642,0.2527
763,2026-12-14,20:00,Monday,Weekday,December,20,229.95,11.751,2.7023,2.7023,0.9188,0.8917,0.3513,0.5405
764,2026-04-05,03:00,Sunday,Weekend,April,3,230.0,0.754,0.1734,0.1734,0.0139,0.0208,0.0954,0.0433
765,2026-03-13,06:00,Friday,Weekday,March,6,226.79,2.159,0.4896,0.4896,0.2057,0.0979,0.0637,0.1224
766,2026-02-08,14:00,Sunday,Weekend,February,14,234.15,4.478,1.0485,1.0485,0.3145,0.3565,0.1363,0.2411
767,2026-06-03,17:00,Wednesday,Weekday,June,17,228.81,8.256,1.8891,1.8891,0.6423,0.6234,0.2456,0.3778
768,2026-09-07,11:00,Monday,Weekday,September,11,228.32,3.534,0.8069,0.8069,0.2421,0.2743,0.1049,0.1856
769,2026-06-11,16:00,Thursday,Weekday,June,16,229.88,3.646,0.838,0.838,0.2514,0.2849,0.1089,0.1927
770,2026-04-28,00:00,Tuesday,Weekday,April,0,230.94,1.748,0.4038,0.4038,0.0323,0.0485,0.2221,0.1009
771,2026-09-16,10:00,Wednesday,Weekday,September,10,229.58,3.294,0.7563,0.7563,0.2269,0.2571,0.0983,0.1739
772,2026-11-02,00:00,Monday,Weekday,November,0,221.53,3.858,0.8546,0.8546,0.0684,0.1026,0.47,0.2137
773,2026-09-25,14:00,Friday,Weekday,September,14,230.62,2.749,0.6339,0.6339,0.1902,0.2155,0.0824,0.1458
774,2026-02-23,20:00,Monday,Weekday,February,20,230.41,9.303,2.1436,2.1436,0.7288,0.7074,0.2787,0.4287
775,2026-08-24,09:00,Monday,Weekday,August,9,227.77,5.683,1.2945,1.2945,0.5437,0.2589,0.1683,0.3236
776,2026-08-10,06:00,Monday,Weekday,August,6,233.9,3.394,0.7939,0.7939,0.3334,0.1588,0.1032,0.1985
777,2026-09-08,01:00,Tuesday,Weekday,September,1,232.19,1.513,0.3514,0.3514,0.0281,0.0422,0.1933,0.0878
778,2026-11-09,09:00,Monday,Weekday,November,9,231.17,4.475,1.0345,1.0345,0.4345,0.2069,0.1345,0.2586
779,2026-04-22,23:00,Wednesday,Weekday,April,23,227.46,2.011,0.4574,0.4574,0.1555,0.1509,0.0595,0.0915
780,2026-09-12,03:00,Saturday,Weekend,September,3,230.7,0.929,0.2143,0.2143,0.0171,0.0257,0.1179,0.0536
781,2026-10-30,11:00,Friday,Weekday,October,11,230.89,3.432,0.7924,0.7924,0.2377,0.2694,0.103,0.1823
782,2026-07-26,18:00,Sunday,Weekend,July,18,228.76,12.82,2.9327,2.9327,0.9971,0.9678,0.3812,0.5865
783,2026-08-17,10:00,Monday,Weekday,August,10,232.23,3.744,0.8694,0.8694,0.2608,0.2956,0.113,0.2
784,2026-12-07,07:00,Monday,Weekday,December,7,229.1,4.314,0.9883,0.9883,0.4151,0.1977,0.1285,0.2471
785,2026-03-07,17:00,Saturday,Weekend,March,17,229.32,10.294,2.3606,2.3606,0.8026,0.779,0.3069,0.4721
786,2026-03-16,10:00,Monday,Weekday,March,10,228.33,2.576,0.5882,0.5882,0.1765,0.2,0.0765,0.1353
787,2026-04-13,10:00,Monday,Weekday,April,10,228.87,3.174,0.7265,0.7265,0.218,0.247,0.0944,0.1671
788,2026-07-11,12:00,Saturday,Weekend,July,12,228.63,7.035,1.6084,1.6084,0.4825,0.5469,0.2091,0.3699
789,2026-09-09,02:00,Wednesday,Weekday,September,2,229.53,1.06,0.2433,0.2433,0.0195,0.0292,0.1338,0.0608
790,2026-08-14,11:00,Friday,Weekday,August,11,229.42,5.251,1.2046,1.2046,0.3614,0.4096,0.1566,0.2771
791,2026-10-21,02:00,Wednesday,Weekday,October,2,232.31,0.998,0.2319,0.2319,0.0186,0.0278,0.1276,0.058
792,2026-11-02,09:00,Monday,Weekday,November,9,233.76,3.585,0.8379,0.8379,0.3519,0.1676,0.1089,0.2095
793,2026-04-08,16:00,Wednesday,Weekday,April,16,226.8,3.266,0.7408,0.7408,0.2222,0.2519,0.0963,0.1704
794,2026-12-04,21:00,Friday,Weekday,December,21,232.07,9.682,2.247,2.247,0.764,0.7415,0.2921,0.4494
795,2026-10-13,01:00,Tuesday,Weekday,October,1,231.69,1.413,0.3274,0.3274,0.0262,0.0393,0.1801,0.0818
796,2026-12-01,16:00,Tuesday,Weekday,December,16,227.77,4.564,1.0394,1.0394,0.3118,0.3534,0.1351,0.2391
797,2026-12-13,15:00,Sunday,Weekend,December,15,229.18,5.128,1.1751,1.1751,0.3525,0.3995,0.1528,0.2703
798,2026-11-04,01:00,Wednesday,Weekday,November,1,230.71,1.201,0.2771,0.2771,0.0222,0.0332,0.1524,0.0693
799,2026-09-06,21:00,Sunday,Weekend,September,21,224.29,10.147,2.2758,2.2758,0.7738,0.751,0.2959,0.4552
800,2026-06-15,19:00,Monday,Weekday,June,19,227.63,7.491,1.7051,1.7051,0.5797,0.5627,0.2217,0.341
801,2026-12-01,05:00,Tuesday,Weekday,December,5,231.31,1.626,0.3762,0.3762,0.0301,0.0451,0.2069,0.0941
802,2026-01-30,09:00,Friday,Weekday,January,9,228.14,5.446,1.2426,1.2426,0.5219,0.2485,0.1615,0.3106
803,2026-09-04,09:00,Friday,Weekday,September,9,226.3,3.211,0.7267,0.7267,0.3052,0.1453,0.0945,0.1817
804,2026-04-16,07:00,Thursday,Weekday,April,7,230.5,3.983,0.9182,0.9182,0.3856,0.1836,0.1194,0.2295
805,2026-02-20,00:00,Friday,Weekday,February,0,235.52,1.476,0.3476,0.3476,0.0278,0.0417,0.1912,0.0869
806,2026-03-22,12:00,Sunday,Weekend,March,12,228.22,5.642,1.2877,1.2877,0.3863,0.4378,0.1674,0.2962
807,2026-05-13,23:00,Wednesday,Weekday,May,23,228.28,2.438,0.5565,0.5565,0.1892,0.1836,0.0723,0.1113
808,2026-10-12,08:00,Monday,Weekday,October,8,229.5,5.181,1.1891,1.1891,0.4994,0.2378,0.1546,0.2973
809,2026-05-18,21:00,Monday,Weekday,May,21,233.92,5.417,1.2672,1.2672,0.4309,0.4182,0.1647,0.2534
810,2026-07-03,09:00,Friday,Weekday,July,9,225.87,3.116,0.7038,0.7038,0.2956,0.1408,0.0915,0.1759
811,2026-11-26,14:00,Thursday,Weekday,November,14,231.92,3.159,0.7327,0.7327,0.2198,0.2491,0.0953,0.1685
812,2026-09-30,04:00,Wednesday,Weekday,September,4,228.82,1.372,0.314,0.314,0.0251,0.0377,0.1727,0.0785
813,2026-12-06,21:00,Sunday,Weekend,December,21,228.28,6.991,1.5959,1.5959,0.5426,0.5266,0.2075,0.3192
814,2026-03-10,15:00,Tuesday,Weekday,March,15,227.47,2.95,0.6711,0.6711,0.2013,0.2282,0.0872,0.1544
815,2026-02-03,12:00,Tuesday,Weekday,February,12,229.38,5.107,1.1715,1.1715,0.3515,0.3983,0.1523,0.2694
816,2026-09-19,21:00,Saturday,Weekend,September,21,224.57,8.195,1.8404,1.8404,0.6257,0.6073,0.2392,0.3681
817,2026-02-22,19:00,Sunday,Weekend,February,19,228.15,13.717,3.1294,3.1294,1.064,1.0327,0.4068,0.6259
818,2026-07-24,17:00,Friday,Weekday,July,17,223.84,6.303,1.4108,1.4108,0.4797,0.4656,0.1834,0.2822
819,2026-05-06,10:00,Wednesday,Weekday,May,10,225.67,3.077,0.6944,0.6944,0.2083,0.2361,0.0903,0.1597
820,2026-08-23,08:00,Sunday,Weekend,August,8,230.84,4.778,1.1029,1.1029,0.4632,0.2206,0.1434,0.2757
821,2026-02-12,15:00,Thursday,Weekday,February,15,233.16,3.895,0.9081,0.9081,0.2724,0.3088,0.1181,0.2089
822,2026-08-28,01:00,Friday,Weekday,August,1,238.07,1.607,0.3827,0.3827,0.0306,0.0459,0.2105,0.0957
823,2026-04-21,01:00,Tuesday,Weekday,April,1,232.31,1.381,0.3209,0.3209,0.0257,0.0385,0.1765,0.0802
824,2026-09-06,11:00,Sunday,Weekend,September,11,228.71,3.286,0.7515,0.7515,0.2254,0.2555,0.0977,0.1728
825,2026-05-31,07:00,Sunday,Weekend,May,7,225.04,2.44,0.5492,0.5492,0.2307,0.1098,0.0714,0.1373
826,2026-07-02,08:00,Thursday,Weekday,July,8,231.35,6.338,1.4664,1.4664,0.6159,0.2933,0.1906,0.3666
827,2026-12-02,11:00,Wednesday,Weekday,December,11,226.37,5.391,1.2203,1.2203,0.3661,0.4149,0.1586,0.2807
828,2026-04-05,08:00,Sunday,Weekend,April,8,227.98,2.994,0.6827,0.6827,0.2867,0.1365,0.0887,0.1707
829,2026-01-08,09:00,Thursday,Weekday,January,9,232.22,3.971,0.9222,0.9222,0.3873,0.1844,0.1199,0.2306
830,2026-12-26,01:00,Saturday,Weekend,December,1,230.74,1.417,0.3269,0.3269,0.0262,0.0392,0.1798,0.0817
831,2026-07-03,15:00,Friday,Weekday,July,15,227.68,4.109,0.9355,0.9355,0.2807,0.3181,0.1216,0.2152
832,2026-10-08,19:00,Thursday,Weekday,October,19,223.32,7.144,1.5955,1.5955,0.5425,0.5265,0.2074,0.3191
833,2026-07-14,06:00,Tuesday,Weekday,July,6,230.53,3.553,0.819,0.819,0.344,0.1638,0.1065,0.2047
834,2026-12-18,01:00,Friday,Weekday,December,1,230.84,1.702,0.393,0.393,0.0314,0.0472,0.2161,0.0982
835,2026-07-14,00:00,Tuesday,Weekday,July,0,233.76,1.798,0.4204,0.4204,0.0336,0.0504,0.2312,0.1051
836,2026-06-04,18:00,Thursday,Weekday,June,18,223.02,8.103,1.8072,1.8072,0.6144,0.5964,0.2349,0.3614
837,2026-04-03,03:00,Friday,Weekday,April,3,230.3,1.159,0.2668,0.2668,0.0213,0.032,0.1467,0.0667
838,2026-06-09,23:00,Tuesday,Weekday,June,23,232.29,3.128,0.7266,0.7266,0.247,0.2398,0.0945,0.1453
839,2026-03-02,21:00,Monday,Weekday,March,21,228.95,5.157,1.1808,1.1808,0.4015,0.3897,0.1535,0.2362
840,2026-05-02,01:00,Saturday,Weekend,May,1,226.01,0.949,0.2144,0.2144,0.0172,0.0257,0.1179,0.0536
841,2026-02-20,13:00,Friday,Weekday,February,13,227.69,3.999,0.9105,0.9105,0.2731,0.3096,0.1184,0.2094
842,2026-10-04,01:00,Sunday,Weekend,October,1,230.09,0.904,0.2079,0.2079,0.0166,0.025,0.1144,0.052
843,2026-01-05,14:00,Monday,Weekday,January,14,228.78,2.688,0.6149,0.6149,0.1845,0.2091,0.0799,0.1414
844,2026-04-02,11:00,Thursday,Weekday,April,11,230.76,3.881,0.8955,0.8955,0.2686,0.3045,0.1164,0.206
845,2026-06-19,04:00,Friday,Weekday,June,4,233.2,0.968,0.2257,0.2257,0.0181,0.0271,0.1241,0.0564
846,2026-11-13,19:00,Friday,Weekday,November,19,226.02,8.703,1.9671,1.9671,0.6688,0.6492,0.2557,0.3934
847,2026-01-22,06:00,Thursday,Weekday,January,6,233.05,3.575,0.8331,0.8331,0.3499,0.1666,0.1083,0.2083
848,2026-11-22,23:00,Sunday,Weekend,November,23,229.71,2.329,0.5349,0.5349,0.1819,0.1765,0.0695,0.107
849,2026-01-01,20:00,Thursday,Weekday,January,20,227.87,10.411,2.3724,2.3724,0.8066,0.7829,0.3084,0.4745
850,2026-05-13,09:00,Wednesday,Weekday,May,9,229.71,2.996,0.6881,0.6881,0.289,0.1376,0.0895,0.172
851,2026-08-21,13:00,Friday,Weekday,August,13,230.91,4.677,1.0799,1.0799,0.324,0.3672,0.1404,0.2484
852,2026-01-12,13:00,Monday,Weekday,January,13,231.35,4.067,0.9409,0.9409,0.2823,0.3199,0.1223,0.2164
853,2026-12-12,04:00,Saturday,Weekend,December,4,231.6,1.446,0.3348,0.3348,0.0268,0.0402,0.1841,0.0837
854,2026-02-15,17:00,Sunday,Weekend,February,17,229.52,8.284,1.9013,1.9013,0.6464,0.6274,0.2472,0.3803
855,2026-02-03,23:00,Tuesday,Weekday,February,23,221.67,3.107,0.6887,0.6887,0.2341,0.2273,0.0895,0.1377
856,2026-03-19,13:00,Thursday,Weekday,March,13,231.49,3.25,0.7522,0.7522,0.2257,0.2558,0.0978,0.173
857,2026-08-06,01:00,Thursday,Weekday,August,1,225.07,2.198,0.4946,0.4946,0.0396,0.0594,0.272,0.1237
858,2026-10-28,11:00,Wednesday,Weekday,October,11,228.48,3.658,0.8359,0.8359,0.2508,0.2842,0.1087,0.1923
859,2026-03-14,21:00,Saturday,Weekend,March,21,223.5,7.821,1.7479,1.7479,0.5943,0.5768,0.2272,0.3496
860,2026-10-09,23:00,Friday,Weekday,October,23,234.25,2.186,0.512,0.512,0.1741,0.169,0.0666,0.1024
861,2026-09-06,05:00,Sunday,Weekend,September,5,231.04,1.346,0.311,0.311,0.0249,0.0373,0.1711,0.0778
862,2026-02-16,03:00,Monday,Weekday,February,3,229.19,1.374,0.315,0.315,0.0252,0.0378,0.1732,0.0787
863,2026-05-01,12:00,Friday,Weekday,May,12,233.55,4.6,1.0744,1.0744,0.3223,0.3653,0.1397,0.2471
864,2026-08-02,03:00,Sunday,Weekend,August,3,231.33,1.269,0.2935,0.2935,0.0235,0.0352,0.1614,0.0734
865,2026-08-27,21:00,Thursday,Weekday,August,21,227.6,7.344,1.6715,1.6715,0.5683,0.5516,0.2173,0.3343
866,2026-02-25,13:00,Wednesday,Weekday,February,13,230.99,4.096,0.9462,0.9462,0.2839,0.3217,0.123,0.2176
867,2026-12-16,15:00,Wednesday,Weekday,December,15,229.04,3.261,0.747,0.747,0.2241,0.254,0.0971,0.1718
868,2026-04-17,03:00,Friday,Weekday,April,3,226.9,1.167,0.2649,0.2649,0.0212,0.0318,0.1457,0.0662
869,2026-11-15,23:00,Sunday,Weekend,November,23,232.4,2.299,0.5343,0.5343,0.1817,0.1763,0.0695,0.1069
870,2026-02-17,00:00,Tuesday,Weekday,February,0,229.82,2.078,0.4776,0.4776,0.0382,0.0573,0.2627,0.1194
871,2026-03-02,12:00,Monday,Weekday,March,12,225.6,4.482,1.0112,1.0112,0.3034,0.3438,0.1315,0.2326
872,2026-12-03,03:00,Thursday,Weekday,December,3,231.27,1.684,0.3895,0.3895,0.0312,0.0467,0.2142,0.0974
873,2026-01-26,19:00,Monday,Weekday,January,19,229.03,9.755,2.2342,2.2342,0.7596,0.7373,0.2904,0.4468
874,2026-10-19,17:00,Monday,Weekday,October,17,234.25,6.126,1.435,1.435,0.4879,0.4735,0.1865,0.287
875,2026-09-14,05:00,Monday,Weekday,September,5,230.67,1.569,0.3619,0.3619,0.029,0.0434,0.1991,0.0905
876,2026-01-08,02:00,Thursday,Weekday,January,2,227.05,1.357,0.308,0.308,0.0246,0.037,0.1694,0.077
877,2026-04-23,22:00,Thursday,Weekday,April,22,225.52,3.495,0.7883,0.7883,0.268,0.2601,0.1025,0.1577
878,2026-12-21,12:00,Monday,Weekday,December,12,233.16,4.219,0.9837,0.9837,0.2951,0.3345,0.1279,0.2263
879,2026-09-10,15:00,Thursday,Weekday,September,15,229.84,3.32,0.763,0.763,0.2289,0.2594,0.0992,0.1755
880,2026-06-29,04:00,Monday,Weekday,June,4,227.84,1.66,0.3783,0.3783,0.0303,0.0454,0.208,0.0946
881,2026-07-26,03:00,Sunday,Weekend,July,3,228.2,1.741,0.3974,0.3974,0.0318,0.0477,0.2185,0.0993
882,2026-10-30,20:00,Friday,Weekday,October,20,230.84,7.4,1.7081,1.7081,0.5808,0.5637,0.2221,0.3416
883,2026-05-07,07:00,Thursday,Weekday,May,7,231.18,4.994,1.1544,1.1544,0.4849,0.2309,0.1501,0.2886
884,2026-02-25,18:00,Wednesday,Weekday,February,18,230.65,8.696,2.0058,2.0058,0.682,0.6619,0.2607,0.4012
885,2026-08-02,13:00,Sunday,Weekend,August,13,230.61,5.067,1.1685,1.1685,0.3505,0.3973,0.1519,0.2688
886,2026-01-14,06:00,Wednesday,Weekday,January,6,227.91,3.154,0.7188,0.7188,0.3019,0.1438,0.0934,0.1797
887,2026-01-28,13:00,Wednesday,Weekday,January,13,234.47,4.023,0.9433,0.9433,0.283,0.3207,0.1226,0.2169
888,2026-03-19,05:00,Thursday,Weekday,March,5,229.02,1.232,0.2821,0.2821,0.0226,0.0338,0.1551,0.0705
889,2026-08-04,11:00,Tuesday,Weekday,August,11,232.01,4.443,1.0308,1.0308,0.3092,0.3505,0.134,0.2371
890,2026-12-31,15:00,Thursday,Weekday,December,15,232.71,3.467,0.8067,0.8067,0.242,0.2743,0.1049,0.1855
891,2026-06-03,16:00,Wednesday,Weekday,June,16,230.02,4.514,1.0382,1.0382,0.3115,0.353,0.135,0.2388
892,2026-01-14,12:00,Wednesday,Weekday,January,12,227.22,9.972,2.2659,2.2659,0.6798,0.7704,0.2946,0.5212
893,2026-07-06,22:00,Monday,Weekday,July,22,228.3,5.949,1.3582,1.3582,0.4618,0.4482,0.1766,0.2716
894,2026-11-08,13:00,Sunday,Weekend,November,13,231.69,4.345,1.0068,1.0068,0.302,0.3423,0.1309,0.2316
895,2026-01-07,06:00,Wednesday,Weekday,January,6,231.33,2.959,0.6844,0.6844,0.2875,0.1369,0.089,0.1711
896,2026-01-03,13:00,Saturday,Weekend,January,13,233.25,5.273,1.2299,1.2299,0.369,0.4182,0.1599,0.2829
897,2026-04-21,14:00,Tuesday,Weekday,April,14,232.85,7.713,1.796,1.796,0.5388,0.6106,0.2335,0.4131
898,2026-08-26,11:00,Wednesday,Weekday,August,11,227.62,9.749,2.219,2.219,0.6657,0.7545,0.2885,0.5104
899,2026-12-29,16:00,Tuesday,Weekday,December,16,233.61,4.767,1.1137,1.1137,0.3341,0.3787,0.1448,0.2562
900,2026-08-27,08:00,Thursday,Weekday,August,8,227.43,6.333,1.4403,1.4403,0.6049,0.2881,0.1872,0.3601
901,2026-10-01,21:00,Thursday,Weekday,October,21,231.43,6.95,1.6084,1.6084,0.5468,0.5308,0.2091,0.3217
902,2026-10-21,14:00,Wednesday,Weekday,October,14,236.05,2.199,0.5192,0.5192,0.1558,0.1765,0.0675,0.1194
903,2026-08-15,11:00,Saturday,Weekend,August,11,228.79,8.106,1.8546,1.8546,0.5564,0.6306,0.2411,0.4266
904,2026-01-15,01:00,Thursday,Weekday,January,1,225.55,1.439,0.3246,0.3246,0.026,0.039,0.1786,0.0812
905,2026-07-11,04:00,Saturday,Weekend,July,4,229.19,1.509,0.3457,0.3457,0.0277,0.0415,0.1902,0.0864
906,2026-04-29,12:00,Wednesday,Weekday,April,12,235.44,3.266,0.769,0.769,0.2307,0.2615,0.1,0.1769
907,2026-01-28,19:00,Wednesday,Weekday,January,19,228.7,10.017,2.291,2.291,0.7789,0.756,0.2978,0.4582
908,2026-07-21,22:00,Tuesday,Weekday,July,22,233.32,5.86,1.3673,1.3673,0.4649,0.4512,0.1778,0.2735
909,2026-02-08,07:00,Sunday,Weekend,February,7,227.61,2.542,0.5785,0.5785,0.243,0.1157,0.0752,0.1446
910,2026-09-30,13:00,Wednesday,Weekday,September,13,229.11,4.687,1.0738,1.0738,0.3221,0.3651,0.1396,0.247
911,2026-08-19,14:00,Wednesday,Weekday,August,14,229.46,4.013,0.9207,0.9207,0.2762,0.313,0.1197,0.2118
912,2026-03-27,10:00,Friday,Weekday,March,10,234.88,3.519,0.8266,0.8266,0.248,0.281,0.1075,0.1901
913,2026-05-06,00:00,Wednesday,Weekday,May,0,229.24,1.709,0.3917,0.3917,0.0313,0.047,0.2154,0.0979
914,2026-10-27,20:00,Tuesday,Weekday,October,20,225.04,7.901,1.7782,1.7782,0.6046,0.5868,0.2312,0.3556
915,2026-01-25,02:00,Sunday,Weekend,January,2,235.95,1.1,0.2595,0.2595,0.0208,0.0311,0.1427,0.0649
916,2026-05-25,16:00,Monday,Weekday,May,16,230.57,2.72,0.6271,0.6271,0.1881,0.2132,0.0815,0.1442
917,2026-01-13,18:00,Tuesday,Weekday,January,18,230.95,10.471,2.4182,2.4182,0.8222,0.798,0.3144,0.4836
918,2026-07-31,13:00,Friday,Weekday,July,13,225.98,4.491,1.0148,1.0148,0.3044,0.345,0.1319,0.2334
919,2026-01-25,21:00,Sunday,Weekend,January,21,230.13,8.849,2.0364,2.0364,0.6924,0.672,0.2647,0.4073
920,2026-03-09,22:00,Monday,Weekday,March,22,230.05,3.09,0.7109,0.7109,0.2417,0.2346,0.0924,0.1422
921,2026-03-08,07:00,Sunday,Weekend,March,7,227.58,2.305,0.5246,0.5246,0.2203,0.1049,0.0682,0.1312
922,2026-08-21,12:00,Friday,Weekday,August,12,231.67,5.93,1.3738,1.3738,0.4121,0.4671,0.1786,0.316
923,2026-04-19,19:00,Sunday,Weekend,April,19,223.98,8.92,1.9978,1.9978,0.6792,0.6593,0.2597,0.3996
924,2026-05-26,02:00,Tuesday,Weekday,May,2,227.57,1.259,0.2865,0.2865,0.0229,0.0344,0.1576,0.0716
925,2026-04-21,04:00,Tuesday,Weekday,April,4,233.03,1.076,0.2508,0.2508,0.0201,0.0301,0.1379,0.0627
926,2026-08-16,08:00,Sunday,Weekend,August,8,228.19,3.881,0.8856,0.8856,0.3719,0.1771,0.1151,0.2214
927,2026-04-21,05:00,Tuesday,Weekday,April,5,228.77,1.298,0.2969,0.2969,0.0238,0.0356,0.1633,0.0742
928,2026-02-03,21:00,Tuesday,Weekday,February,21,227.74,7.816,1.7799,1.7799,0.6052,0.5874,0.2314,0.356
929,2026-04-21,01:00,Tuesday,Weekday,April,1,229.07,1.206,0.2762,0.2762,0.0221,0.0331,0.1519,0.0691
930,2026-09-21,12:00,Monday,Weekday,September,12,231.73,4.732,1.0966,1.0966,0.329,0.3729,0.1426,0.2522
931,2026-08-24,04:00,Monday,Weekday,August,4,230.44,1.414,0.3258,0.3258,0.0261,0.0391,0.1792,0.0814
932,2026-03-24,07:00,Tuesday,Weekday,March,7,226.23,6.276,1.4198,1.4198,0.5963,0.284,0.1846,0.3549
933,2026-02-11,22:00,Wednesday,Weekday,February,22,228.16,5.156,1.1765,1.1765,0.4,0.3882,0.1529,0.2353
934,2026-04-11,00:00,Saturday,Weekend,April,0,227.89,1.158,0.2639,0.2639,0.0211,0.0317,0.1451,0.066
935,2026-01-06,19:00,Tuesday,Weekday,January,19,228.51,12.015,2.7455,2.7455,0.9335,0.906,0.3569,0.5491
936,2026-06-29,11:00,Monday,Weekday,June,11,230.28,4.572,1.0529,1.0529,0.3159,0.358,0.1369,0.2422
937,2026-10-09,22:00,Friday,Weekday,October,22,230.77,2.691,0.6209,0.6209,0.2111,0.2049,0.0807,0.1242
938,2026-11-16,10:00,Monday,Weekday,November,10,224.08,3.05,0.6835,0.6835,0.2051,0.2324,0.0889,0.1572
939,2026-08-14,06:00,Friday,Weekday,August,6,232.56,3.087,0.7179,0.7179,0.3015,0.1436,0.0933,0.1795
940,2026-11-11,14:00,Wednesday,Weekday,November,14,229.77,2.575,0.5917,0.5917,0.1775,0.2012,0.0769,0.1361
941,2026-12-31,21:00,Thursday,Weekday,December,21,226.31,9.678,2.1903,2.1903,0.7447,0.7228,0.2847,0.4381
942,2026-08-17,23:00,Monday,Weekday,August,23,232.38,3.353,0.7791,0.7791,0.2649,0.2571,0.1013,0.1558
943,2026-10-16,10:00,Friday,Weekday,October,10,224.74,3.146,0.707,0.707,0.2121,0.2404,0.0919,0.1626
944,2026-05-30,21:00,Saturday,Weekend,May,21,226.06,6.435,1.4547,1.4547,0.4946,0.4801,0.1891,0.2909
945,2026-10-04,15:00,Sunday,Weekend,October,15,235.32,2.718,0.6396,0.6396,0.1919,0.2175,0.0831,0.1471
946,2026-07-17,02:00,Friday,Weekday,July,2,230.37,1.259,0.2901,0.2901,0.0232,0.0348,0.1595,0.0725
947,2026-03-11,19:00,Wednesday,Weekday,March,19,226.04,7.086,1.6017,1.6017,0.5446,0.5286,0.2082,0.3203
948,2026-04-22,13:00,Wednesday,Weekday,April,13,230.27,3.964,0.9128,0.9128,0.2739,0.3104,0.1187,0.21
949,2026-01-04,02:00,Sunday,Weekend,January,2,229.55,1.766,0.4054,0.4054,0.0324,0.0486,0.223,0.1013
950,2026-12-16,00:00,Wednesday,Weekday,December,0,230.09,1.642,0.3777,0.3777,0.0302,0.0453,0.2077,0.0944
951,2026-11-27,20:00,Friday,Weekday,November,20,231.11,8.428,1.9478,1.9478,0.6623,0.6428,0.2532,0.3896
952,2026-11-14,14:00,Saturday,Weekend,November,14,229.5,3.903,0.8959,0.8959,0.2688,0.3046,0.1165,0.206
953,2026-12-16,00:00,Wednesday,Weekday,December,0,230.89,2.145,0.4953,0.4953,0.0396,0.0594,0.2724,0.1238
954,2026-04-05,16:00,Sunday,Weekend,April,16,229.6,3.095,0.7107,0.7107,0.2132,0.2416,0.0924,0.1635
955,2026-06-01,01:00,Monday,Weekday,June,1,227.95,1.148,0.2618,0.2618,0.0209,0.0314,0.144,0.0654
956,2026-11-07,19:00,Saturday,Weekend,November,19,225.81,13.827,3.1224,3.1224,1.0616,1.0304,0.4059,0.6245
957,2026-05-17,05:00,Sunday,Weekend,May,5,233.3,1.048,0.2446,0.2446,0.0196,0.0293,0.1345,0.0611
958,2026-09-04,07:00,Friday,Weekday,September,7,231.62,4.642,1.0751,1.0751,0.4515,0.215,0.1398,0.2688
959,2026-08-31,15:00,Monday,Weekday,August,15,232.59,3.724,0.8661,0.8661,0.2598,0.2945,0.1126,0.1992
960,2026-01-31,18:00,Saturday,Weekend,January,18,229.61,10.806,2.4811,2.4811,0.8436,0.8188,0.3225,0.4962
961,2026-02-09,00:00,Monday,Weekday,February,0,230.56,1.958,0.4515,0.4515,0.0361,0.0542,0.2483,0.1129
962,2026-08-17,02:00,Monday,Weekday,August,2,229.55,1.416,0.325,0.325,0.026,0.039,0.1788,0.0813
963,2026-02-05,02:00,Thursday,Weekday,February,2,232.89,1.475,0.3436,0.3436,0.0275,0.0412,0.189,0.0859
964,2026-08-11,04:00,Tuesday,Weekday,August,4,229.14,1.577,0.3614,0.3614,0.0289,0.0434,0.1988,0.0904
965,2026-01-06,11:00,Tuesday,Weekday,January,11,227.54,5.655,1.2868,1.2868,0.386,0.4375,0.1673,0.296
966,2026-11-18,11:00,Wednesday,Weekday,November,11,231.3,2.951,0.6826,0.6826,0.2048,0.2321,0.0887,0.157
967,2026-08-08,19:00,Saturday,Weekend,August,19,229.3,14.206,3.2575,3.2575,1.1076,1.075,0.4235,0.6515
968,2026-03-16,12:00,Monday,Weekday,March,12,230.62,4.208,0.9704,0.9704,0.2911,0.3299,0.1262,0.2232
969,2026-01-04,19:00,Sunday,Weekend,January,19,229.69,14.206,3.2629,3.2629,1.1094,1.0768,0.4242,0.6526
970,2026-12-01,08:00,Tuesday,Weekday,December,8,228.55,5.718,1.3068,1.3068,0.5488,0.2614,0.1699,0.3267
971,2026-05-14,06:00,Thursday,Weekday,May,6,229.45,2.94,0.6745,0.6745,0.2833,0.1349,0.0877,0.1686
972,2026-04-28,03:00,Tuesday,Weekday,April,3,229.22,1.141,0.2616,0.2616,0.0209,0.0314,0.1439,0.0654
973,2026-04-04,18:00,Saturday,Weekend,April,18,230.78,7.409,1.7098,1.7098,0.5813,0.5642,0.2223,0.342
974,2026-03-03,21:00,Tuesday,Weekday,March,21,230.04,6.259,1.4397,1.4397,0.4895,0.4751,0.1872,0.2879
975,2026-07-13,18:00,Monday,Weekday,July,18,228.3,10.885,2.485,2.485,0.8449,0.82,0.323,0.497
976,2026-12-01,05:00,Tuesday,Weekday,December,5,227.11,1.514,0.3438,0.3438,0.0275,0.0413,0.1891,0.086
977,2026-07-22,12:00,Wednesday,Weekday,July,12,231.83,5.969,1.3837,1.3837,0.4151,0.4705,0.1799,0.3182
978,2026-01-26,10:00,Monday,Weekday,January,10,231.07,4.688,1.0832,1.0832,0.325,0.3683,0.1408,0.2491
979,2026-06-22,12:00,Monday,Weekday,June,12,227.91,4.813,1.097,1.097,0.3291,0.373,0.1426,0.2523
980,2026-10-27,12:00,Tuesday,Weekday,October,12,234.81,3.883,0.9118,0.9118,0.2735,0.31,0.1185,0.2097
981,2026-05-13,21:00,Wednesday,Weekday,May,21,229.62,7.175,1.6476,1.6476,0.5602,0.5437,0.2142,0.3295
982,2026-11-22,19:00,Sunday,Weekend,November,19,227.45,10.628,2.4173,2.4173,0.8219,0.7977,0.3143,0.4835
983,2026-04-28,14:00,Tuesday,Weekday,April,14,229.99,2.714,0.6241,0.6241,0.1872,0.2122,0.0811,0.1436
984,2026-11-20,20:00,Friday,Weekday,November,20,226.28,7.734,1.7501,1.7501,0.595,0.5775,0.2275,0.35
985,2026-10-02,12:00,Friday,Weekday,October,12,233.86,3.097,0.7242,0.7242,0.2173,0.2462,0.0941,0.1666
986,2026-07-31,21:00,Friday,Weekday,July,21,231.74,8.483,1.9658,1.9658,0.6684,0.6487,0.2556,0.3932
987,2026-08-13,10:00,Thursday,Weekday,August,10,231.14,3.368,0.7785,0.7785,0.2336,0.2647,0.1012,0.1791
988,2026-01-20,18:00,Tuesday,Weekday,January,18,232.01,8.798,2.0412,2.0412,0.694,0.6736,0.2654,0.4082
989,2026-04-23,07:00,Thursday,Weekday,April,7,227.4,3.598,0.8182,0.8182,0.3436,0.1636,0.1064,0.2045
990,2026-05-20,19:00,Wednesday,Weekday,May,19,230.17,8.885,2.045,2.045,0.6953,0.6748,0.2658,0.409
991,2026-02-16,07:00,Monday,Weekday,February,7,231.37,5.973,1.382,1.382,0.5805,0.2764,0.1797,0.3455
992,2026-01-01,09:00,Thursday,Weekday,January,9,229.42,4.047,0.9284,0.9284,0.3899,0.1857,0.1207,0.2321
993,2026-03-31,15:00,Tuesday,Weekday,March,15,229.44,3.253,0.7464,0.7464,0.2239,0.2538,0.097,0.1717
994,2026-05-22,18:00,Friday,Weekday,May,18,232.31,5.784,1.3438,1.3438,0.4569,0.4434,0.1747,0.2688
995,2026-11-16,22:00,Monday,Weekday,November,22,232.12,5.178,1.2019,1.2019,0.4086,0.3966,0.1562,0.2404
996,2026-02-07,10:00,Saturday,Weekend,February,10,226.44,4.871,1.1031,1.1031,0.3309,0.375,0.1434,0.2537
997,2026-10-20,12:00,Tuesday,Weekday,October,12,234.54,3.471,0.814,0.814,0.2442,0.2768,0.1058,0.1872
998,2026-05-19,08:00,Tuesday,Weekday,May,8,232.86,4.931,1.1482,1.1482,0.4823,0.2296,0.1493,0.2871
999,2026-12-22,19:00,Tuesday,Weekday,December,19,228.43,10.784,2.4634,2.4634,0.8376,0.8129,0.3202,0.4927
1000,2026-11-29,23:00,Sunday,Weekend,November,23,228.02,2.352,0.5364,0.5364,0.1824,0.177,0.0697,0.1073
1001,2026-09-16,18:00,Wednesday,Weekday,September,18,230.82,6.604,1.5244,1.5244,0.5183,0.5031,0.1982,0.3049
1002,2026-06-10,15:00,Wednesday,Weekday,June,15,231.24,3.46,0.8001,0.8001,0.24,0.272,0.104,0.184
1003,2026-06-27,06:00,Saturday,Weekend,June,6,231.79,2.32,0.5377,0.5377,0.2258,0.1075,0.0699,0.1344
1004,2026-01-10,18:00,Saturday,Weekend,January,18,229.49,11.365,2.6081,2.6081,0.8868,0.8607,0.3391,0.5216
1005,2026-09-18,11:00,Friday,Weekday,September,11,233.04,4.344,1.0123,1.0123,0.3037,0.3442,0.1316,0.2328
1006,2026-05-18,14:00,Monday,Weekday,May,14,232.14,2.738,0.6357,0.6357,0.1907,0.2161,0.0826,0.1462
1007,2026-06-21,22:00,Sunday,Weekend,June,22,228.67,4.386,1.0029,1.0029,0.341,0.331,0.1304,0.2006
1008,2026-01-13,13:00,Tuesday,Weekday,January,13,228.52,4.463,1.0198,1.0198,0.306,0.3467,0.1326,0.2346
1009,2026-06-17,10:00,Wednesday,Weekday,June,10,230.89,3.794,0.876,0.876,0.2628,0.2978,0.1139,0.2015
1010,2026-05-10,09:00,Sunday,Weekend,May,9,235.72,3.263,0.7691,0.7691,0.323,0.1538,0.1,0.1923
1011,2026-03-25,10:00,Wednesday,Weekday,March,10,229.63,3.545,0.8141,0.8141,0.2442,0.2768,0.1058,0.1872
1012,2026-11-17,05:00,Tuesday,Weekday,November,5,230.91,1.334,0.3081,0.3081,0.0246,0.037,0.1694,0.077
1013,2026-11-15,01:00,Sunday,Weekend,November,1,232.24,0.937,0.2177,0.2177,0.0174,0.0261,0.1197,0.0544
1014,2026-04-11,10:00,Saturday,Weekend,April,10,228.95,3.046,0.6974,0.6974,0.2092,0.2371,0.0907,0.1604
1015,2026-11-25,18:00,Wednesday,Weekday,November,18,229.39,7.603,1.744,1.744,0.593,0.5755,0.2267,0.3488
1016,2026-09-30,05:00,Wednesday,Weekday,September,5,230.03,1.272,0.2927,0.2927,0.0234,0.0351,0.161,0.0732
1017,2026-09-22,13:00,Tuesday,Weekday,September,13,233.12,2.412,0.5623,0.5623,0.1687,0.1912,0.0731,0.1293
1018,2026-02-07,19:00,Saturday,Weekend,February,19,225.04,27.598,6.2107,6.2107,2.1117,2.0495,0.8074,1.2421
1019,2026-04-04,05:00,Saturday,Weekend,April,5,235.78,2.394,0.5644,0.5644,0.0452,0.0677,0.3104,0.1411
1020,2026-04-05,16:00,Sunday,Weekend,April,16,229.22,3.76,0.8619,0.8619,0.2586,0.293,0.112,0.1982
1021,2026-11-01,09:00,Sunday,Weekend,November,9,231.3,4.131,0.9554,0.9554,0.4013,0.1911,0.1242,0.2389
1022,2026-03-10,00:00,Tuesday,Weekday,March,0,230.01,1.687,0.388,0.388,0.031,0.0466,0.2134,0.097
1023,2026-11-14,02:00,Saturday,Weekend,November,2,227.3,1.233,0.2802,0.2802,0.0224,0.0336,0.1541,0.0701
1024,2026-08-24,07:00,Monday,Weekday,August,7,232.08,5.375,1.2474,1.2474,0.5239,0.2495,0.1622,0.3118
1025,2026-11-30,07:00,Monday,Weekday,November,7,229.34,5.422,1.2434,1.2434,0.5222,0.2487,0.1616,0.3109
1026,2026-05-17,19:00,Sunday,Weekend,May,19,228.54,11.682,2.6699,2.6699,0.9078,0.8811,0.3471,0.534
1027,2026-03-17,21:00,Tuesday,Weekday,March,21,225.94,7.557,1.7074,1.7074,0.5805,0.5634,0.222,0.3415
1028,2026-02-04,14:00,Wednesday,Weekday,February,14,229.35,2.824,0.6476,0.6476,0.1943,0.2202,0.0842,0.149
1029,2026-01-01,23:00,Thursday,Weekday,January,23,229.26,2.686,0.6157,0.6157,0.2094,0.2032,0.08,0.1231
1030,2026-10-23,06:00,Friday,Weekday,October,6,231.38,2.062,0.4772,0.4772,0.2004,0.0954,0.062,0.1193
1031,2026-11-16,10:00,Monday,Weekday,November,10,230.77,3.082,0.7112,0.7112,0.2134,0.2418,0.0925,0.1636
1032,2026-03-01,06:00,Sunday,Weekend,March,6,229.56,1.988,0.4563,0.4563,0.1916,0.0913,0.0593,0.1141
1033,2026-11-16,03:00,Monday,Weekday,November,3,229.08,1.216,0.2786,0.2786,0.0223,0.0334,0.1532,0.0697
1034,2026-12-15,11:00,Tuesday,Weekday,December,11,230.79,4.749,1.0959,1.0959,0.3288,0.3726,0.1425,0.2521
1035,2026-11-24,05:00,Tuesday,Weekday,November,5,230.49,1.703,0.3925,0.3925,0.0314,0.0471,0.2159,0.0981
1036,2026-09-24,13:00,Thursday,Weekday,September,13,230.32,3.183,0.7332,0.7332,0.22,0.2493,0.0953,0.1686
1037,2026-12-27,11:00,Sunday,Weekend,December,11,234.92,9.639,2.2645,2.2645,0.6794,0.7699,0.2944,0.5208
1038,2026-08-17,10:00,Monday,Weekday,August,10,231.38,3.654,0.8456,0.8456,0.2537,0.2875,0.1099,0.1945
1039,2026-09-27,18:00,Sunday,Weekend,September,18,232.61,8.691,2.0217,2.0217,0.6874,0.6672,0.2628,0.4043
1040,2026-11-12,20:00,Thursday,Weekday,November,20,228.95,17.656,4.0423,4.0423,1.3744,1.334,0.5255,0.8085
1041,2026-10-13,04:00,Tuesday,Weekday,October,4,229.88,1.186,0.2727,0.2727,0.0218,0.0327,0.15,0.0682
1042,2026-10-18,13:00,Sunday,Weekend,October,13,228.74,3.689,0.8439,0.8439,0.2532,0.2869,0.1097,0.1941
1043,2026-08-01,20:00,Saturday,Weekend,August,20,227.84,14.391,3.2789,3.2789,1.1148,1.082,0.4263,0.6558
1044,2026-06-14,23:00,Sunday,Weekend,June,23,229.19,2.091,0.4792,0.4792,0.1629,0.1581,0.0623,0.0958
1045,2026-01-05,15:00,Monday,Weekday,January,15,228.83,4.21,0.9633,0.9633,0.289,0.3275,0.1252,0.2216
1046,2026-12-05,12:00,Saturday,Weekend,December,12,222.25,7.68,1.7068,1.7068,0.512,0.5803,0.2219,0.3926
1047,2026-03-19,21:00,Thursday,Weekday,March,21,231.85,7.497,1.7382,1.7382,0.591,0.5736,0.226,0.3476
1048,2026-03-03,21:00,Tuesday,Weekday,March,21,229.04,5.829,1.335,1.335,0.4539,0.4405,0.1735,0.267
1049,2026-05-12,19:00,Tuesday,Weekday,May,19,233.49,7.75,1.8096,1.8096,0.6153,0.5972,0.2352,0.3619
1050,2026-03-30,21:00,Monday,Weekday,March,21,229.76,6.029,1.3853,1.3853,0.471,0.4571,0.1801,0.2771
1051,2026-08-25,03:00,Tuesday,Weekday,August,3,231.61,1.516,0.3512,0.3512,0.0281,0.0421,0.1932,0.0878
1052,2026-02-11,10:00,Wednesday,Weekday,February,10,230.19,3.743,0.8617,0.8617,0.2585,0.293,0.112,0.1982
1053,2026-03-30,16:00,Monday,Weekday,March,16,231.04,3.08,0.7117,0.7117,0.2135,0.242,0.0925,0.1637
1054,2026-10-23,06:00,Friday,Weekday,October,6,227.48,2.078,0.4727,0.4727,0.1985,0.0945,0.0614,0.1182
1055,2026-11-24,13:00,Tuesday,Weekday,November,13,232.96,2.695,0.6278,0.6278,0.1883,0.2134,0.0816,0.1444
1056,2026-10-22,10:00,Thursday,Weekday,October,10,229.08,3.494,0.8004,0.8004,0.2401,0.2721,0.104,0.1841
1057,2026-04-14,21:00,Tuesday,Weekday,April,21,229.41,7.303,1.6755,1.6755,0.5697,0.5529,0.2178,0.3351
1058,2026-01-14,08:00,Wednesday,Weekday,January,8,225.48,7.554,1.7034,1.7034,0.7154,0.3407,0.2214,0.4259
1059,2026-10-15,22:00,Thursday,Weekday,October,22,228.11,3.231,0.7371,0.7371,0.2506,0.2432,0.0958,0.1474
1060,2026-06-28,12:00,Sunday,Weekend,June,12,230.93,5.235,1.209,1.209,0.3627,0.4111,0.1572,0.2781
1061,2026-05-05,22:00,Tuesday,Weekday,May,22,229.59,3.644,0.8365,0.8365,0.2844,0.2761,0.1087,0.1673
1062,2026-12-19,17:00,Saturday,Weekend,December,17,228.97,8.848,2.0259,2.0259,0.6888,0.6685,0.2634,0.4052
1063,2026-01-23,10:00,Friday,Weekday,January,10,230.52,4.128,0.9516,0.9516,0.2855,0.3236,0.1237,0.2189
1064,2026-03-04,14:00,Wednesday,Weekday,March,14,234.57,3.567,0.8367,0.8367,0.251,0.2845,0.1088,0.1925
1065,2026-05-23,21:00,Saturday,Weekend,May,21,231.35,4.871,1.1269,1.1269,0.3831,0.3719,0.1465,0.2254
1066,2026-06-02,18:00,Tuesday,Weekday,June,18,226.6,8.948,2.0276,2.0276,0.6894,0.6691,0.2636,0.4055
1067,2026-05-25,00:00,Monday,Weekday,May,0,229.02,1.555,0.3561,0.3561,0.0285,0.0427,0.1959,0.089
1068,2026-08-13,03:00,Thursday,Weekday,August,3,233.01,1.218,0.2837,0.2837,0.0227,0.034,0.156,0.0709
1069,2026-11-05,13:00,Thursday,Weekday,November,13,226.18,3.169,0.7167,0.7167,0.215,0.2437,0.0932,0.1648
1070,2026-04-14,13:00,Tuesday,Weekday,April,13,231.4,3.769,0.8721,0.8721,0.2616,0.2965,0.1134,0.2006
1071,2026-04-14,02:00,Tuesday,Weekday,April,2,227.21,1.43,0.325,0.325,0.026,0.039,0.1787,0.0812
1072,2026-02-08,16:00,Sunday,Weekend,February,16,232.77,4.83,1.1242,1.1242,0.3373,0.3822,0.1462,0.2586
1073,2026-07-17,02:00,Friday,Weekday,July,2,228.92,1.537,0.3518,0.3518,0.0281,0.0422,0.1935,0.088
1074,2026-05-14,15:00,Thursday,Weekday,May,15,231.32,2.874,0.6648,0.6648,0.1994,0.226,0.0864,0.1529
1075,2026-03-08,13:00,Sunday,Weekend,March,13,230.09,5.546,1.2761,1.2761,0.3828,0.4339,0.1659,0.2935
1076,2026-06-28,19:00,Sunday,Weekend,June,19,225.15,13.681,3.0801,3.0801,1.0472,1.0164,0.4004,0.616
1077,2026-02-11,12:00,Wednesday,Weekday,February,12,231.6,11.109,2.5729,2.5729,0.7719,0.8748,0.3345,0.5918
1078,2026-01-15,14:00,Thursday,Weekday,January,14,228.2,4.506,1.0283,1.0283,0.3085,0.3496,0.1337,0.2365
1079,2026-04-21,13:00,Tuesday,Weekday,April,13,232.0,3.155,0.7319,0.7319,0.2196,0.2488,0.0951,0.1683
1080,2026-06-06,23:00,Saturday,Weekend,June,23,227.5,2.301,0.5234,0.5234,0.178,0.1727,0.068,0.1047
1081,2026-10-16,18:00,Friday,Weekday,October,18,230.61,4.563,1.0522,1.0522,0.3578,0.3472,0.1368,0.2104
1082,2026-08-19,05:00,Wednesday,Weekday,August,5,230.1,1.612,0.371,0.371,0.0297,0.0445,0.204,0.0927
1083,2026-06-06,09:00,Saturday,Weekend,June,9,228.49,4.262,0.9737,0.9737,0.409,0.1947,0.1266,0.2434
1084,2026-02-07,14:00,Saturday,Weekend,February,14,233.45,5.192,1.2121,1.2121,0.3636,0.4121,0.1576,0.2788
1085,2026-04-07,20:00,Tuesday,Weekday,April,20,228.61,8.906,2.036,2.036,0.6922,0.6719,0.2647,0.4072
1086,2026-10-16,21:00,Friday,Weekday,October,21,228.95,6.355,1.4549,1.4549,0.4947,0.4801,0.1891,0.291
1087,2026-09-11,19:00,Friday,Weekday,September,19,229.07,6.936,1.5888,1.5888,0.5402,0.5243,0.2065,0.3178
1088,2026-07-15,05:00,Wednesday,Weekday,July,5,226.36,2.323,0.5259,0.5259,0.0421,0.0631,0.2893,0.1315
1089,2026-03-27,22:00,Friday,Weekday,March,22,236.13,3.482,0.8222,0.8222,0.2795,0.2713,0.1069,0.1644
1090,2026-11-18,09:00,Wednesday,Weekday,November,9,227.29,4.751,1.0797,1.0797,0.4535,0.2159,0.1404,0.2699
1091,2026-01-10,06:00,Saturday,Weekend,January,6,231.38,2.129,0.4927,0.4927,0.2069,0.0985,0.064,0.1232
1092,2026-01-05,21:00,Monday,Weekday,January,21,229.49,8.43,1.9346,1.9346,0.6578,0.6384,0.2515,0.3869
1093,2026-05-03,16:00,Sunday,Weekend,May,16,232.95,3.533,0.823,0.823,0.2469,0.2798,0.107,0.1893
1094,2026-11-26,17:00,Thursday,Weekday,November,17,230.44,5.47,1.2604,1.2604,0.4285,0.4159,0.1639,0.2521
1095,2026-12-19,16:00,Saturday,Weekend,December,16,228.4,6.269,1.4319,1.4319,0.4296,0.4868,0.1861,0.3293
1096,2026-04-28,08:00,Tuesday,Weekday,April,8,225.36,4.634,1.0442,1.0442,0.4386,0.2088,0.1358,0.2611
1097,2026-10-21,09:00,Wednesday,Weekday,October,9,225.55,3.138,0.7077,0.7077,0.2972,0.1415,0.092,0.1769
1098,2026-06-08,09:00,Monday,Weekday,June,9,229.4,4.442,1.0189,1.0189,0.4279,0.2038,0.1325,0.2547
1099,2026-10-30,06:00,Friday,Weekday,October,6,233.43,2.398,0.5596,0.5596,0.2351,0.1119,0.0728,0.1399
1100,2026-08-16,15:00,Sunday,Weekend,August,15,225.82,5.98,1.3504,1.3504,0.4051,0.4591,0.1756,0.3106
1101,2026-12-31,17:00,Thursday,Weekday,December,17,233.1,6.54,1.5246,1.5246,0.5184,0.5031,0.1982,0.3049
1102,2026-08-04,05:00,Tuesday,Weekday,August,5,232.72,2.247,0.5229,0.5229,0.0418,0.0627,0.2876,0.1307
1103,2026-07-03,19:00,Friday,Weekday,July,19,225.91,8.982,2.0291,2.0291,0.6899,0.6696,0.2638,0.4058
1104,2026-01-15,00:00,Thursday,Weekday,January,0,227.29,1.702,0.3868,0.3868,0.0309,0.0464,0.2127,0.0967
1105,2026-06-06,00:00,Saturday,Weekend,June,0,227.54,1.686,0.3835,0.3835,0.0307,0.046,0.211,0.0959
1106,2026-05-16,11:00,Saturday,Weekend,May,11,230.75,3.224,0.744,0.744,0.2232,0.253,0.0967,0.1711
1107,2026-09-18,20:00,Friday,Weekday,September,20,227.03,7.94,1.8025,1.8025,0.6129,0.5948,0.2343,0.3605
1108,2026-06-06,01:00,Saturday,Weekend,June,1,229.77,1.447,0.3325,0.3325,0.0266,0.0399,0.1829,0.0831
1109,2026-02-16,03:00,Monday,Weekday,February,3,228.74,1.6,0.3661,0.3661,0.0293,0.0439,0.2013,0.0915
1110,2026-11-20,16:00,Friday,Weekday,November,16,230.45,3.556,0.8195,0.8195,0.2459,0.2786,0.1065,0.1885
1111,2026-11-28,03:00,Saturday,Weekend,November,3,232.09,1.073,0.249,0.249,0.0199,0.0299,0.1369,0.0622
1112,2026-06-22,10:00,Monday,Weekday,June,10,229.68,3.725,0.8556,0.8556,0.2567,0.2909,0.1112,0.1968
1113,2026-05-10,21:00,Sunday,Weekend,May,21,226.79,6.844,1.5522,1.5522,0.5277,0.5122,0.2018,0.3104
1114,2026-04-05,03:00,Sunday,Weekend,April,3,232.48,0.945,0.2196,0.2196,0.0176,0.0264,0.1208,0.0549
1115,2026-04-25,00:00,Saturday,Weekend,April,0,229.45,1.229,0.282,0.282,0.0226,0.0338,0.1551,0.0705
1116,2026-08-31,06:00,Monday,Weekday,August,6,231.38,3.573,0.8267,0.8267,0.3472,0.1653,0.1075,0.2067
1117,2026-10-19,17:00,Monday,Weekday,October,17,229.75,4.585,1.0534,1.0534,0.3582,0.3476,0.1369,0.2107
1118,2026-10-09,08:00,Friday,Weekday,October,8,232.71,4.919,1.1447,1.1447,0.4808,0.2289,0.1488,0.2862
1119,2026-10-26,02:00,Monday,Weekday,October,2,233.08,1.146,0.267,0.267,0.0214,0.032,0.1469,0.0668
1120,2026-10-10,07:00,Saturday,Weekend,October,7,233.0,2.226,0.5186,0.5186,0.2178,0.1037,0.0674,0.1297
1121,2026-03-10,23:00,Tuesday,Weekday,March,23,228.62,2.79,0.6378,0.6378,0.2169,0.2105,0.0829,0.1276
1122,2026-05-28,18:00,Thursday,Weekday,May,18,228.59,5.93,1.3555,1.3555,0.4609,0.4473,0.1762,0.2711
1123,2026-01-11,03:00,Sunday,Weekend,January,3,232.18,1.452,0.3372,0.3372,0.027,0.0405,0.1854,0.0843
1124,2026-09-11,17:00,Friday,Weekday,September,17,229.84,5.458,1.2544,1.2544,0.4265,0.414,0.1631,0.2509
1125,2026-11-26,19:00,Thursday,Weekday,November,19,227.96,7.358,1.6773,1.6773,0.5703,0.5535,0.218,0.3355
1126,2026-12-26,10:00,Saturday,Weekend,December,10,228.26,3.816,0.8709,0.8709,0.2613,0.2961,0.1132,0.2003
1127,2026-02-07,13:00,Saturday,Weekend,February,13,233.52,3.108,0.7258,0.7258,0.2177,0.2468,0.0944,0.1669
1128,2026-05-14,17:00,Thursday,Weekday,May,17,232.6,5.54,1.2886,1.2886,0.4381,0.4252,0.1675,0.2577
1129,2026-07-19,15:00,Sunday,Weekend,July,15,229.7,3.723,0.8551,0.8551,0.2565,0.2907,0.1112,0.1967
1130,2026-01-23,02:00,Friday,Weekday,January,2,228.39,1.75,0.3997,0.3997,0.032,0.048,0.2199,0.0999
1131,2026-10-30,14:00,Friday,Weekday,October,14,228.28,3.065,0.6996,0.6996,0.2099,0.2379,0.0909,0.1609
1132,2026-12-12,03:00,Saturday,Weekend,December,3,230.33,1.066,0.2456,0.2456,0.0197,0.0295,0.1351,0.0614
1133,2026-10-29,04:00,Thursday,Weekday,October,4,230.97,1.252,0.2892,0.2892,0.0231,0.0347,0.1591,0.0723
1134,2026-12-29,16:00,Tuesday,Weekday,December,16,227.84,4.009,0.9134,0.9134,0.274,0.3106,0.1187,0.2101
1135,2026-08-06,06:00,Thursday,Weekday,August,6,226.89,2.823,0.6405,0.6405,0.269,0.1281,0.0833,0.1601
1136,2026-05-21,15:00,Thursday,Weekday,May,15,230.2,2.612,0.6012,0.6012,0.1804,0.2044,0.0782,0.1383
1137,2026-04-14,13:00,Tuesday,Weekday,April,13,232.16,2.942,0.6829,0.6829,0.2049,0.2322,0.0888,0.1571
1138,2026-07-29,15:00,Wednesday,Weekday,July,15,230.18,4.217,0.9706,0.9706,0.2912,0.33,0.1262,0.2232
1139,2026-04-21,06:00,Tuesday,Weekday,April,6,229.38,2.306,0.5289,0.5289,0.2222,0.1058,0.0688,0.1322
1140,2026-04-14,08:00,Tuesday,Weekday,April,8,227.17,5.732,1.3021,1.3021,0.5469,0.2604,0.1693,0.3255
1141,2026-11-12,03:00,Thursday,Weekday,November,3,228.42,1.277,0.2916,0.2916,0.0233,0.035,0.1604,0.0729
1142,2026-06-20,21:00,Saturday,Weekend,June,21,231.5,8.713,2.0171,2.0171,0.6858,0.6656,0.2622,0.4034
1143,2026-12-22,10:00,Tuesday,Weekday,December,10,226.87,4.89,1.1093,1.1093,0.3328,0.3772,0.1442,0.2551
1144,2026-11-20,01:00,Friday,Weekday,November,1,234.43,1.458,0.3419,0.3419,0.0273,0.041,0.188,0.0855
1145,2026-05-13,11:00,Wednesday,Weekday,May,11,230.21,3.992,0.9191,0.9191,0.2757,0.3125,0.1195,0.2114
1146,2026-10-20,11:00,Tuesday,Weekday,October,11,226.03,3.516,0.7948,0.7948,0.2384,0.2702,0.1033,0.1828
1147,2026-11-24,03:00,Tuesday,Weekday,November,3,231.26,1.545,0.3572,0.3572,0.0286,0.0429,0.1965,0.0893
1148,2026-05-07,17:00,Thursday,Weekday,May,17,231.13,4.971,1.1488,1.1488,0.3906,0.3791,0.1493,0.2298
1149,2026-04-16,20:00,Thursday,Weekday,April,20,227.16,8.112,1.8428,1.8428,0.6266,0.6081,0.2396,0.3686
1150,2026-04-02,06:00,Thursday,Weekday,April,6,232.35,2.409,0.5598,0.5598,0.2351,0.112,0.0728,0.14
1151,2026-10-14,00:00,Wednesday,Weekday,October,0,228.45,0.806,0.1842,0.1842,0.0147,0.0221,0.1013,0.046
1152,2026-02-20,22:00,Friday,Weekday,February,22,231.58,3.498,0.8101,0.8101,0.2754,0.2673,0.1053,0.162
1153,2026-01-29,12:00,Thursday,Weekday,January,12,229.91,5.486,1.2612,1.2612,0.3784,0.4288,0.164,0.2901
1154,2026-10-23,05:00,Friday,Weekday,October,5,229.29,1.344,0.3081,0.3081,0.0246,0.037,0.1695,0.077
1155,2026-10-24,05:00,Saturday,Weekend,October,5,233.36,2.488,0.5807,0.5807,0.0465,0.0697,0.3194,0.1452
1156,2026-08-02,11:00,Sunday,Weekend,August,11,232.46,5.368,1.2478,1.2478,0.3743,0.4242,0.1622,0.287
1157,2026-09-24,07:00,Thursday,Weekday,September,7,227.23,4.401,1.0,1.0,0.42,0.2,0.13,0.25
1158,2026-09-14,23:00,Monday,Weekday,September,23,230.95,2.581,0.596,0.596,0.2027,0.1967,0.0775,0.1192
1159,2026-10-29,21:00,Thursday,Weekday,October,21,234.73,6.29,1.4765,1.4765,0.502,0.4872,0.1919,0.2953
1160,2026-04-11,18:00,Saturday,Weekend,April,18,232.06,10.188,2.3641,2.3641,0.8038,0.7802,0.3073,0.4728
1161,2026-12-12,04:00,Saturday,Weekend,December,4,227.73,1.521,0.3464,0.3464,0.0277,0.0416,0.1905,0.0866
1162,2026-04-20,17:00,Monday,Weekday,April,17,233.99,5.173,1.2104,1.2104,0.4115,0.3994,0.1574,0.2421
1163,2026-07-01,04:00,Wednesday,Weekday,July,4,232.33,1.769,0.411,0.411,0.0329,0.0493,0.226,0.1027
1164,2026-11-09,09:00,Monday,Weekday,November,9,227.38,4.282,0.9737,0.9737,0.409,0.1947,0.1266,0.2434
1165,2026-01-01,00:00,Thursday,Weekday,January,0,230.52,4.25,0.9798,0.9798,0.0784,0.1176,0.5389,0.2449
1166,2026-11-15,09:00,Sunday,Weekend,November,9,231.19,4.571,1.0568,1.0568,0.4439,0.2114,0.1374,0.2642
1167,2026-02-24,04:00,Tuesday,Weekday,February,4,227.31,1.229,0.2793,0.2793,0.0223,0.0335,0.1536,0.0698
1168,2026-05-29,11:00,Friday,Weekday,May,11,231.77,2.551,0.5913,0.5913,0.1774,0.201,0.0769,0.136
1169,2026-11-05,21:00,Thursday,Weekday,November,21,236.07,6.119,1.4445,1.4445,0.4911,0.4767,0.1878,0.2889
1170,2026-05-17,06:00,Sunday,Weekend,May,6,233.41,1.735,0.405,0.405,0.1701,0.081,0.0527,0.1013
1171,2026-07-21,08:00,Tuesday,Weekday,July,8,228.67,8.306,1.8994,1.8994,0.7977,0.3799,0.2469,0.4748
1172,2026-11-09,21:00,Monday,Weekday,November,21,228.11,6.587,1.5025,1.5025,0.5108,0.4958,0.1953,0.3005
1173,2026-04-27,20:00,Monday,Weekday,April,20,228.42,7.153,1.6339,1.6339,0.5555,0.5392,0.2124,0.3268
1174,2026-06-03,11:00,Wednesday,Weekday,June,11,227.56,4.255,0.9682,0.9682,0.2905,0.3292,0.1259,0.2227
1175,2026-10-18,22:00,Sunday,Weekend,October,22,228.81,3.981,0.911,0.911,0.3097,0.3006,0.1184,0.1822
1176,2026-03-04,00:00,Wednesday,Weekday,March,0,225.1,1.0,0.2251,0.2251,0.018,0.027,0.1238,0.0563
1177,2026-09-01,10:00,Tuesday,Weekday,September,10,231.09,2.852,0.6591,0.6591,0.1977,0.2241,0.0857,0.1516
1178,2026-01-25,20:00,Sunday,Weekend,January,20,227.97,17.385,3.9634,3.9634,1.3475,1.3079,0.5152,0.7927
1179,2026-03-31,14:00,Tuesday,Weekday,March,14,231.55,3.353,0.7764,0.7764,0.2329,0.264,0.1009,0.1786
1180,2026-03-16,01:00,Monday,Weekday,March,1,230.3,1.577,0.3632,0.3632,0.0291,0.0436,0.1997,0.0908
1181,2026-10-21,19:00,Wednesday,Weekday,October,19,227.47,5.672,1.2902,1.2902,0.4387,0.4258,0.1677,0.258
1182,2026-07-29,06:00,Wednesday,Weekday,July,6,230.5,2.893,0.6669,0.6669,0.2801,0.1334,0.0867,0.1667
1183,2026-12-13,20:00,Sunday,Weekend,December,20,225.28,13.366,3.011,3.011,1.0237,0.9936,0.3914,0.6022
1184,2026-01-17,11:00,Saturday,Weekend,January,11,231.82,7.114,1.6492,1.6492,0.4948,0.5607,0.2144,0.3793
1185,2026-05-08,21:00,Friday,Weekday,May,21,227.89,5.53,1.2602,1.2602,0.4285,0.4159,0.1638,0.252
1186,2026-12-30,17:00,Wednesday,Weekday,December,17,228.82,5.941,1.3594,1.3594,0.4622,0.4486,0.1767,0.2719
1187,2026-09-08,02:00,Tuesday,Weekday,September,2,227.47,1.207,0.2746,0.2746,0.022,0.0329,0.151,0.0686
1188,2026-06-28,06:00,Sunday,Weekend,June,6,227.25,1.823,0.4143,0.4143,0.174,0.0829,0.0539,0.1036
1189,2026-07-01,10:00,Wednesday,Weekday,July,10,230.08,4.366,1.0045,1.0045,0.3013,0.3415,0.1306,0.231
1190,2026-06-01,17:00,Monday,Weekday,June,17,226.89,4.692,1.0646,1.0646,0.362,0.3513,0.1384,0.2129
1191,2026-01-25,11:00,Sunday,Weekend,January,11,229.53,5.991,1.3751,1.3751,0.4125,0.4675,0.1788,0.3163
1192,2026-06-29,05:00,Monday,Weekday,June,5,231.08,1.297,0.2998,0.2998,0.024,0.036,0.1649,0.0749
1193,2026-07-17,04:00,Friday,Weekday,July,4,228.94,1.346,0.3081,0.3081,0.0246,0.037,0.1694,0.077
1194,2026-12-10,00:00,Thursday,Weekday,December,0,224.49,2.076,0.466,0.466,0.0373,0.0559,0.2563,0.1165
1195,2026-06-10,11:00,Wednesday,Weekday,June,11,233.33,4.549,1.0614,1.0614,0.3184,0.3609,0.138,0.2441
1196,2026-06-26,10:00,Friday,Weekday,June,10,230.67,3.953,0.9118,0.9118,0.2736,0.31,0.1185,0.2097
1197,2026-10-12,03:00,Monday,Weekday,October,3,230.7,1.199,0.2766,0.2766,0.0221,0.0332,0.1521,0.0691
1198,2026-03-04,17:00,Wednesday,Weekday,March,17,229.42,3.494,0.8015,0.8015,0.2725,0.2645,0.1042,0.1603
1199,2026-05-30,03:00,Saturday,Weekend,May,3,232.03,0.995,0.2308,0.2308,0.0185,0.0277,0.127,0.0577
1200,2026-06-03,16:00,Wednesday,Weekday,June,16,232.34,3.271,0.7599,0.7599,0.228,0.2584,0.0988,0.1748
1201,2026-06-05,01:00,Friday,Weekday,June,1,232.59,1.462,0.3401,0.3401,0.0272,0.0408,0.187,0.085
1202,2026-02-18,23:00,Wednesday,Weekday,February,23,230.67,2.728,0.6292,0.6292,0.2139,0.2076,0.0818,0.1258
1203,2026-12-03,21:00,Thursday,Weekday,December,21,224.94,7.611,1.7121,1.7121,0.5821,0.565,0.2226,0.3424
1204,2026-03-25,01:00,Wednesday,Weekday,March,1,231.01,1.581,0.3652,0.3652,0.0292,0.0438,0.2009,0.0913
1205,2026-12-27,11:00,Sunday,Weekend,December,11,230.67,5.999,1.3838,1.3838,0.4152,0.4705,0.1799,0.3183
1206,2026-06-26,05:00,Friday,Weekday,June,5,228.63,1.435,0.3281,0.3281,0.0263,0.0394,0.1805,0.082
1207,2026-05-28,09:00,Thursday,Weekday,May,9,228.0,3.557,0.811,0.811,0.3406,0.1622,0.1054,0.2027
1208,2026-04-28,22:00,Tuesday,Weekday,April,22,231.36,3.699,0.8558,0.8558,0.291,0.2824,0.1113,0.1712
1209,2026-12-08,20:00,Tuesday,Weekday,December,20,228.65,10.731,2.4537,2.4537,0.8342,0.8097,0.319,0.4907
1210,2026-03-04,22:00,Wednesday,Weekday,March,22,229.02,4.633,1.0611,1.0611,0.3608,0.3502,0.1379,0.2122
1211,2026-07-08,15:00,Wednesday,Weekday,July,15,234.18,2.809,0.6577,0.6577,0.1973,0.2236,0.0855,0.1513
1212,2026-12-26,13:00,Saturday,Weekend,December,13,229.94,6.925,1.5924,1.5924,0.4777,0.5414,0.207,0.3662
1213,2026-02-18,06:00,Wednesday,Weekday,February,6,231.09,3.398,0.7851,0.7851,0.3298,0.157,0.1021,0.1963
1214,2026-11-23,18:00,Monday,Weekday,November,18,233.05,6.199,1.4448,1.4448,0.4912,0.4768,0.1878,0.289
1215,2026-09-14,22:00,Monday,Weekday,September,22,230.83,9.345,2.1571,2.1571,0.7334,0.7119,0.2804,0.4314
1216,2026-08-12,16:00,Wednesday,Weekday,August,16,228.24,3.14,0.7167,0.7167,0.215,0.2437,0.0932,0.1648
1217,2026-05-21,08:00,Thursday,Weekday,May,8,229.03,3.919,0.8976,0.8976,0.377,0.1795,0.1167,0.2244
1218,2026-08-03,12:00,Monday,Weekday,August,12,231.83,4.806,1.1141,1.1141,0.3342,0.3788,0.1448,0.2562
1219,2026-07-30,21:00,Thursday,Weekday,July,21,231.39,9.56,2.2121,2.2121,0.7521,0.73,0.2876,0.4424
1220,2026-11-14,04:00,Saturday,Weekend,November,4,231.12,1.309,0.3025,0.3025,0.0242,0.0363,0.1664,0.0756
1221,2026-02-01,22:00,Sunday,Weekend,February,22,227.16,4.549,1.0333,1.0333,0.3513,0.341,0.1343,0.2067
1222,2026-06-07,04:00,Sunday,Weekend,June,4,232.03,1.093,0.2535,0.2535,0.0203,0.0304,0.1394,0.0634
1223,2026-10-12,09:00,Monday,Weekday,October,9,229.84,2.937,0.6751,0.6751,0.2836,0.135,0.0878,0.1688
1224,2026-11-01,20:00,Sunday,Weekend,November,20,228.74,9.536,2.1813,2.1813,0.7416,0.7198,0.2836,0.4363
1225,2026-10-13,09:00,Tuesday,Weekday,October,9,227.92,3.515,0.8011,0.8011,0.3365,0.1602,0.1041,0.2003
1226,2026-05-24,06:00,Sunday,Weekend,May,6,234.92,1.574,0.3698,0.3698,0.1553,0.074,0.0481,0.0925
1227,2026-01-19,14:00,Monday,Weekday,January,14,230.62,3.541,0.8167,0.8167,0.245,0.2777,0.1062,0.1878
1228,2026-01-18,06:00,Sunday,Weekend,January,6,228.96,2.361,0.5405,0.5405,0.227,0.1081,0.0703,0.1351
1229,2026-09-14,14:00,Monday,Weekday,September,14,231.62,2.783,0.6446,0.6446,0.1934,0.2192,0.0838,0.1483
1230,2026-03-19,02:00,Thursday,Weekday,March,2,232.15,1.236,0.2868,0.2868,0.0229,0.0344,0.1578,0.0717
1231,2026-06-24,18:00,Wednesday,Weekday,June,18,229.21,8.77,2.0102,2.0102,0.6835,0.6634,0.2613,0.402
1232,2026-07-13,09:00,Monday,Weekday,July,9,227.51,4.072,0.9265,0.9265,0.3891,0.1853,0.1204,0.2316
1233,2026-04-23,14:00,Thursday,Weekday,April,14,232.86,3.025,0.7045,0.7045,0.2113,0.2395,0.0916,0.162
1234,2026-04-24,02:00,Friday,Weekday,April,2,229.14,1.203,0.2756,0.2756,0.022,0.0331,0.1516,0.0689
1235,2026-08-10,05:00,Monday,Weekday,August,5,229.96,1.397,0.3213,0.3213,0.0257,0.0386,0.1767,0.0803
1236,2026-06-15,11:00,Monday,Weekday,June,11,224.48,3.707,0.8321,0.8321,0.2496,0.2829,0.1082,0.1914
1237,2026-11-15,14:00,Sunday,Weekend,November,14,228.84,4.134,0.9459,0.9459,0.2838,0.3216,0.123,0.2176
1238,2026-05-12,05:00,Tuesday,Weekday,May,5,228.82,1.161,0.2657,0.2657,0.0213,0.0319,0.1461,0.0664
1239,2026-09-21,12:00,Monday,Weekday,September,12,231.13,3.863,0.8928,0.8928,0.2678,0.3035,0.1161,0.2053
1240,2026-02-24,18:00,Tuesday,Weekday,February,18,226.81,22.248,5.0461,5.0461,1.7157,1.6652,0.656,1.0092
1241,2026-12-25,02:00,Friday,Weekday,December,2,225.95,1.551,0.3505,0.3505,0.028,0.0421,0.1928,0.0876
1242,2026-05-11,07:00,Monday,Weekday,May,7,230.61,5.47,1.2614,1.2614,0.5298,0.2523,0.164,0.3154
1243,2026-10-15,07:00,Thursday,Weekday,October,7,229.37,4.376,1.0038,1.0038,0.4216,0.2008,0.1305,0.2509
1244,2026-09-23,22:00,Wednesday,Weekday,September,22,228.18,4.512,1.0295,1.0295,0.35,0.3397,0.1338,0.2059
1245,2026-06-11,19:00,Thursday,Weekday,June,19,230.0,11.107,2.5546,2.5546,0.8686,0.843,0.3321,0.5109
1246,2026-03-28,14:00,Saturday,Weekend,March,14,225.55,3.604,0.8129,0.8129,0.2439,0.2764,0.1057,0.187
1247,2026-02-24,03:00,Tuesday,Weekday,February,3,231.55,1.518,0.3515,0.3515,0.0281,0.0422,0.1933,0.0879
1248,2026-10-15,18:00,Thursday,Weekday,October,18,229.54,6.491,1.4899,1.4899,0.5066,0.4917,0.1937,0.298
1249,2026-06-27,20:00,Saturday,Weekend,June,20,228.03,11.772,2.6844,2.6844,0.9127,0.8859,0.349,0.5369
1250,2026-12-15,02:00,Tuesday,Weekday,December,2,232.38,1.264,0.2938,0.2938,0.0235,0.0353,0.1616,0.0735
1251,2026-01-08,12:00,Thursday,Weekday,January,12,228.66,5.319,1.2162,1.2162,0.3649,0.4135,0.1581,0.2797
1252,2026-11-17,07:00,Tuesday,Weekday,November,7,230.65,4.834,1.1149,1.1149,0.4682,0.223,0.1449,0.2787
1253,2026-11-09,22:00,Monday,Weekday,November,22,229.68,3.77,0.866,0.866,0.2944,0.2858,0.1126,0.1732
1254,2026-09-04,15:00,Friday,Weekday,September,15,238.04,2.68,0.638,0.638,0.1914,0.2169,0.0829,0.1467
1255,2026-11-19,12:00,Thursday,Weekday,November,12,231.22,4.615,1.067,1.067,0.3201,0.3628,0.1387,0.2454
1256,2026-09-12,02:00,Saturday,Weekend,September,2,227.15,1.226,0.2785,0.2785,0.0223,0.0334,0.1532,0.0696
1257,2026-11-24,15:00,Tuesday,Weekday,November,15,234.38,2.931,0.6871,0.6871,0.2061,0.2336,0.0893,0.158
1258,2026-02-23,08:00,Monday,Weekday,February,8,232.61,5.449,1.2675,1.2675,0.5324,0.2535,0.1648,0.3169
1259,2026-09-06,13:00,Sunday,Weekend,September,13,230.11,3.409,0.7844,0.7844,0.2353,0.2667,0.102,0.1804
1260,2026-08-27,12:00,Thursday,Weekday,August,12,228.91,5.736,1.313,1.313,0.3939,0.4464,0.1707,0.302
1261,2026-08-17,20:00,Monday,Weekday,August,20,223.79,10.256,2.2952,2.2952,0.7804,0.7574,0.2984,0.459
1262,2026-03-08,06:00,Sunday,Weekend,March,6,231.08,1.325,0.3062,0.3062,0.1286,0.0612,0.0398,0.0765
1263,2026-02-20,14:00,Friday,Weekday,February,14,228.31,3.18,0.726,0.726,0.2178,0.2469,0.0944,0.167
1264,2026-04-07,06:00,Tuesday,Weekday,April,6,227.8,2.323,0.5292,0.5292,0.2223,0.1058,0.0688,0.1323
1265,2026-04-02,05:00,Thursday,Weekday,April,5,231.94,1.221,0.2831,0.2831,0.0227,0.034,0.1557,0.0708
1266,2026-09-21,01:00,Monday,Weekday,September,1,233.86,1.397,0.3267,0.3267,0.0261,0.0392,0.1797,0.0817
1267,2026-10-18,08:00,Sunday,Weekend,October,8,228.81,3.602,0.8242,0.8242,0.3462,0.1648,0.1071,0.2061
1268,2026-04-06,21:00,Monday,Weekday,April,21,231.92,7.319,1.6974,1.6974,0.5771,0.5601,0.2207,0.3395
1269,2026-03-29,23:00,Sunday,Weekend,March,23,230.53,2.067,0.4764,0.4764,0.162,0.1572,0.0619,0.0953
1270,2026-03-19,16:00,Thursday,Weekday,March,16,230.9,3.415,0.7885,0.7885,0.2366,0.2681,0.1025,0.1814
1271,2026-10-15,04:00,Thursday,Weekday,October,4,227.95,1.131,0.2578,0.2578,0.0206,0.0309,0.1418,0.0644
1272,2026-04-30,11:00,Thursday,Weekday,April,11,229.47,8.615,1.9769,1.9769,0.5931,0.6721,0.257,0.4547
1273,2026-10-29,00:00,Thursday,Weekday,October,0,227.26,1.255,0.2853,0.2853,0.0228,0.0342,0.1569,0.0713
1274,2026-06-14,09:00,Sunday,Weekend,June,9,226.94,5.052,1.1465,1.1465,0.4815,0.2293,0.149,0.2866
1275,2026-07-01,10:00,Wednesday,Weekday,July,10,231.3,3.555,0.8223,0.8223,0.2467,0.2796,0.1069,0.1891
1276,2026-08-11,15:00,Tuesday,Weekday,August,15,228.69,3.654,0.8356,0.8356,0.2507,0.2841,0.1086,0.1922
1277,2026-11-07,13:00,Saturday,Weekend,November,13,227.71,4.814,1.0962,1.0962,0.3289,0.3727,0.1425,0.2521
1278,2026-01-07,07:00,Wednesday,Weekday,January,7,226.98,6.165,1.3994,1.3994,0.5877,0.2799,0.1819,0.3498
1279,2026-11-26,23:00,Thursday,Weekday,November,23,226.22,2.445,0.5531,0.5531,0.1881,0.1825,0.0719,0.1106
1280,2026-09-20,16:00,Sunday,Weekend,September,16,225.11,3.543,0.7976,0.7976,0.2393,0.2712,0.1037,0.1835
1281,2026-06-10,17:00,Wednesday,Weekday,June,17,230.28,5.483,1.2626,1.2626,0.4293,0.4167,0.1641,0.2525
1282,2026-05-31,11:00,Sunday,Weekend,May,11,223.43,4.339,0.9694,0.9694,0.2908,0.3296,0.126,0.223
1283,2026-03-26,16:00,Thursday,Weekday,March,16,231.18,3.474,0.803,0.803,0.2409,0.273,0.1044,0.1847
1284,2026-05-27,13:00,Wednesday,Weekday,May,13,231.16,2.496,0.5769,0.5769,0.1731,0.1961,0.075,0.1327
1285,2026-04-22,15:00,Wednesday,Weekday,April,15,229.75,2.272,0.522,0.522,0.1566,0.1775,0.0679,0.1201
1286,2026-02-05,13:00,Thursday,Weekday,February,13,230.19,4.025,0.9265,0.9265,0.278,0.315,0.1204,0.2131
1287,2026-10-12,08:00,Monday,Weekday,October,8,229.29,5.669,1.2998,1.2998,0.5459,0.26,0.169,0.325
1288,2026-07-07,03:00,Tuesday,Weekday,July,3,230.56,1.52,0.3505,0.3505,0.028,0.0421,0.1928,0.0876
1289,2026-03-23,22:00,Monday,Weekday,March,22,230.53,3.779,0.8711,0.8711,0.2962,0.2875,0.1132,0.1742
1290,2026-01-02,10:00,Friday,Weekday,January,10,233.25,3.561,0.8307,0.8307,0.2492,0.2824,0.108,0.1911
1291,2026-10-30,05:00,Friday,Weekday,October,5,233.83,1.572,0.3677,0.3677,0.0294,0.0441,0.2022,0.0919
1292,2026-07-16,14:00,Thursday,Weekday,July,14,233.76,4.355,1.0179,1.0179,0.3054,0.3461,0.1323,0.2341
1293,2026-01-11,04:00,Sunday,Weekend,January,4,228.01,1.339,0.3053,0.3053,0.0244,0.0366,0.1679,0.0763
1294,2026-08-22,10:00,Saturday,Weekend,August,10,230.95,6.847,1.5813,1.5813,0.4744,0.5376,0.2056,0.3637
1295,2026-07-14,17:00,Tuesday,Weekday,July,17,230.05,7.354,1.6917,1.6917,0.5752,0.5583,0.2199,0.3383
1296,2026-04-29,12:00,Wednesday,Weekday,April,12,228.38,4.532,1.0351,1.0351,0.3105,0.3519,0.1346,0.2381
1297,2026-01-20,10:00,Tuesday,Weekday,January,10,227.78,3.777,0.8603,0.8603,0.2581,0.2925,0.1118,0.1979
1298,2026-09-18,13:00,Friday,Weekday,September,13,229.06,3.961,0.9072,0.9072,0.2722,0.3085,0.1179,0.2087
1299,2026-10-20,17:00,Tuesday,Weekday,October,17,227.35,4.155,0.9446,0.9446,0.3212,0.3117,0.1228,0.1889
1300,2026-09-13,18:00,Sunday,Weekend,September,18,224.09,9.089,2.0368,2.0368,0.6925,0.6721,0.2648,0.4074
1301,2026-08-10,23:00,Monday,Weekday,August,23,231.24,3.999,0.9247,0.9247,0.3144,0.3051,0.1202,0.1849
1302,2026-08-14,14:00,Friday,Weekday,August,14,230.08,6.381,1.4682,1.4682,0.4405,0.4992,0.1909,0.3377
1303,2026-02-22,08:00,Sunday,Weekend,February,8,230.07,3.911,0.8999,0.8999,0.378,0.18,0.117,0.225
1304,2026-12-21,07:00,Monday,Weekday,December,7,232.32,13.431,3.1203,3.1203,1.3105,0.6241,0.4056,0.7801
1305,2026-12-08,19:00,Tuesday,Weekday,December,19,227.72,11.123,2.533,2.533,0.8612,0.8359,0.3293,0.5066
1306,2026-12-30,00:00,Wednesday,Weekday,December,0,232.08,2.171,0.5037,0.5037,0.0403,0.0604,0.2771,0.1259
1307,2026-10-07,03:00,Wednesday,Weekday,October,3,228.15,1.152,0.2629,0.2629,0.021,0.0315,0.1446,0.0657
1308,2026-03-22,13:00,Sunday,Weekend,March,13,228.14,4.945,1.1282,1.1282,0.3385,0.3836,0.1467,0.2595
1309,2026-07-21,01:00,Tuesday,Weekday,July,1,230.03,1.671,0.3845,0.3845,0.0308,0.0461,0.2115,0.0961
1310,2026-06-07,15:00,Sunday,Weekend,June,15,235.3,3.716,0.8743,0.8743,0.2623,0.2973,0.1137,0.2011
1311,2026-04-30,02:00,Thursday,Weekday,April,2,233.21,1.106,0.258,0.258,0.0206,0.031,0.1419,0.0645
1312,2026-02-28,07:00,Saturday,Weekend,February,7,232.75,3.256,0.7578,0.7578,0.3183,0.1516,0.0985,0.1894
1313,2026-08-03,05:00,Monday,Weekday,August,5,226.57,1.424,0.3227,0.3227,0.0258,0.0387,0.1775,0.0807
1314,2026-05-08,15:00,Friday,Weekday,May,15,230.36,2.27,0.523,0.523,0.1569,0.1778,0.068,0.1203
1315,2026-08-12,23:00,Wednesday,Weekday,August,23,232.05,3.046,0.7068,0.7068,0.2403,0.2332,0.0919,0.1414
1316,2026-07-28,15:00,Tuesday,Weekday,July,15,235.21,3.88,0.9126,0.9126,0.2738,0.3103,0.1186,0.2099
1317,2026-04-25,06:00,Saturday,Weekend,April,6,225.79,1.859,0.4197,0.4197,0.1763,0.0839,0.0546,0.1049
1318,2026-07-28,12:00,Tuesday,Weekday,July,12,231.83,6.081,1.4098,1.4098,0.4229,0.4793,0.1833,0.3242
1319,2026-01-14,12:00,Wednesday,Weekday,January,12,232.66,13.148,3.0591,3.0591,0.9177,1.0401,0.3977,0.7036
1320,2026-01-09,04:00,Friday,Weekday,January,4,231.13,1.454,0.3361,0.3361,0.0269,0.0403,0.1849,0.084
1321,2026-02-09,19:00,Monday,Weekday,February,19,225.23,9.629,2.1687,2.1687,0.7374,0.7157,0.2819,0.4337
1322,2026-08-25,21:00,Tuesday,Weekday,August,21,227.75,10.07,2.2935,2.2935,0.7798,0.7569,0.2982,0.4587
1323,2026-10-08,17:00,Thursday,Weekday,October,17,231.07,6.05,1.3981,1.3981,0.4753,0.4614,0.1817,0.2796
1324,2026-12-25,14:00,Friday,Weekday,December,14,230.44,3.921,0.9035,0.9035,0.271,0.3072,0.1175,0.2078
1325,2026-07-20,17:00,Monday,Weekday,July,17,228.29,6.201,1.4157,1.4157,0.4813,0.4672,0.184,0.2831
1326,2026-09-03,01:00,Thursday,Weekday,September,1,227.98,0.912,0.208,0.208,0.0166,0.025,0.1144,0.052
1327,2026-10-05,09:00,Monday,Weekday,October,9,231.14,3.709,0.8572,0.8572,0.36,0.1714,0.1114,0.2143
1328,2026-08-23,22:00,Sunday,Weekend,August,22,228.31,4.599,1.05,1.05,0.357,0.3465,0.1365,0.21
1329,2026-01-04,12:00,Sunday,Weekend,January,12,228.37,5.567,1.2712,1.2712,0.3814,0.4322,0.1653,0.2924
1330,2026-06-03,17:00,Wednesday,Weekday,June,17,229.65,5.01,1.1505,1.1505,0.3912,0.3797,0.1496,0.2301
1331,2026-01-29,14:00,Thursday,Weekday,January,14,230.4,3.506,0.8078,0.8078,0.2423,0.2746,0.105,0.1858
1332,2026-04-19,11:00,Sunday,Weekend,April,11,232.6,10.614,2.4687,2.4687,0.7406,0.8394,0.3209,0.5678
1333,2026-04-08,14:00,Wednesday,Weekday,April,14,227.01,3.235,0.7343,0.7343,0.2203,0.2497,0.0955,0.1689
1334,2026-08-03,12:00,Monday,Weekday,August,12,226.76,5.224,1.1845,1.1845,0.3554,0.4027,0.154,0.2724
1335,2026-10-20,17:00,Tuesday,Weekday,October,17,229.04,4.445,1.0181,1.0181,0.3462,0.336,0.1324,0.2036
1336,2026-03-16,14:00,Monday,Weekday,March,14,225.5,3.239,0.7304,0.7304,0.2191,0.2483,0.0949,0.168
1337,2026-11-22,22:00,Sunday,Weekend,November,22,231.47,4.649,1.076,1.076,0.3658,0.3551,0.1399,0.2152
1338,2026-05-26,10:00,Tuesday,Weekday,May,10,225.02,3.698,0.8321,0.8321,0.2496,0.2829,0.1082,0.1914
1339,2026-05-08,18:00,Friday,Weekday,May,18,231.34,6.839,1.5821,1.5821,0.5379,0.5221,0.2057,0.3164
1340,2026-12-07,02:00,Monday,Weekday,December,2,232.77,1.527,0.3555,0.3555,0.0284,0.0427,0.1955,0.0889
1341,2026-02-11,06:00,Wednesday,Weekday,February,6,230.65,3.25,0.7497,0.7497,0.3149,0.1499,0.0975,0.1874
1342,2026-12-22,20:00,Tuesday,Weekday,December,20,223.26,10.856,2.4236,2.4236,0.824,0.7998,0.3151,0.4847
1343,2026-02-10,13:00,Tuesday,Weekday,February,13,230.27,4.438,1.0219,1.0219,0.3066,0.3474,0.1328,0.235
1344,2026-02-03,13:00,Tuesday,Weekday,February,13,228.01,4.495,1.0249,1.0249,0.3075,0.3485,0.1332,0.2357
1345,2026-01-17,21:00,Saturday,Weekend,January,21,224.55,9.531,2.1401,2.1401,0.7277,0.7062,0.2782,0.428
1346,2026-06-14,12:00,Sunday,Weekend,June,12,231.45,5.219,1.2078,1.2078,0.3624,0.4107,0.157,0.2778
1347,2026-06-02,11:00,Tuesday,Weekday,June,11,231.92,3.598,0.8344,0.8344,0.2503,0.2837,0.1085,0.1919
1348,2026-03-17,23:00,Tuesday,Weekday,March,23,233.21,2.28,0.5316,0.5316,0.1808,0.1754,0.0691,0.1063
1349,2026-03-28,08:00,Saturday,Weekend,March,8,229.29,3.345,0.7669,0.7669,0.3221,0.1534,0.0997,0.1917
1350,2026-04-27,00:00,Monday,Weekday,April,0,230.43,1.407,0.3242,0.3242,0.0259,0.0389,0.1783,0.081
1351,2026-12-28,18:00,Monday,Weekday,December,18,231.33,9.81,2.2692,2.2692,0.7715,0.7488,0.295,0.4538
1352,2026-12-08,10:00,Tuesday,Weekday,December,10,235.24,3.477,0.818,0.818,0.2454,0.2781,0.1063,0.1881
1353,2026-01-27,22:00,Tuesday,Weekday,January,22,232.7,4.263,0.9921,0.9921,0.3373,0.3274,0.129,0.1984
1354,2026-11-09,21:00,Monday,Weekday,November,21,229.13,6.207,1.4222,1.4222,0.4835,0.4693,0.1849,0.2844
1355,2026-10-14,22:00,Wednesday,Weekday,October,22,230.02,3.511,0.8075,0.8075,0.2745,0.2665,0.105,0.1615
1356,2026-05-14,23:00,Thursday,Weekday,May,23,229.55,2.07,0.4751,0.4751,0.1615,0.1568,0.0618,0.095
1357,2026-08-07,21:00,Friday,Weekday,August,21,229.38,8.578,1.9676,1.9676,0.669,0.6493,0.2558,0.3935
1358,2026-06-17,18:00,Wednesday,Weekday,June,18,226.27,8.043,1.8198,1.8198,0.6187,0.6005,0.2366,0.364
1359,2026-04-08,17:00,Wednesday,Weekday,April,17,230.8,5.351,1.235,1.235,0.4199,0.4076,0.1606,0.247
1360,2026-09-25,11:00,Friday,Weekday,September,11,230.82,3.305,0.7629,0.7629,0.2289,0.2594,0.0992,0.1755
1361,2026-08-25,22:00,Tuesday,Weekday,August,22,230.96,5.261,1.2151,1.2151,0.4131,0.401,0.158,0.243
1362,2026-11-05,00:00,Thursday,Weekday,November,0,227.44,1.52,0.3457,0.3457,0.0277,0.0415,0.1901,0.0864
1363,2026-06-22,18:00,Monday,Weekday,June,18,228.45,8.729,1.9941,1.9941,0.678,0.6581,0.2592,0.3988
1364,2026-07-09,19:00,Thursday,Weekday,July,19,233.41,15.546,3.6286,3.6286,1.2337,1.1974,0.4717,0.7257
1365,2026-05-02,16:00,Saturday,Weekend,May,16,228.86,4.277,0.9788,0.9788,0.2937,0.3328,0.1272,0.2251
1366,2026-02-15,04:00,Sunday,Weekend,February,4,230.65,1.45,0.3344,0.3344,0.0268,0.0401,0.1839,0.0836
1367,2026-03-05,02:00,Thursday,Weekday,March,2,225.39,1.245,0.2806,0.2806,0.0224,0.0337,0.1543,0.0701
1368,2026-05-10,01:00,Sunday,Weekend,May,1,230.63,1.128,0.2601,0.2601,0.0208,0.0312,0.1431,0.065
1369,2026-11-06,02:00,Friday,Weekday,November,2,230.54,1.24,0.286,0.286,0.0229,0.0343,0.1573,0.0715
1370,2026-12-29,07:00,Tuesday,Weekday,December,7,230.29,6.232,1.4353,1.4353,0.6028,0.2871,0.1866,0.3588
1371,2026-07-12,15:00,Sunday,Weekend,July,15,231.83,5.076,1.1768,1.1768,0.3531,0.4001,0.153,0.2707
1372,2026-11-03,05:00,Tuesday,Weekday,November,5,229.3,2.006,0.4599,0.4599,0.0368,0.0552,0.2529,0.115
1373,2026-06-30,12:00,Tuesday,Weekday,June,12,232.94,5.019,1.1691,1.1691,0.3507,0.3975,0.152,0.2689
1374,2026-10-19,22:00,Monday,Weekday,October,22,227.79,2.669,0.6079,0.6079,0.2067,0.2006,0.079,0.1216
1375,2026-10-09,21:00,Friday,Weekday,October,21,233.61,5.009,1.1701,1.1701,0.3978,0.3861,0.1521,0.234
1376,2026-01-29,21:00,Thursday,Weekday,January,21,230.36,10.324,2.3783,2.3783,0.8086,0.7848,0.3092,0.4757
1377,2026-05-29,15:00,Friday,Weekday,May,15,229.82,2.946,0.6772,0.6772,0.2031,0.2302,0.088,0.1557
1378,2026-09-24,15:00,Thursday,Weekday,September,15,226.42,3.67,0.8311,0.8311,0.2493,0.2826,0.108,0.1911
1379,2026-10-23,02:00,Friday,Weekday,October,2,227.23,1.179,0.268,0.268,0.0214,0.0322,0.1474,0.067
1380,2026-01-11,12:00,Sunday,Weekend,January,12,230.88,5.562,1.2841,1.2841,0.3852,0.4366,0.1669,0.2953
1381,2026-06-13,13:00,Saturday,Weekend,June,13,228.21,6.123,1.3974,1.3974,0.4192,0.4751,0.1817,0.3214
1382,2026-04-23,07:00,Thursday,Weekday,April,7,232.49,4.23,0.9833,0.9833,0.413,0.1967,0.1278,0.2458
1383,2026-07-06,11:00,Monday,Weekday,July,11,230.72,5.065,1.1687,1.1687,0.3506,0.3973,0.1519,0.2688
1384,2026-10-22,22:00,Thursday,Weekday,October,22,226.44,3.238,0.7333,0.7333,0.2493,0.242,0.0953,0.1467
1385,2026-08-20,22:00,Thursday,Weekday,August,22,231.9,5.036,1.1679,1.1679,0.3971,0.3854,0.1518,0.2336
1386,2026-08-15,21:00,Saturday,Weekend,August,21,227.74,10.543,2.4011,2.4011,0.8164,0.7924,0.3121,0.4802
1387,2026-11-06,20:00,Friday,Weekday,November,20,227.71,8.999,2.0492,2.0492,0.6967,0.6762,0.2664,0.4098
1388,2026-04-08,07:00,Wednesday,Weekday,April,7,232.61,3.673,0.8543,0.8543,0.3588,0.1709,0.1111,0.2136
1389,2026-02-24,20:00,Tuesday,Weekday,February,20,224.75,10.985,2.4689,2.4689,0.8394,0.8147,0.321,0.4938
1390,2026-04-21,08:00,Tuesday,Weekday,April,8,227.19,4.807,1.0922,1.0922,0.4587,0.2184,0.142,0.273
1391,2026-06-01,00:00,Monday,Weekday,June,0,230.81,1.332,0.3074,0.3074,0.0246,0.0369,0.1691,0.0769
1392,2026-09-03,05:00,Thursday,Weekday,September,5,225.75,1.562,0.3527,0.3527,0.0282,0.0423,0.194,0.0882
1393,2026-03-10,22:00,Tuesday,Weekday,March,22,228.48,3.285,0.7505,0.7505,0.2552,0.2477,0.0976,0.1501
1394,2026-11-08,18:00,Sunday,Weekend,November,18,232.22,9.945,2.3095,2.3095,0.7852,0.7621,0.3002,0.4619
1395,2026-10-16,22:00,Friday,Weekday,October,22,229.73,4.262,0.9791,0.9791,0.3329,0.3231,0.1273,0.1958
1396,2026-09-07,10:00,Monday,Weekday,September,10,226.56,3.784,0.8572,0.8572,0.2572,0.2915,0.1114,0.1972
1397,2026-02-05,10:00,Thursday,Weekday,February,10,230.47,3.133,0.722,0.722,0.2166,0.2455,0.0939,0.1661
1398,2026-08-27,22:00,Thursday,Weekday,August,22,228.99,4.514,1.0336,1.0336,0.3514,0.3411,0.1344,0.2067
1399,2026-05-28,12:00,Thursday,Weekday,May,12,228.24,8.538,1.9487,1.9487,0.5846,0.6626,0.2533,0.4482
1400,2026-08-15,10:00,Saturday,Weekend,August,10,238.89,5.541,1.3237,1.3237,0.3971,0.4501,0.1721,0.3044
1401,2026-09-01,17:00,Tuesday,Weekday,September,17,230.73,6.89,1.5896,1.5896,0.5405,0.5246,0.2066,0.3179
1402,2026-12-03,22:00,Thursday,Weekday,December,22,229.29,4.303,0.9866,0.9866,0.3354,0.3256,0.1283,0.1973
1403,2026-12-31,14:00,Thursday,Weekday,December,14,232.25,3.841,0.892,0.892,0.2676,0.3033,0.116,0.2052
1404,2026-07-20,00:00,Monday,Weekday,July,0,229.27,2.165,0.4965,0.4965,0.0397,0.0596,0.2731,0.1241
1405,2026-06-03,20:00,Wednesday,Weekday,June,20,226.84,7.587,1.7211,1.7211,0.5852,0.568,0.2237,0.3442
1406,2026-03-14,06:00,Saturday,Weekend,March,6,230.75,1.696,0.3914,0.3914,0.1644,0.0783,0.0509,0.0979
1407,2026-07-20,22:00,Monday,Weekday,July,22,231.27,5.105,1.1806,1.1806,0.4014,0.3896,0.1535,0.2361
1408,2026-10-23,12:00,Friday,Weekday,October,12,232.31,3.038,0.7058,0.7058,0.2117,0.24,0.0918,0.1623
1409,2026-01-17,11:00,Saturday,Weekend,January,11,233.56,4.014,0.9375,0.9375,0.2812,0.3187,0.1219,0.2156
1410,2026-05-09,17:00,Saturday,Weekend,May,17,232.97,4.847,1.1291,1.1291,0.3839,0.3726,0.1468,0.2258
1411,2026-08-05,23:00,Wednesday,Weekday,August,23,232.14,3.155,0.7325,0.7325,0.249,0.2417,0.0952,0.1465
1412,2026-03-02,18:00,Monday,Weekday,March,18,232.4,6.34,1.4733,1.4733,0.5009,0.4862,0.1915,0.2947
1413,2026-04-14,14:00,Tuesday,Weekday,April,14,232.96,2.548,0.5935,0.5935,0.1781,0.2018,0.0772,0.1365
1414,2026-02-11,07:00,Wednesday,Weekday,February,7,231.77,5.304,1.2294,1.2294,0.5164,0.2459,0.1598,0.3074
1415,2026-01-25,18:00,Sunday,Weekend,January,18,223.21,9.512,2.1232,2.1232,0.7219,0.7007,0.276,0.4246
1416,2026-02-08,09:00,Sunday,Weekend,February,9,231.24,8.967,2.0736,2.0736,0.8709,0.4147,0.2696,0.5184
1417,2026-10-18,06:00,Sunday,Weekend,October,6,233.44,1.388,0.3241,0.3241,0.1361,0.0648,0.0421,0.081
1418,2026-05-11,17:00,Monday,Weekday,May,17,227.99,5.505,1.2551,1.2551,0.4267,0.4142,0.1632,0.251
1419,2026-08-17,15:00,Monday,Weekday,August,15,229.02,3.959,0.9067,0.9067,0.272,0.3083,0.1179,0.2085
1420,2026-04-18,19:00,Saturday,Weekend,April,19,228.15,7.524,1.7166,1.7166,0.5836,0.5665,0.2232,0.3433
1421,2026-06-21,05:00,Sunday,Weekend,June,5,230.48,1.551,0.3575,0.3575,0.0286,0.0429,0.1966,0.0894
1422,2026-04-12,08:00,Sunday,Weekend,April,8,228.61,2.993,0.6843,0.6843,0.2874,0.1369,0.089,0.1711
1423,2026-12-20,20:00,Sunday,Weekend,December,20,227.39,12.469,2.8353,2.8353,0.964,0.9357,0.3686,0.5671
1424,2026-01-12,12:00,Monday,Weekday,January,12,231.28,5.681,1.3139,1.3139,0.3942,0.4467,0.1708,0.3022
1425,2026-10-02,20:00,Friday,Weekday,October,20,224.21,6.692,1.5005,1.5005,0.5102,0.4952,0.1951,0.3001
1426,2026-04-11,07:00,Saturday,Weekend,April,7,230.19,2.155,0.496,0.496,0.2083,0.0992,0.0645,0.124
1427,2026-02-13,15:00,Friday,Weekday,February,15,229.04,4.783,1.0956,1.0956,0.3287,0.3725,0.1424,0.252
1428,2026-11-01,12:00,Sunday,Weekend,November,12,224.02,6.777,1.5181,1.5181,0.4554,0.5162,0.1974,0.3492
1429,2026-01-17,12:00,Saturday,Weekend,January,12,231.28,9.308,2.1529,2.1529,0.6459,0.732,0.2799,0.4952
1430,2026-11-26,16:00,Thursday,Weekday,November,16,230.78,3.473,0.8014,0.8014,0.2404,0.2725,0.1042,0.1843
1431,2026-02-26,22:00,Thursday,Weekday,February,22,230.41,3.869,0.8915,0.8915,0.3031,0.2942,0.1159,0.1783
1432,2026-11-07,19:00,Saturday,Weekend,November,19,229.18,10.826,2.4811,2.4811,0.8436,0.8187,0.3225,0.4962
1433,2026-10-30,04:00,Friday,Weekday,October,4,230.8,1.216,0.2807,0.2807,0.0225,0.0337,0.1544,0.0702
1434,2026-01-12,21:00,Monday,Weekday,January,21,225.81,7.468,1.6863,1.6863,0.5734,0.5565,0.2192,0.3373
1435,2026-11-14,20:00,Saturday,Weekend,November,20,230.24,9.689,2.2308,2.2308,0.7585,0.7362,0.29,0.4462
1436,2026-03-21,16:00,Saturday,Weekend,March,16,232.24,3.657,0.8494,0.8494,0.2548,0.2888,0.1104,0.1954
1437,2026-08-04,08:00,Tuesday,Weekday,August,8,224.39,7.981,1.7909,1.7909,0.7522,0.3582,0.2328,0.4477
1438,2026-12-05,01:00,Saturday,Weekend,December,1,232.2,1.719,0.3992,0.3992,0.0319,0.0479,0.2196,0.0998
1439,2026-09-21,17:00,Monday,Weekday,September,17,229.29,5.895,1.3516,1.3516,0.4595,0.446,0.1757,0.2703
1440,2026-05-29,08:00,Friday,Weekday,May,8,231.53,4.793,1.1098,1.1098,0.4661,0.222,0.1443,0.2774
1441,2026-03-22,05:00,Sunday,Weekend,March,5,230.38,1.203,0.2772,0.2772,0.0222,0.0333,0.1525,0.0693
1442,2026-08-03,10:00,Monday,Weekday,August,10,229.57,4.448,1.0211,1.0211,0.3063,0.3472,0.1327,0.2348
1443,2026-07-17,05:00,Friday,Weekday,July,5,231.35,1.462,0.3383,0.3383,0.0271,0.0406,0.186,0.0846
1444,2026-07-19,05:00,Sunday,Weekend,July,5,229.17,2.12,0.4859,0.4859,0.0389,0.0583,0.2672,0.1215
1445,2026-01-25,12:00,Sunday,Weekend,January,12,230.8,7.186,1.6584,1.6584,0.4975,0.5639,0.2156,0.3814
1446,2026-03-30,10:00,Monday,Weekday,March,10,233.11,3.357,0.7825,0.7825,0.2347,0.266,0.1017,0.18
1447,2026-09-25,13:00,Friday,Weekday,September,13,228.63,3.654,0.8355,0.8355,0.2506,0.2841,0.1086,0.1922
1448,2026-05-23,01:00,Saturday,Weekend,May,1,229.58,0.998,0.2291,0.2291,0.0183,0.0275,0.126,0.0573
1449,2026-02-28,07:00,Saturday,Weekend,February,7,229.06,2.452,0.5617,0.5617,0.2359,0.1123,0.073,0.1404
1450,2026-12-31,02:00,Thursday,Weekday,December,2,230.94,1.549,0.3577,0.3577,0.0286,0.0429,0.1967,0.0894
1451,2026-01-26,22:00,Monday,Weekday,January,22,233.28,4.474,1.0437,1.0437,0.3549,0.3444,0.1357,0.2087
1452,2026-02-16,20:00,Monday,Weekday,February,20,225.65,9.985,2.2531,2.2531,0.7661,0.7435,0.2929,0.4506
1453,2026-10-15,02:00,Thursday,Weekday,October,2,226.45,1.231,0.2787,0.2787,0.0223,0.0334,0.1533,0.0697
1454,2026-09-23,00:00,Wednesday,Weekday,September,0,229.79,1.417,0.3256,0.3256,0.026,0.0391,0.1791,0.0814
1455,2026-01-16,23:00,Friday,Weekday,January,23,230.46,2.885,0.6648,0.6648,0.226,0.2194,0.0864,0.133
1456,2026-07-18,18:00,Saturday,Weekend,July,18,225.71,15.757,3.5566,3.5566,1.2092,1.1737,0.4624,0.7113
1457,2026-10-09,17:00,Friday,Weekday,October,17,230.45,5.112,1.178,1.178,0.4005,0.3887,0.1531,0.2356
1458,2026-03-27,16:00,Friday,Weekday,March,16,228.15,3.379,0.7709,0.7709,0.2313,0.2621,0.1002,0.1773
1459,2026-09-07,19:00,Monday,Weekday,September,19,227.32,7.789,1.7705,1.7705,0.602,0.5843,0.2302,0.3541
1460,2026-09-27,23:00,Sunday,Weekend,September,23,233.17,2.234,0.521,0.521,0.1771,0.1719,0.0677,0.1042
1461,2026-12-01,12:00,Tuesday,Weekday,December,12,229.14,4.904,1.1237,1.1237,0.3371,0.3821,0.1461,0.2585
1462,2026-04-27,02:00,Monday,Weekday,April,2,229.1,1.093,0.2505,0.2505,0.02,0.0301,0.1378,0.0626
1463,2026-01-07,00:00,Wednesday,Weekday,January,0,230.33,2.518,0.5801,0.5801,0.0464,0.0696,0.319,0.145
1464,2026-05-17,03:00,Sunday,Weekend,May,3,232.73,0.904,0.2103,0.2103,0.0168,0.0252,0.1157,0.0526
1465,2026-06-25,12:00,Thursday,Weekday,June,12,229.89,4.638,1.0662,1.0662,0.3198,0.3625,0.1386,0.2452
1466,2026-11-24,16:00,Tuesday,Weekday,November,16,228.6,3.534,0.8079,0.8079,0.2424,0.2747,0.105,0.1858
1467,2026-11-11,10:00,Wednesday,Weekday,November,10,231.45,3.754,0.8689,0.8689,0.2607,0.2954,0.113,0.1998
1468,2026-08-03,01:00,Monday,Weekday,August,1,232.03,1.582,0.3672,0.3672,0.0294,0.0441,0.2019,0.0918
1469,2026-03-23,15:00,Monday,Weekday,March,15,232.86,3.131,0.7291,0.7291,0.2187,0.2479,0.0948,0.1677
1470,2026-08-11,01:00,Tuesday,Weekday,August,1,229.91,1.453,0.3341,0.3341,0.0267,0.0401,0.1838,0.0835
1471,2026-04-13,18:00,Monday,Weekday,April,18,229.23,7.149,1.6388,1.6388,0.5572,0.5408,0.213,0.3278
1472,2026-09-30,22:00,Wednesday,Weekday,September,22,231.98,3.936,0.9131,0.9131,0.3105,0.3013,0.1187,0.1826
1473,2026-01-14,18:00,Wednesday,Weekday,January,18,228.09,22.365,5.1012,5.1012,1.7344,1.6834,0.6632,1.0202
1474,2026-06-08,15:00,Monday,Weekday,June,15,233.3,3.495,0.8153,0.8153,0.2446,0.2772,0.106,0.1875
1475,2026-06-01,21:00,Monday,Weekday,June,21,230.09,6.891,1.5856,1.5856,0.5391,0.5232,0.2061,0.3171
1476,2026-04-18,18:00,Saturday,Weekend,April,18,233.62,9.796,2.2885,2.2885,0.7781,0.7552,0.2975,0.4577
1477,2026-07-07,08:00,Tuesday,Weekday,July,8,232.29,4.909,1.1404,1.1404,0.479,0.2281,0.1483,0.2851
1478,2026-10-28,00:00,Wednesday,Weekday,October,0,225.18,1.386,0.3121,0.3121,0.025,0.0374,0.1716,0.078
1479,2026-04-08,09:00,Wednesday,Weekday,April,9,229.0,3.454,0.7909,0.7909,0.3322,0.1582,0.1028,0.1977
1480,2026-05-11,18:00,Monday,Weekday,May,18,225.05,6.797,1.5297,1.5297,0.5201,0.5048,0.1989,0.3059
1481,2026-10-20,00:00,Tuesday,Weekday,October,0,228.4,1.492,0.3408,0.3408,0.0273,0.0409,0.1874,0.0852
1482,2026-06-20,01:00,Saturday,Weekend,June,1,229.07,1.344,0.3078,0.3078,0.0246,0.0369,0.1693,0.077
1483,2026-07-02,15:00,Thursday,Weekday,July,15,232.17,3.669,0.8519,0.8519,0.2556,0.2896,0.1107,0.1959
1484,2026-12-30,11:00,Wednesday,Weekday,December,11,228.9,5.142,1.177,1.177,0.3531,0.4002,0.153,0.2707
1485,2026-02-08,07:00,Sunday,Weekend,February,7,233.49,2.659,0.6209,0.6209,0.2608,0.1242,0.0807,0.1552
1486,2026-01-15,22:00,Thursday,Weekday,January,22,228.33,4.195,0.9578,0.9578,0.3257,0.3161,0.1245,0.1916
1487,2026-01-04,17:00,Sunday,Weekend,January,17,228.18,7.244,1.653,1.653,0.562,0.5455,0.2149,0.3306
1488,2026-12-15,01:00,Tuesday,Weekday,December,1,226.9,1.588,0.3602,0.3602,0.0288,0.0432,0.1981,0.0901
1489,2026-07-29,12:00,Wednesday,Weekday,July,12,233.61,5.052,1.1801,1.1801,0.354,0.4012,0.1534,0.2714
1490,2026-06-10,05:00,Wednesday,Weekday,June,5,233.95,1.541,0.3605,0.3605,0.0288,0.0433,0.1983,0.0901
1491,2026-01-16,20:00,Friday,Weekday,January,20,227.94,7.911,1.8033,1.8033,0.6131,0.5951,0.2344,0.3607
1492,2026-04-18,05:00,Saturday,Weekend,April,5,226.3,1.215,0.2749,0.2749,0.022,0.033,0.1512,0.0687
1493,2026-11-07,08:00,Saturday,Weekend,November,8,229.48,3.487,0.8002,0.8002,0.3361,0.16,0.104,0.2
1494,2026-08-15,15:00,Saturday,Weekend,August,15,230.58,4.476,1.0321,1.0321,0.3096,0.3509,0.1342,0.2374
1495,2026-06-19,10:00,Friday,Weekday,June,10,228.41,4.327,0.9882,0.9882,0.2965,0.336,0.1285,0.2273
1496,2026-02-03,06:00,Tuesday,Weekday,February,6,235.88,4.01,0.9458,0.9458,0.3973,0.1892,0.123,0.2365
1497,2026-09-08,09:00,Tuesday,Weekday,September,9,234.56,2.822,0.662,0.662,0.278,0.1324,0.0861,0.1655
1498,2026-09-04,09:00,Friday,Weekday,September,9,225.63,7.178,1.6197,1.6197,0.6803,0.3239,0.2106,0.4049
1499,2026-09-26,19:00,Saturday,Weekend,September,19,226.99,11.751,2.6675,2.6675,0.9069,0.8803,0.3468,0.5335
1500,2026-05-21,17:00,Thursday,Weekday,May,17,231.15,4.664,1.0781,1.0781,0.3666,0.3558,0.1402,0.2156
1501,2026-10-01,23:00,Thursday,Weekday,October,23,227.32,1.845,0.4193,0.4193,0.1426,0.1384,0.0545,0.0839
1502,2026-04-06,19:00,Monday,Weekday,April,19,228.08,19.086,4.3532,4.3532,1.4801,1.4365,0.5659,0.8706
1503,2026-08-15,08:00,Saturday,Weekend,August,8,230.03,4.146,0.9537,0.9537,0.4006,0.1907,0.124,0.2384
1504,2026-02-08,14:00,Sunday,Weekend,February,14,229.9,3.749,0.8619,0.8619,0.2586,0.293,0.112,0.1982
1505,2026-10-29,03:00,Thursday,Weekday,October,3,232.55,1.034,0.2404,0.2404,0.0192,0.0289,0.1322,0.0601
1506,2026-01-29,07:00,Thursday,Weekday,January,7,234.52,5.186,1.2162,1.2162,0.5108,0.2432,0.1581,0.304
1507,2026-11-14,08:00,Saturday,Weekend,November,8,230.99,3.802,0.8782,0.8782,0.3688,0.1756,0.1142,0.2195
1508,2026-09-02,12:00,Wednesday,Weekday,September,12,226.97,4.88,1.1077,1.1077,0.3323,0.3766,0.144,0.2548
1509,2026-08-24,08:00,Monday,Weekday,August,8,230.36,5.159,1.1884,1.1884,0.4991,0.2377,0.1545,0.2971
1510,2026-07-04,03:00,Saturday,Weekend,July,3,228.54,1.344,0.3071,0.3071,0.0246,0.0368,0.1689,0.0768
1511,2026-09-29,16:00,Tuesday,Weekday,September,16,234.98,3.231,0.7592,0.7592,0.2278,0.2581,0.0987,0.1746
1512,2026-08-24,15:00,Monday,Weekday,August,15,231.73,3.458,0.8014,0.8014,0.2404,0.2725,0.1042,0.1843
1513,2026-08-27,14:00,Thursday,Weekday,August,14,231.01,4.219,0.9747,0.9747,0.2924,0.3314,0.1267,0.2242
1514,2026-09-23,02:00,Wednesday,Weekday,September,2,231.62,1.466,0.3395,0.3395,0.0272,0.0407,0.1867,0.0849
1515,2026-12-25,19:00,Friday,Weekday,December,19,228.86,10.856,2.4846,2.4846,0.8448,0.8199,0.323,0.4969
1516,2026-12-06,04:00,Sunday,Weekend,December,4,233.13,1.5,0.3497,0.3497,0.028,0.042,0.1923,0.0874
1517,2026-03-06,22:00,Friday,Weekday,March,22,228.57,4.073,0.9309,0.9309,0.3165,0.3072,0.121,0.1862
1518,2026-06-26,04:00,Friday,Weekday,June,4,232.4,2.711,0.63,0.63,0.0504,0.0756,0.3465,0.1575
1519,2026-01-03,19:00,Saturday,Weekend,January,19,233.55,13.066,3.0516,3.0516,1.0376,1.007,0.3967,0.6103
1520,2026-05-22,14:00,Friday,Weekday,May,14,227.97,2.422,0.5522,0.5522,0.1657,0.1877,0.0718,0.127
1521,2026-06-07,17:00,Sunday,Weekend,June,17,229.86,8.724,2.0053,2.0053,0.6818,0.6618,0.2607,0.4011
1522,2026-11-20,14:00,Friday,Weekday,November,14,231.04,2.57,0.5937,0.5937,0.1781,0.2019,0.0772,0.1366
1523,2026-05-26,01:00,Tuesday,Weekday,May,1,227.31,1.255,0.2853,0.2853,0.0228,0.0342,0.1569,0.0713
1524,2026-10-20,12:00,Tuesday,Weekday,October,12,226.58,3.834,0.8687,0.8687,0.2606,0.2954,0.1129,0.1998
1525,2026-06-02,03:00,Tuesday,Weekday,June,3,227.71,1.575,0.3586,0.3586,0.0287,0.043,0.1973,0.0897
1526,2026-07-12,09:00,Sunday,Weekend,July,9,229.87,5.032,1.1567,1.1567,0.4858,0.2313,0.1504,0.2892
1527,2026-03-14,12:00,Saturday,Weekend,March,12,231.05,5.328,1.231,1.231,0.3693,0.4185,0.16,0.2831
1528,2026-11-01,09:00,Sunday,Weekend,November,9,229.08,4.194,0.9608,0.9608,0.4035,0.1922,0.1249,0.2402
1529,2026-12-10,08:00,Thursday,Weekday,December,8,233.77,16.184,3.7834,3.7834,1.589,0.7567,0.4918,0.9459
1530,2026-05-20,07:00,Wednesday,Weekday,May,7,232.57,4.727,1.0993,1.0993,0.4617,0.2199,0.1429,0.2748
1531,2026-07-06,02:00,Monday,Weekday,July,2,231.13,1.627,0.3761,0.3761,0.0301,0.0451,0.2068,0.094
1532,2026-10-20,15:00,Tuesday,Weekday,October,15,228.92,3.363,0.77,0.77,0.231,0.2618,0.1001,0.1771
1533,2026-03-02,13:00,Monday,Weekday,March,13,230.17,2.839,0.6535,0.6535,0.1961,0.2222,0.085,0.1503
1534,2026-07-17,08:00,Friday,Weekday,July,8,232.75,4.162,0.9687,0.9687,0.4069,0.1937,0.1259,0.2422
1535,2026-10-22,20:00,Thursday,Weekday,October,20,232.3,6.337,1.4721,1.4721,0.5005,0.4858,0.1914,0.2944
1536,2026-11-15,10:00,Sunday,Weekend,November,10,232.27,4.877,1.1329,1.1329,0.3399,0.3852,0.1473,0.2606
1537,2026-10-29,02:00,Thursday,Weekday,October,2,229.24,1.081,0.2479,0.2479,0.0198,0.0297,0.1363,0.062
1538,2026-12-10,04:00,Thursday,Weekday,December,4,228.69,1.759,0.4023,0.4023,0.0322,0.0483,0.2212,0.1006
1539,2026-01-11,09:00,Sunday,Weekend,January,9,226.43,5.298,1.1997,1.1997,0.5039,0.2399,0.156,0.2999
1540,2026-03-03,12:00,Tuesday,Weekday,March,12,231.32,5.05,1.1682,1.1682,0.3504,0.3972,0.1519,0.2687
1541,2026-11-29,03:00,Sunday,Weekend,November,3,226.2,1.036,0.2343,0.2343,0.0187,0.0281,0.1289,0.0586
1542,2026-08-14,23:00,Friday,Weekday,August,23,229.96,2.779,0.6391,0.6391,0.2173,0.2109,0.0831,0.1278
1543,2026-06-02,12:00,Tuesday,Weekday,June,12,228.95,4.002,0.9163,0.9163,0.2749,0.3115,0.1191,0.2108
1544,2026-07-18,11:00,Saturday,Weekend,July,11,230.56,6.034,1.3911,1.3911,0.4173,0.473,0.1808,0.3199
1545,2026-02-21,04:00,Saturday,Weekend,February,4,232.91,1.7,0.396,0.396,0.0317,0.0475,0.2178,0.099
1546,2026-09-17,09:00,Thursday,Weekday,September,9,233.38,7.556,1.7635,1.7635,0.7407,0.3527,0.2293,0.4409
1547,2026-02-28,23:00,Saturday,Weekend,February,23,231.76,2.597,0.6018,0.6018,0.2046,0.1986,0.0782,0.1204
1548,2026-03-13,08:00,Friday,Weekday,March,8,228.09,4.395,1.0025,1.0025,0.4211,0.2005,0.1303,0.2506
1549,2026-05-28,19:00,Thursday,Weekday,May,19,228.13,8.252,1.8826,1.8826,0.6401,0.6212,0.2447,0.3765
1550,2026-12-15,06:00,Tuesday,Weekday,December,6,227.82,3.848,0.8766,0.8766,0.3682,0.1753,0.114,0.2191
1551,2026-03-04,01:00,Wednesday,Weekday,March,1,228.36,1.295,0.2957,0.2957,0.0237,0.0355,0.1626,0.0739
1552,2026-11-06,21:00,Friday,Weekday,November,21,228.56,7.11,1.625,1.625,0.5525,0.5362,0.2112,0.325
1553,2026-08-31,23:00,Monday,Weekday,August,23,227.56,3.871,0.8808,0.8808,0.2995,0.2907,0.1145,0.1762
1554,2026-11-26,22:00,Thursday,Weekday,November,22,228.86,3.844,0.8798,0.8798,0.2991,0.2903,0.1144,0.176
1555,2026-04-17,06:00,Friday,Weekday,April,6,227.33,2.74,0.6228,0.6228,0.2616,0.1246,0.081,0.1557
1556,2026-08-14,07:00,Friday,Weekday,August,7,231.65,4.848,1.1231,1.1231,0.4717,0.2246,0.146,0.2808
1557,2026-11-09,06:00,Monday,Weekday,November,6,229.1,2.733,0.6261,0.6261,0.263,0.1252,0.0814,0.1565
1558,2026-08-06,20:00,Thursday,Weekday,August,20,222.3,13.248,2.9451,2.9451,1.0013,0.9719,0.3829,0.589
1559,2026-08-29,22:00,Saturday,Weekend,August,22,234.08,4.867,1.1392,1.1392,0.3873,0.376,0.1481,0.2278
1560,2026-09-16,13:00,Wednesday,Weekday,September,13,232.53,2.872,0.6679,0.6679,0.2004,0.2271,0.0868,0.1536
1561,2026-09-19,18:00,Saturday,Weekend,September,18,223.39,8.43,1.8831,1.8831,0.6403,0.6214,0.2448,0.3766
1562,2026-01-05,04:00,Monday,Weekday,January,4,231.84,1.585,0.3675,0.3675,0.0294,0.0441,0.2021,0.0919
1563,2026-09-18,22:00,Friday,Weekday,September,22,233.81,3.654,0.8543,0.8543,0.2904,0.2819,0.1111,0.1709
1564,2026-02-23,17:00,Monday,Weekday,February,17,229.53,5.578,1.2804,1.2804,0.4353,0.4225,0.1665,0.2561
1565,2026-02-16,19:00,Monday,Weekday,February,19,228.7,8.497,1.9431,1.9431,0.6607,0.6412,0.2526,0.3886
1566,2026-08-03,11:00,Monday,Weekday,August,11,229.2,10.435,2.3917,2.3917,0.7175,0.8132,0.3109,0.5501
1567,2026-06-26,22:00,Friday,Weekday,June,22,231.3,4.437,1.0264,1.0264,0.349,0.3387,0.1334,0.2053
1568,2026-01-09,16:00,Friday,Weekday,January,16,232.58,3.14,0.7303,0.7303,0.2191,0.2483,0.0949,0.168
1569,2026-04-09,12:00,Thursday,Weekday,April,12,227.02,5.246,1.191,1.191,0.3573,0.4049,0.1548,0.2739
1570,2026-01-20,01:00,Tuesday,Weekday,January,1,228.23,1.613,0.368,0.368,0.0294,0.0442,0.2024,0.092
1571,2026-08-29,12:00,Saturday,Weekend,August,12,230.2,7.794,1.7941,1.7941,0.5382,0.61,0.2332,0.4126
1572,2026-03-02,06:00,Monday,Weekday,March,6,230.78,5.0,1.154,1.154,0.4847,0.2308,0.15,0.2885
1573,2026-06-27,09:00,Saturday,Weekend,June,9,231.02,5.083,1.1743,1.1743,0.4932,0.2349,0.1527,0.2936
1574,2026-12-04,22:00,Friday,Weekday,December,22,229.52,4.6,1.0557,1.0557,0.3589,0.3484,0.1372,0.2111
1575,2026-03-03,05:00,Tuesday,Weekday,March,5,227.79,1.434,0.3267,0.3267,0.0261,0.0392,0.1797,0.0817
1576,2026-05-25,02:00,Monday,Weekday,May,2,232.46,1.184,0.2752,0.2752,0.022,0.033,0.1513,0.0688
1577,2026-08-04,02:00,Tuesday,Weekday,August,2,226.95,1.58,0.3585,0.3585,0.0287,0.043,0.1972,0.0896
1578,2026-01-03,17:00,Saturday,Weekend,January,17,228.66,7.992,1.8274,1.8274,0.6213,0.603,0.2376,0.3655
1579,2026-06-09,10:00,Tuesday,Weekday,June,10,230.04,3.677,0.8458,0.8458,0.2537,0.2876,0.11,0.1945
1580,2026-08-15,21:00,Saturday,Weekend,August,21,229.36,9.298,2.1326,2.1326,0.7251,0.7038,0.2772,0.4265
1581,2026-09-26,19:00,Saturday,Weekend,September,19,226.73,10.686,2.4228,2.4228,0.8237,0.7995,0.315,0.4846
1582,2026-04-30,04:00,Thursday,Weekday,April,4,231.88,1.156,0.268,0.268,0.0214,0.0322,0.1474,0.067
1583,2026-03-30,18:00,Monday,Weekday,March,18,232.35,7.271,1.6894,1.6894,0.5744,0.5575,0.2196,0.3379
1584,2026-11-25,21:00,Wednesday,Weekday,November,21,226.89,7.952,1.8043,1.8043,0.6135,0.5954,0.2346,0.3609
1585,2026-03-09,18:00,Monday,Weekday,March,18,229.11,7.066,1.619,1.619,0.5505,0.5343,0.2105,0.3238
1586,2026-12-23,14:00,Wednesday,Weekday,December,14,230.62,3.473,0.801,0.801,0.2403,0.2723,0.1041,0.1842
1587,2026-04-08,15:00,Wednesday,Weekday,April,15,229.15,2.692,0.6169,0.6169,0.1851,0.2097,0.0802,0.1419
1588,2026-09-24,23:00,Thursday,Weekday,September,23,225.23,3.105,0.6994,0.6994,0.2378,0.2308,0.0909,0.1399
1589,2026-04-15,08:00,Wednesday,Weekday,April,8,230.89,5.398,1.2462,1.2462,0.5234,0.2492,0.162,0.3116
1590,2026-11-19,03:00,Thursday,Weekday,November,3,231.16,1.115,0.2577,0.2577,0.0206,0.0309,0.1417,0.0644
1591,2026-05-03,14:00,Sunday,Weekend,May,14,232.72,3.569,0.8306,0.8306,0.2492,0.2824,0.108,0.191
1592,2026-01-29,11:00,Thursday,Weekday,January,11,229.16,10.904,2.4987,2.4987,0.7496,0.8496,0.3248,0.5747
1593,2026-05-17,22:00,Sunday,Weekend,May,22,228.33,8.578,1.9587,1.9587,0.666,0.6464,0.2546,0.3917
1594,2026-07-14,02:00,Tuesday,Weekday,July,2,227.71,2.096,0.4773,0.4773,0.0382,0.0573,0.2625,0.1193
1595,2026-08-14,22:00,Friday,Weekday,August,22,222.5,5.878,1.3079,1.3079,0.4447,0.4316,0.17,0.2616
1596,2026-11-28,13:00,Saturday,Weekend,November,13,228.99,4.944,1.1321,1.1321,0.3396,0.3849,0.1472,0.2604
1597,2026-06-19,16:00,Friday,Weekday,June,16,236.92,3.4,0.8055,0.8055,0.2416,0.2739,0.1047,0.1853
1598,2026-01-09,18:00,Friday,Weekday,January,18,230.52,11.096,2.558,2.558,0.8697,0.8441,0.3325,0.5116
1599,2026-02-09,05:00,Monday,Weekday,February,5,227.52,2.097,0.4771,0.4771,0.0382,0.0572,0.2624,0.1193
1600,2026-01-25,03:00,Sunday,Weekend,January,3,228.71,1.522,0.3482,0.3482,0.0279,0.0418,0.1915,0.087
1601,2026-09-18,06:00,Friday,Weekday,September,6,228.7,2.87,0.6564,0.6564,0.2757,0.1313,0.0853,0.1641
1602,2026-08-14,18:00,Friday,Weekday,August,18,232.55,9.89,2.3,2.3,0.782,0.759,0.299,0.46
1603,2026-05-04,16:00,Monday,Weekday,May,16,235.56,3.157,0.7436,0.7436,0.2231,0.2528,0.0967,0.171
1604,2026-02-07,15:00,Saturday,Weekend,February,15,230.22,3.384,0.779,0.779,0.2337,0.2649,0.1013,0.1792
1605,2026-11-24,14:00,Tuesday,Weekday,November,14,230.66,2.791,0.6439,0.6439,0.1932,0.2189,0.0837,0.1481
1606,2026-09-08,21:00,Tuesday,Weekday,September,21,231.3,5.187,1.1997,1.1997,0.4079,0.3959,0.156,0.2399
1607,2026-06-25,07:00,Thursday,Weekday,June,7,229.96,5.251,1.2076,1.2076,0.5072,0.2415,0.157,0.3019
1608,2026-03-31,18:00,Tuesday,Weekday,March,18,230.7,5.89,1.3589,1.3589,0.462,0.4484,0.1767,0.2718
1609,2026-02-06,07:00,Friday,Weekday,February,7,230.12,5.276,1.2142,1.2142,0.51,0.2428,0.1578,0.3035
1610,2026-11-12,17:00,Thursday,Weekday,November,17,231.19,6.262,1.4476,1.4476,0.4922,0.4777,0.1882,0.2895
1611,2026-06-25,15:00,Thursday,Weekday,June,15,225.0,3.649,0.8209,0.8209,0.2463,0.2791,0.1067,0.1888
1612,2026-10-11,19:00,Sunday,Weekend,October,19,226.6,9.812,2.2233,2.2233,0.7559,0.7337,0.289,0.4447
1613,2026-03-22,18:00,Sunday,Weekend,March,18,225.44,12.109,2.7298,2.7298,0.9281,0.9008,0.3549,0.546
1614,2026-04-24,09:00,Friday,Weekday,April,9,231.73,4.062,0.9414,0.9414,0.3954,0.1883,0.1224,0.2353
1615,2026-02-09,16:00,Monday,Weekday,February,16,228.04,3.624,0.8263,0.8263,0.2479,0.281,0.1074,0.1901
1616,2026-10-28,12:00,Wednesday,Weekday,October,12,226.09,4.712,1.0654,1.0654,0.3196,0.3622,0.1385,0.245
1617,2026-08-12,12:00,Wednesday,Weekday,August,12,225.53,5.522,1.2453,1.2453,0.3736,0.4234,0.1619,0.2864
1618,2026-11-14,06:00,Saturday,Weekend,November,6,231.12,1.946,0.4499,0.4499,0.1889,0.09,0.0585,0.1125
1619,2026-12-15,09:00,Tuesday,Weekday,December,9,227.68,4.539,1.0333,1.0333,0.434,0.2067,0.1343,0.2583
1620,2026-04-25,01:00,Saturday,Weekend,April,1,229.65,1.163,0.2672,0.2672,0.0214,0.0321,0.147,0.0668
1621,2026-07-05,03:00,Sunday,Weekend,July,3,233.96,1.338,0.3131,0.3131,0.025,0.0376,0.1722,0.0783
1622,2026-11-19,05:00,Thursday,Weekday,November,5,230.94,1.282,0.2961,0.2961,0.0237,0.0355,0.1628,0.074
1623,2026-02-25,23:00,Wednesday,Weekday,February,23,228.72,2.607,0.5964,0.5964,0.2028,0.1968,0.0775,0.1193
1624,2026-02-09,17:00,Monday,Weekday,February,17,225.4,7.032,1.5849,1.5849,0.5389,0.523,0.206,0.317
1625,2026-12-20,22:00,Sunday,Weekend,December,22,231.09,4.243,0.9805,0.9805,0.3334,0.3236,0.1275,0.1961
1626,2026-02-09,05:00,Monday,Weekday,February,5,229.68,1.736,0.3988,0.3988,0.0319,0.0479,0.2193,0.0997
1627,2026-12-13,22:00,Sunday,Weekend,December,22,231.45,5.117,1.1843,1.1843,0.4027,0.3908,0.154,0.2369
1628,2026-08-25,16:00,Tuesday,Weekday,August,16,224.04,4.785,1.0721,1.0721,0.3216,0.3645,0.1394,0.2466
1629,2026-10-16,13:00,Friday,Weekday,October,13,232.84,3.197,0.7444,0.7444,0.2233,0.2531,0.0968,0.1712
1630,2026-09-19,23:00,Saturday,Weekend,September,23,225.72,2.564,0.5787,0.5787,0.1968,0.191,0.0752,0.1157
1631,2026-08-04,10:00,Tuesday,Weekday,August,10,228.79,5.096,1.1658,1.1658,0.3498,0.3964,0.1516,0.2681
1632,2026-05-27,18:00,Wednesday,Weekday,May,18,232.57,7.84,1.8234,1.8234,0.6199,0.6017,0.237,0.3647
1633,2026-12-02,01:00,Wednesday,Weekday,December,1,224.42,1.857,0.4167,0.4167,0.0333,0.05,0.2292,0.1042
1634,2026-06-17,02:00,Wednesday,Weekday,June,2,229.78,1.808,0.4155,0.4155,0.0332,0.0499,0.2285,0.1039
1635,2026-04-02,10:00,Thursday,Weekday,April,10,229.31,3.313,0.7596,0.7596,0.2279,0.2583,0.0988,0.1747
1636,2026-12-19,05:00,Saturday,Weekend,December,5,229.93,1.804,0.4148,0.4148,0.0332,0.0498,0.2281,0.1037
1637,2026-02-28,13:00,Saturday,Weekend,February,13,230.89,6.124,1.4139,1.4139,0.4242,0.4807,0.1838,0.3252
1638,2026-02-28,18:00,Saturday,Weekend,February,18,228.08,7.835,1.7871,1.7871,0.6076,0.5897,0.2323,0.3574
1639,2026-10-31,15:00,Saturday,Weekend,October,15,226.65,3.073,0.6965,0.6965,0.209,0.2368,0.0905,0.1602
1640,2026-06-18,20:00,Thursday,Weekday,June,20,230.02,9.846,2.2649,2.2649,0.7701,0.7474,0.2944,0.453
1641,2026-09-26,21:00,Saturday,Weekend,September,21,229.09,8.14,1.8648,1.8648,0.634,0.6154,0.2424,0.373
1642,2026-12-29,23:00,Tuesday,Weekday,December,23,229.85,3.948,0.9073,0.9073,0.3085,0.2994,0.118,0.1815
1643,2026-02-14,06:00,Saturday,Weekend,February,6,235.22,1.921,0.4518,0.4518,0.1898,0.0904,0.0587,0.113
1644,2026-12-11,07:00,Friday,Weekday,December,7,233.34,5.033,1.1744,1.1744,0.4933,0.2349,0.1527,0.2936
1645,2026-06-30,18:00,Tuesday,Weekday,June,18,232.43,8.142,1.8925,1.8925,0.6435,0.6245,0.246,0.3785
1646,2026-06-19,19:00,Friday,Weekday,June,19,230.83,11.217,2.5892,2.5892,0.8803,0.8544,0.3366,0.5178
1647,2026-12-22,15:00,Tuesday,Weekday,December,15,234.46,4.537,1.0637,1.0637,0.3191,0.3616,0.1383,0.2446
1648,2026-07-10,21:00,Friday,Weekday,July,21,227.43,11.179,2.5425,2.5425,0.8645,0.839,0.3305,0.5085
1649,2026-06-04,06:00,Thursday,Weekday,June,6,229.1,3.029,0.6939,0.6939,0.2914,0.1388,0.0902,0.1735
1650,2026-07-07,08:00,Tuesday,Weekday,July,8,225.67,7.619,1.7195,1.7195,0.7222,0.3439,0.2235,0.4299
1651,2026-01-07,12:00,Wednesday,Weekday,January,12,228.76,5.319,1.2169,1.2169,0.3651,0.4137,0.1582,0.2799
1652,2026-05-13,00:00,Wednesday,Weekday,May,0,230.1,2.346,0.5397,0.5397,0.0432,0.0648,0.2969,0.1349
1653,2026-08-23,07:00,Sunday,Weekend,August,7,230.51,3.16,0.7284,0.7284,0.3059,0.1457,0.0947,0.1821
1654,2026-02-14,23:00,Saturday,Weekend,February,23,231.08,2.852,0.6591,0.6591,0.2241,0.2175,0.0857,0.1318
1655,2026-11-10,21:00,Tuesday,Weekday,November,21,233.64,6.581,1.5375,1.5375,0.5228,0.5074,0.1999,0.3075
1656,2026-09-06,03:00,Sunday,Weekend,September,3,226.19,1.05,0.2376,0.2376,0.019,0.0285,0.1307,0.0594
1657,2026-01-31,02:00,Saturday,Weekend,January,2,226.99,1.428,0.3242,0.3242,0.0259,0.0389,0.1783,0.081
1658,2026-01-23,02:00,Friday,Weekday,January,2,223.9,1.741,0.3897,0.3897,0.0312,0.0468,0.2143,0.0974
1659,2026-06-09,21:00,Tuesday,Weekday,June,21,226.77,18.036,4.09,4.09,1.3906,1.3497,0.5317,0.818
1660,2026-12-29,12:00,Tuesday,Weekday,December,12,228.89,3.763,0.8614,0.8614,0.2584,0.2929,0.112,0.1981
1661,2026-06-07,07:00,Sunday,Weekend,June,7,228.25,2.988,0.6821,0.6821,0.2865,0.1364,0.0887,0.1705
1662,2026-02-08,06:00,Sunday,Weekend,February,6,227.15,2.196,0.4989,0.4989,0.2095,0.0998,0.0649,0.1247
1663,2026-03-23,00:00,Monday,Weekday,March,0,230.22,1.446,0.3328,0.3328,0.0266,0.0399,0.183,0.0832
1664,2026-12-22,15:00,Tuesday,Weekday,December,15,229.03,3.282,0.7517,0.7517,0.2255,0.2556,0.0977,0.1729
1665,2026-09-15,05:00,Tuesday,Weekday,September,5,227.79,1.344,0.3061,0.3061,0.0245,0.0367,0.1683,0.0765
1666,2026-07-25,06:00,Saturday,Weekend,July,6,230.38,2.333,0.5374,0.5374,0.2257,0.1075,0.0699,0.1344
1667,2026-03-18,11:00,Wednesday,Weekday,March,11,228.57,2.805,0.6411,0.6411,0.1923,0.218,0.0833,0.1475
1668,2026-01-12,22:00,Monday,Weekday,January,22,232.89,5.364,1.2492,1.2492,0.4247,0.4122,0.1624,0.2498
1669,2026-10-22,08:00,Thursday,Weekday,October,8,229.59,4.008,0.9202,0.9202,0.3865,0.184,0.1196,0.2301
1670,2026-08-12,10:00,Wednesday,Weekday,August,10,229.13,4.513,1.034,1.034,0.3102,0.3516,0.1344,0.2378
1671,2026-01-13,09:00,Tuesday,Weekday,January,9,230.65,6.199,1.4298,1.4298,0.6005,0.286,0.1859,0.3574
1672,2026-02-15,20:00,Sunday,Weekend,February,20,224.81,23.476,5.2776,5.2776,1.7944,1.7416,0.6861,1.0555
1673,2026-06-04,00:00,Thursday,Weekday,June,0,233.03,1.882,0.4385,0.4385,0.0351,0.0526,0.2412,0.1096
1674,2026-04-23,17:00,Thursday,Weekday,April,17,231.96,5.461,1.2668,1.2668,0.4307,0.4181,0.1647,0.2534
1675,2026-08-21,03:00,Friday,Weekday,August,3,228.02,1.405,0.3205,0.3205,0.0256,0.0385,0.1763,0.0801
1676,2026-01-17,04:00,Saturday,Weekend,January,4,227.17,1.61,0.3658,0.3658,0.0293,0.0439,0.2012,0.0915
1677,2026-12-26,08:00,Saturday,Weekend,December,8,227.48,2.671,0.6076,0.6076,0.2552,0.1215,0.079,0.1519
1678,2026-08-11,16:00,Tuesday,Weekday,August,16,226.48,5.509,1.2477,1.2477,0.3743,0.4242,0.1622,0.287
1679,2026-12-20,02:00,Sunday,Weekend,December,2,225.76,1.348,0.3044,0.3044,0.0244,0.0365,0.1674,0.0761
1680,2026-07-07,15:00,Tuesday,Weekday,July,15,226.39,3.608,0.8169,0.8169,0.2451,0.2777,0.1062,0.1879
1681,2026-12-10,04:00,Thursday,Weekday,December,4,223.38,1.581,0.3532,0.3532,0.0283,0.0424,0.1943,0.0883
1682,2026-12-31,15:00,Thursday,Weekday,December,15,229.09,5.034,1.1532,1.1532,0.346,0.3921,0.1499,0.2652
1683,2026-06-12,02:00,Friday,Weekday,June,2,229.66,1.446,0.3322,0.3322,0.0266,0.0399,0.1827,0.083
1684,2026-11-22,19:00,Sunday,Weekend,November,19,233.05,12.233,2.8508,2.8508,0.9693,0.9408,0.3706,0.5702
1685,2026-03-15,14:00,Sunday,Weekend,March,14,232.47,2.834,0.6589,0.6589,0.1977,0.224,0.0857,0.1515
1686,2026-08-21,02:00,Friday,Weekday,August,2,228.17,1.475,0.3365,0.3365,0.0269,0.0404,0.1851,0.0841
1687,2026-08-12,19:00,Wednesday,Weekday,August,19,228.78,11.346,2.5958,2.5958,0.8826,0.8566,0.3375,0.5192
1688,2026-11-15,13:00,Sunday,Weekend,November,13,232.76,3.605,0.8392,0.8392,0.2518,0.2853,0.1091,0.193
1689,2026-03-01,15:00,Sunday,Weekend,March,15,228.88,2.476,0.5666,0.5666,0.17,0.1927,0.0737,0.1303
1690,2026-12-01,16:00,Tuesday,Weekday,December,16,230.43,4.473,1.0307,1.0307,0.3092,0.3504,0.134,0.2371
1691,2026-08-10,23:00,Monday,Weekday,August,23,228.49,3.546,0.8103,0.8103,0.2755,0.2674,0.1053,0.1621
1692,2026-02-06,19:00,Friday,Weekday,February,19,227.35,12.205,2.7749,2.7749,0.9435,0.9157,0.3607,0.555
1693,2026-10-05,22:00,Monday,Weekday,October,22,230.21,3.712,0.8546,0.8546,0.2906,0.282,0.1111,0.1709
1694,2026-07-15,17:00,Wednesday,Weekday,July,17,228.63,6.781,1.5503,1.5503,0.5271,0.5116,0.2015,0.3101
1695,2026-12-18,17:00,Friday,Weekday,December,17,231.42,7.567,1.7511,1.7511,0.5954,0.5778,0.2276,0.3502
1696,2026-08-30,21:00,Sunday,Weekend,August,21,226.72,11.859,2.6887,2.6887,0.9141,0.8873,0.3495,0.5377
1697,2026-11-20,13:00,Friday,Weekday,November,13,230.29,3.715,0.8555,0.8555,0.2567,0.2909,0.1112,0.1968
1698,2026-08-07,17:00,Friday,Weekday,August,17,233.84,6.748,1.578,1.578,0.5365,0.5207,0.2051,0.3156
1699,2026-07-11,14:00,Saturday,Weekend,July,14,230.78,4.398,1.015,1.015,0.3045,0.3451,0.1319,0.2334
1700,2026-01-17,14:00,Saturday,Weekend,January,14,228.01,5.512,1.2567,1.2567,0.377,0.4273,0.1634,0.289
1701,2026-01-12,05:00,Monday,Weekday,January,5,230.87,1.535,0.3543,0.3543,0.0283,0.0425,0.1949,0.0886
1702,2026-07-12,14:00,Sunday,Weekend,July,14,236.08,5.14,1.2135,1.2135,0.3641,0.4126,0.1578,0.2791
1703,2026-01-22,17:00,Thursday,Weekday,January,17,229.97,6.775,1.5581,1.5581,0.5298,0.5142,0.2026,0.3116
1704,2026-04-30,03:00,Thursday,Weekday,April,3,231.98,1.035,0.2401,0.2401,0.0192,0.0288,0.1321,0.06
1705,2026-07-29,22:00,Wednesday,Weekday,July,22,230.01,3.946,0.9076,0.9076,0.3086,0.2995,0.118,0.1815
1706,2026-11-02,07:00,Monday,Weekday,November,7,230.69,4.651,1.073,1.073,0.4506,0.2146,0.1395,0.2682
1707,2026-09-27,14:00,Sunday,Weekend,September,14,229.8,3.138,0.7211,0.7211,0.2163,0.2452,0.0937,0.1659
1708,2026-07-11,02:00,Saturday,Weekend,July,2,227.45,1.419,0.3228,0.3228,0.0258,0.0387,0.1775,0.0807
1709,2026-06-24,14:00,Wednesday,Weekday,June,14,230.93,4.379,1.0113,1.0113,0.3034,0.3438,0.1315,0.2326
1710,2026-10-12,12:00,Monday,Weekday,October,12,226.94,4.076,0.925,0.925,0.2775,0.3145,0.1202,0.2127
1711,2026-07-23,08:00,Thursday,Weekday,July,8,228.25,9.401,2.1457,2.1457,0.9012,0.4291,0.2789,0.5364
1712,2026-06-13,01:00,Saturday,Weekend,June,1,234.78,1.082,0.2541,0.2541,0.0203,0.0305,0.1398,0.0635
1713,2026-09-08,23:00,Tuesday,Weekday,September,23,229.82,2.087,0.4797,0.4797,0.1631,0.1583,0.0624,0.0959
1714,2026-08-15,07:00,Saturday,Weekend,August,7,227.69,2.443,0.5563,0.5563,0.2336,0.1113,0.0723,0.1391
1715,2026-01-07,19:00,Wednesday,Weekday,January,19,228.69,11.472,2.6236,2.6236,0.892,0.8658,0.3411,0.5247
1716,2026-01-29,16:00,Thursday,Weekday,January,16,228.62,6.139,1.4034,1.4034,0.421,0.4772,0.1824,0.3228
1717,2026-02-02,12:00,Monday,Weekday,February,12,230.27,4.259,0.9807,0.9807,0.2942,0.3334,0.1275,0.2256
1718,2026-05-14,00:00,Thursday,Weekday,May,0,227.06,1.518,0.3447,0.3447,0.0276,0.0414,0.1896,0.0862
1719,2026-03-20,01:00,Friday,Weekday,March,1,231.95,1.169,0.2711,0.2711,0.0217,0.0325,0.1491,0.0678
1720,2026-02-27,14:00,Friday,Weekday,February,14,230.31,3.421,0.7879,0.7879,0.2364,0.2679,0.1024,0.1812
1721,2026-01-26,11:00,Monday,Weekday,January,11,227.5,3.962,0.9013,0.9013,0.2704,0.3064,0.1172,0.2073
1722,2026-08-14,13:00,Friday,Weekday,August,13,230.9,5.357,1.237,1.237,0.3711,0.4206,0.1608,0.2845
1723,2026-10-12,01:00,Monday,Weekday,October,1,234.84,1.159,0.2723,0.2723,0.0218,0.0327,0.1497,0.0681
1724,2026-01-04,17:00,Sunday,Weekend,January,17,227.45,8.91,2.0265,2.0265,0.689,0.6687,0.2634,0.4053
1725,2026-04-09,21:00,Thursday,Weekday,April,21,231.89,5.631,1.3058,1.3058,0.444,0.4309,0.1698,0.2612
1726,2026-02-08,06:00,Sunday,Weekend,February,6,231.04,1.531,0.3538,0.3538,0.1486,0.0708,0.046,0.0884
1727,2026-09-28,22:00,Monday,Weekday,September,22,231.01,4.309,0.9954,0.9954,0.3384,0.3285,0.1294,0.1991
1728,2026-10-12,05:00,Monday,Weekday,October,5,232.25,1.012,0.235,0.235,0.0188,0.0282,0.1293,0.0588
1729,2026-06-06,13:00,Saturday,Weekend,June,13,229.31,3.651,0.8372,0.8372,0.2512,0.2846,0.1088,0.1926
1730,2026-03-16,07:00,Monday,Weekday,March,7,230.38,4.612,1.0624,1.0624,0.4462,0.2125,0.1381,0.2656
1731,2026-10-15,21:00,Thursday,Weekday,October,21,230.25,5.284,1.2165,1.2165,0.4136,0.4015,0.1581,0.2433
1732,2026-05-10,01:00,Sunday,Weekend,May,1,227.86,1.281,0.2919,0.2919,0.0234,0.035,0.1606,0.073
1733,2026-06-24,16:00,Wednesday,Weekday,June,16,231.15,4.005,0.9258,0.9258,0.2777,0.3148,0.1203,0.2129
1734,2026-03-25,04:00,Wednesday,Weekday,March,4,229.09,1.455,0.3333,0.3333,0.0267,0.04,0.1833,0.0833
1735,2026-01-22,13:00,Thursday,Weekday,January,13,234.58,3.874,0.9089,0.9089,0.2727,0.309,0.1182,0.209
1736,2026-01-27,23:00,Tuesday,Weekday,January,23,228.73,2.683,0.6137,0.6137,0.2087,0.2025,0.0798,0.1227
1737,2026-07-14,19:00,Tuesday,Weekday,July,19,226.35,11.711,2.6509,2.6509,0.9013,0.8748,0.3446,0.5302
1738,2026-12-03,20:00,Thursday,Weekday,December,20,231.22,10.115,2.3388,2.3388,0.7952,0.7718,0.304,0.4678
1739,2026-08-24,20:00,Monday,Weekday,August,20,226.28,10.095,2.2843,2.2843,0.7767,0.7538,0.297,0.4569
1740,2026-04-02,21:00,Thursday,Weekday,April,21,226.97,6.073,1.3783,1.3783,0.4686,0.4548,0.1792,0.2757
1741,2026-01-21,02:00,Wednesday,Weekday,January,2,230.97,1.437,0.332,0.332,0.0266,0.0398,0.1826,0.083
1742,2026-10-30,04:00,Friday,Weekday,October,4,233.33,0.957,0.2233,0.2233,0.0179,0.0268,0.1228,0.0558
1743,2026-12-23,15:00,Wednesday,Weekday,December,15,231.84,3.449,0.7996,0.7996,0.2399,0.2719,0.1039,0.1839
1744,2026-03-25,17:00,Wednesday,Weekday,March,17,228.57,4.701,1.0745,1.0745,0.3653,0.3546,0.1397,0.2149
1745,2026-09-19,16:00,Saturday,Weekend,September,16,230.32,4.303,0.9911,0.9911,0.2973,0.337,0.1288,0.228
1746,2026-05-27,10:00,Wednesday,Weekday,May,10,229.28,6.944,1.5921,1.5921,0.4776,0.5413,0.207,0.3662
1747,2026-09-14,16:00,Monday,Weekday,September,16,234.15,4.033,0.9443,0.9443,0.2833,0.3211,0.1228,0.2172
1748,2026-02-27,15:00,Friday,Weekday,February,15,228.91,3.621,0.8289,0.8289,0.2487,0.2818,0.1078,0.1907
1749,2026-01-15,22:00,Thursday,Weekday,January,22,230.25,4.622,1.0642,1.0642,0.3618,0.3512,0.1384,0.2128
1750,2026-06-11,01:00,Thursday,Weekday,June,1,230.42,1.674,0.3857,0.3857,0.0309,0.0463,0.2121,0.0964
1751,2026-06-12,03:00,Friday,Weekday,June,3,227.1,1.408,0.3198,0.3198,0.0256,0.0384,0.1759,0.0799
1752,2026-11-16,20:00,Monday,Weekday,November,20,227.18,6.926,1.5734,1.5734,0.535,0.5192,0.2045,0.3147
1753,2026-10-08,06:00,Thursday,Weekday,October,6,229.56,2.237,0.5135,0.5135,0.2157,0.1027,0.0668,0.1284
1754,2026-10-07,01:00,Wednesday,Weekday,October,1,233.44,1.076,0.2513,0.2513,0.0201,0.0302,0.1382,0.0628
1755,2026-01-12,05:00,Monday,Weekday,January,5,230.49,1.794,0.4135,0.4135,0.0331,0.0496,0.2274,0.1034
1756,2026-10-01,16:00,Thursday,Weekday,October,16,229.05,3.257,0.746,0.746,0.2238,0.2536,0.097,0.1716
1757,2026-09-28,06:00,Monday,Weekday,September,6,229.64,2.599,0.5969,0.5969,0.2507,0.1194,0.0776,0.1492
1758,2026-07-27,04:00,Monday,Weekday,July,4,229.83,1.148,0.2639,0.2639,0.0211,0.0317,0.1451,0.066
1759,2026-01-27,04:00,Tuesday,Weekday,January,4,229.9,1.255,0.2886,0.2886,0.0231,0.0346,0.1587,0.0721
1760,2026-03-13,19:00,Friday,Weekday,March,19,229.68,9.521,2.1868,2.1868,0.7435,0.7216,0.2843,0.4374
1761,2026-03-01,15:00,Sunday,Weekend,March,15,232.45,2.955,0.6868,0.6868,0.206,0.2335,0.0893,0.158
1762,2026-05-25,18:00,Monday,Weekday,May,18,227.28,7.446,1.6925,1.6925,0.5754,0.5585,0.22,0.3385
1763,2026-04-03,08:00,Friday,Weekday,April,8,232.67,4.948,1.1511,1.1511,0.4835,0.2302,0.1496,0.2878
1764,2026-11-05,04:00,Thursday,Weekday,November,4,231.88,1.493,0.3461,0.3461,0.0277,0.0415,0.1904,0.0865
1765,2026-01-08,07:00,Thursday,Weekday,January,7,229.87,4.558,1.0478,1.0478,0.4401,0.2096,0.1362,0.262
1766,2026-03-20,08:00,Friday,Weekday,March,8,226.32,6.257,1.4161,1.4161,0.5948,0.2832,0.1841,0.354
1767,2026-01-27,04:00,Tuesday,Weekday,January,4,230.53,1.785,0.4115,0.4115,0.0329,0.0494,0.2263,0.1029
1768,2026-06-23,09:00,Tuesday,Weekday,June,9,229.12,5.302,1.2147,1.2147,0.5102,0.2429,0.1579,0.3037
1769,2026-02-19,01:00,Thursday,Weekday,February,1,231.39,1.699,0.3931,0.3931,0.0314,0.0472,0.2162,0.0983
1770,2026-07-18,08:00,Saturday,Weekend,July,8,231.62,5.272,1.2212,1.2212,0.5129,0.2442,0.1588,0.3053
1771,2026-12-15,10:00,Tuesday,Weekday,December,10,233.3,3.443,0.8033,0.8033,0.241,0.2731,0.1044,0.1847
1772,2026-06-30,03:00,Tuesday,Weekday,June,3,227.35,1.164,0.2645,0.2645,0.0212,0.0317,0.1455,0.0661
1773,2026-01-24,21:00,Saturday,Weekend,January,21,235.31,6.85,1.612,1.612,0.5481,0.532,0.2096,0.3224
1774,2026-11-12,21:00,Thursday,Weekday,November,21,232.24,6.282,1.4589,1.4589,0.496,0.4814,0.1897,0.2918
1775,2026-02-15,21:00,Sunday,Weekend,February,21,231.69,8.13,1.8836,1.8836,0.6404,0.6216,0.2449,0.3767
1776,2026-01-15,01:00,Thursday,Weekday,January,1,234.79,1.918,0.4503,0.4503,0.036,0.054,0.2476,0.1126
1777,2026-06-02,22:00,Tuesday,Weekday,June,22,230.79,4.499,1.0383,1.0383,0.353,0.3427,0.135,0.2077
1778,2026-08-10,05:00,Monday,Weekday,August,5,232.58,1.452,0.3376,0.3376,0.027,0.0405,0.1857,0.0844
1779,2026-07-25,13:00,Saturday,Weekend,July,13,230.42,4.635,1.0681,1.0681,0.3204,0.3631,0.1388,0.2457
1780,2026-09-30,00:00,Wednesday,Weekday,September,0,232.1,1.772,0.4113,0.4113,0.0329,0.0494,0.2262,0.1028
1781,2026-08-24,17:00,Monday,Weekday,August,17,232.24,7.016,1.6293,1.6293,0.554,0.5377,0.2118,0.3259
1782,2026-12-06,06:00,Sunday,Weekend,December,6,232.65,1.777,0.4134,0.4134,0.1736,0.0827,0.0537,0.1034
1783,2026-08-16,00:00,Sunday,Weekend,August,0,226.22,1.579,0.3572,0.3572,0.0286,0.0429,0.1965,0.0893
1784,2026-01-09,00:00,Friday,Weekday,January,0,228.97,2.281,0.5223,0.5223,0.0418,0.0627,0.2873,0.1306
1785,2026-06-15,00:00,Monday,Weekday,June,0,232.93,1.751,0.408,0.408,0.0326,0.049,0.2244,0.102
1786,2026-11-15,23:00,Sunday,Weekend,November,23,231.25,2.414,0.5581,0.5581,0.1898,0.1842,0.0726,0.1116
1787,2026-08-02,03:00,Sunday,Weekend,August,3,229.88,1.601,0.3679,0.3679,0.0294,0.0442,0.2024,0.092
1788,2026-04-27,03:00,Monday,Weekday,April,3,231.27,0.867,0.2005,0.2005,0.016,0.0241,0.1103,0.0501
1789,2026-12-10,17:00,Thursday,Weekday,December,17,227.24,6.159,1.3995,1.3995,0.4758,0.4618,0.1819,0.2799
1790,2026-03-13,10:00,Friday,Weekday,March,10,231.97,3.55,0.8235,0.8235,0.2471,0.28,0.1071,0.1894
1791,2026-03-05,00:00,Thursday,Weekday,March,0,230.93,1.291,0.2982,0.2982,0.0239,0.0358,0.164,0.0745
1792,2026-07-24,09:00,Friday,Weekday,July,9,230.21,6.104,1.4053,1.4053,0.5902,0.2811,0.1827,0.3513
1793,2026-07-28,08:00,Tuesday,Weekday,July,8,228.4,7.174,1.6385,1.6385,0.6882,0.3277,0.213,0.4096
1794,2026-03-13,22:00,Friday,Weekday,March,22,230.58,3.828,0.8827,0.8827,0.3001,0.2913,0.1148,0.1765
1795,2026-10-04,03:00,Sunday,Weekend,October,3,229.31,0.819,0.1879,0.1879,0.015,0.0225,0.1033,0.047
1796,2026-10-01,05:00,Thursday,Weekday,October,5,229.19,1.316,0.3016,0.3016,0.0241,0.0362,0.1659,0.0754
1797,2026-11-16,15:00,Monday,Weekday,November,15,234.47,3.023,0.7087,0.7087,0.2126,0.241,0.0921,0.163
1798,2026-12-04,01:00,Friday,Weekday,December,1,226.03,1.624,0.3671,0.3671,0.0294,0.044,0.2019,0.0918
1799,2026-04-05,22:00,Sunday,Weekend,April,22,226.09,4.646,1.0504,1.0504,0.3571,0.3466,0.1365,0.2101
1800,2026-06-15,17:00,Monday,Weekday,June,17,229.52,7.557,1.7344,1.7344,0.5897,0.5724,0.2255,0.3469
1801,2026-02-01,09:00,Sunday,Weekend,February,9,226.95,3.774,0.8566,0.8566,0.3598,0.1713,0.1114,0.2141
1802,2026-01-11,23:00,Sunday,Weekend,January,23,224.99,2.566,0.5774,0.5774,0.1963,0.1905,0.0751,0.1155
1803,2026-10-28,23:00,Wednesday,Weekday,October,23,232.54,2.76,0.6419,0.6419,0.2182,0.2118,0.0834,0.1284
1804,2026-08-05,16:00,Wednesday,Weekday,August,16,233.15,3.942,0.9191,0.9191,0.2757,0.3125,0.1195,0.2114
1805,2026-10-16,12:00,Friday,Weekday,October,12,226.73,5.421,1.229,1.229,0.3687,0.4179,0.1598,0.2827
1806,2026-04-12,23:00,Sunday,Weekend,April,23,225.51,2.075,0.4679,0.4679,0.1591,0.1544,0.0608,0.0936
1807,2026-09-24,17:00,Thursday,Weekday,September,17,226.95,5.306,1.2041,1.2041,0.4094,0.3974,0.1565,0.2408
1808,2026-08-02,21:00,Sunday,Weekend,August,21,226.47,25.56,5.7886,5.7886,1.9681,1.9102,0.7525,1.1577
1809,2026-06-28,12:00,Sunday,Weekend,June,12,234.78,6.034,1.4166,1.4166,0.425,0.4817,0.1842,0.3258
1810,2026-03-29,16:00,Sunday,Weekend,March,16,228.93,4.156,0.9515,0.9515,0.2855,0.3235,0.1237,0.2188
1811,2026-02-10,04:00,Tuesday,Weekday,February,4,232.08,1.771,0.411,0.411,0.0329,0.0493,0.226,0.1027
1812,2026-03-17,10:00,Tuesday,Weekday,March,10,231.8,3.671,0.851,0.851,0.2553,0.2893,0.1106,0.1957
1813,2026-02-15,06:00,Sunday,Weekend,February,6,233.31,2.12,0.4945,0.4945,0.2077,0.0989,0.0643,0.1236
1814,2026-06-09,09:00,Tuesday,Weekday,June,9,228.44,5.08,1.1605,1.1605,0.4874,0.2321,0.1509,0.2901
1815,2026-03-21,16:00,Saturday,Weekend,March,16,229.97,4.445,1.0221,1.0221,0.3066,0.3475,0.1329,0.2351
1816,2026-11-06,14:00,Friday,Weekday,November,14,229.45,2.997,0.6878,0.6878,0.2063,0.2338,0.0894,0.1582
1817,2026-03-27,17:00,Friday,Weekday,March,17,229.24,6.749,1.5473,1.5473,0.5261,0.5106,0.2011,0.3095
1818,2026-04-02,22:00,Thursday,Weekday,April,22,233.04,4.145,0.966,0.966,0.3284,0.3188,0.1256,0.1932
1819,2026-05-28,21:00,Thursday,Weekday,May,21,235.45,5.801,1.3658,1.3658,0.4644,0.4507,0.1776,0.2732
1820,2026-06-10,18:00,Wednesday,Weekday,June,18,229.02,6.213,1.4229,1.4229,0.4838,0.4696,0.185,0.2846
1821,2026-07-21,01:00,Tuesday,Weekday,July,1,230.35,1.509,0.3476,0.3476,0.0278,0.0417,0.1912,0.0869
1822,2026-08-30,03:00,Sunday,Weekend,August,3,232.17,1.685,0.3912,0.3912,0.0313,0.0469,0.2152,0.0978
1823,2026-12-19,02:00,Saturday,Weekend,December,2,231.53,1.775,0.4109,0.4109,0.0329,0.0493,0.226,0.1027
1824,2026-01-02,06:00,Friday,Weekday,January,6,234.29,3.566,0.8355,0.8355,0.3509,0.1671,0.1086,0.2089
1825,2026-08-13,23:00,Thursday,Weekday,August,23,229.73,2.229,0.5121,0.5121,0.1741,0.169,0.0666,0.1024
1826,2026-10-16,17:00,Friday,Weekday,October,17,229.01,4.689,1.0739,1.0739,0.3651,0.3544,0.1396,0.2148
1827,2026-08-21,09:00,Friday,Weekday,August,9,233.44,4.085,0.9536,0.9536,0.4005,0.1907,0.124,0.2384
1828,2026-03-18,06:00,Wednesday,Weekday,March,6,230.76,2.039,0.4704,0.4704,0.1976,0.0941,0.0612,0.1176
1829,2026-04-26,07:00,Sunday,Weekend,April,7,231.35,2.884,0.6673,0.6673,0.2803,0.1335,0.0868,0.1668
1830,2026-06-03,05:00,Wednesday,Weekday,June,5,229.82,1.772,0.4073,0.4073,0.0326,0.0489,0.224,0.1018
1831,2026-04-13,21:00,Monday,Weekday,April,21,232.32,4.702,1.0923,1.0923,0.3714,0.3605,0.142,0.2185
1832,2026-07-13,00:00,Monday,Weekday,July,0,227.84,1.79,0.4078,0.4078,0.0326,0.0489,0.2243,0.1019
1833,2026-06-15,03:00,Monday,Weekday,June,3,228.85,1.174,0.2688,0.2688,0.0215,0.0323,0.1478,0.0672
1834,2026-12-25,13:00,Friday,Weekday,December,13,223.38,4.402,0.9833,0.9833,0.295,0.3343,0.1278,0.2262
1835,2026-03-31,16:00,Tuesday,Weekday,March,16,228.43,4.122,0.9416,0.9416,0.2825,0.3202,0.1224,0.2166
1836,2026-06-23,19:00,Tuesday,Weekday,June,19,230.3,12.445,2.866,2.866,0.9744,0.9458,0.3726,0.5732
1837,2026-05-02,17:00,Saturday,Weekend,May,17,228.17,7.15,1.6315,1.6315,0.5547,0.5384,0.2121,0.3263
1838,2026-05-23,10:00,Saturday,Weekend,May,10,227.69,3.272,0.7451,0.7451,0.2235,0.2533,0.0969,0.1714
1839,2026-04-16,20:00,Thursday,Weekday,April,20,231.73,8.876,2.0569,2.0569,0.6993,0.6788,0.2674,0.4114
1840,2026-11-01,13:00,Sunday,Weekend,November,13,230.35,4.635,1.0677,1.0677,0.3203,0.363,0.1388,0.2456
1841,2026-12-26,08:00,Saturday,Weekend,December,8,234.23,4.294,1.0057,1.0057,0.4224,0.2011,0.1307,0.2514
1842,2026-11-13,14:00,Friday,Weekday,November,14,232.14,3.117,0.7235,0.7235,0.217,0.246,0.0941,0.1664
1843,2026-05-03,11:00,Sunday,Weekend,May,11,230.47,4.079,0.9402,0.9402,0.2821,0.3197,0.1222,0.2162
1844,2026-01-09,09:00,Friday,Weekday,January,9,234.59,5.466,1.2822,1.2822,0.5385,0.2564,0.1667,0.3206
1845,2026-09-19,18:00,Saturday,Weekend,September,18,228.17,8.738,1.9938,1.9938,0.6779,0.6579,0.2592,0.3988
1846,2026-03-14,23:00,Saturday,Weekend,March,23,227.26,1.926,0.4378,0.4378,0.1488,0.1445,0.0569,0.0876
1847,2026-12-25,18:00,Friday,Weekday,December,18,233.47,7.576,1.7687,1.7687,0.6014,0.5837,0.2299,0.3537
1848,2026-08-11,05:00,Tuesday,Weekday,August,5,231.51,1.683,0.3897,0.3897,0.0312,0.0468,0.2143,0.0974
1849,2026-02-10,19:00,Tuesday,Weekday,February,19,232.75,10.63,2.4741,2.4741,0.8412,0.8164,0.3216,0.4948
1850,2026-07-23,23:00,Thursday,Weekday,July,23,232.2,2.92,0.6781,0.6781,0.2305,0.2238,0.0881,0.1356
1851,2026-09-21,05:00,Monday,Weekday,September,5,234.11,1.19,0.2785,0.2785,0.0223,0.0334,0.1532,0.0696
1852,2026-11-24,07:00,Tuesday,Weekday,November,7,228.72,4.397,1.0056,1.0056,0.4223,0.2011,0.1307,0.2514
1853,2026-06-27,00:00,Saturday,Weekend,June,0,229.53,1.498,0.3439,0.3439,0.0275,0.0413,0.1891,0.086
1854,2026-12-14,21:00,Monday,Weekday,December,21,229.43,9.421,2.1614,2.1614,0.7349,0.7133,0.281,0.4323
1855,2026-11-14,16:00,Saturday,Weekend,November,16,229.54,4.394,1.0085,1.0085,0.3026,0.3429,0.1311,0.232
1856,2026-03-25,16:00,Wednesday,Weekday,March,16,226.08,6.923,1.5652,1.5652,0.4696,0.5322,0.2035,0.36
1857,2026-11-14,23:00,Saturday,Weekend,November,23,230.41,2.099,0.4836,0.4836,0.1644,0.1596,0.0629,0.0967
1858,2026-04-21,14:00,Tuesday,Weekday,April,14,231.98,2.638,0.6119,0.6119,0.1836,0.2081,0.0795,0.1407
1859,2026-09-08,06:00,Tuesday,Weekday,September,6,228.3,2.893,0.6605,0.6605,0.2774,0.1321,0.0859,0.1651
1860,2026-01-07,18:00,Wednesday,Weekday,January,18,226.65,9.626,2.1817,2.1817,0.7418,0.72,0.2836,0.4363
1861,2026-03-25,21:00,Wednesday,Weekday,March,21,227.54,6.705,1.5256,1.5256,0.5187,0.5035,0.1983,0.3051
1862,2026-07-27,22:00,Monday,Weekday,July,22,231.96,5.301,1.2296,1.2296,0.4181,0.4058,0.1598,0.2459
1863,2026-11-10,02:00,Tuesday,Weekday,November,2,227.31,1.359,0.3089,0.3089,0.0247,0.0371,0.1699,0.0772
1864,2026-01-22,21:00,Thursday,Weekday,January,21,235.77,7.838,1.8481,1.8481,0.6283,0.6099,0.2402,0.3696
1865,2026-01-03,10:00,Saturday,Weekend,January,10,226.75,5.798,1.3147,1.3147,0.3944,0.447,0.1709,0.3024
1866,2026-05-07,19:00,Thursday,Weekday,May,19,226.44,7.129,1.6143,1.6143,0.5489,0.5327,0.2099,0.3229
1867,2026-10-24,18:00,Saturday,Weekend,October,18,230.7,8.466,1.953,1.953,0.664,0.6445,0.2539,0.3906
1868,2026-07-07,08:00,Tuesday,Weekday,July,8,230.5,8.118,1.8711,1.8711,0.7858,0.3742,0.2432,0.4678
1869,2026-12-28,09:00,Monday,Weekday,December,9,232.2,5.032,1.1685,1.1685,0.4908,0.2337,0.1519,0.2921
1870,2026-01-14,01:00,Wednesday,Weekday,January,1,228.29,1.626,0.3712,0.3712,0.0297,0.0445,0.2042,0.0928
1871,2026-01-12,00:00,Monday,Weekday,January,0,228.76,2.417,0.5529,0.5529,0.0442,0.0663,0.3041,0.1382
1872,2026-03-28,15:00,Saturday,Weekend,March,15,227.86,2.918,0.6649,0.6649,0.1995,0.2261,0.0864,0.1529
1873,2026-01-12,17:00,Monday,Weekday,January,17,226.53,7.353,1.6657,1.6657,0.5663,0.5497,0.2165,0.3331
1874,2026-01-25,22:00,Sunday,Weekend,January,22,230.96,5.025,1.1606,1.1606,0.3946,0.383,0.1509,0.2321
1875,2026-10-28,16:00,Wednesday,Weekday,October,16,227.85,3.05,0.695,0.695,0.2085,0.2363,0.0903,0.1598
1876,2026-08-31,05:00,Monday,Weekday,August,5,225.63,1.69,0.3813,0.3813,0.0305,0.0458,0.2097,0.0953
1877,2026-05-02,13:00,Saturday,Weekend,May,13,232.92,4.544,1.0583,1.0583,0.3175,0.3598,0.1376,0.2434
1878,2026-05-27,22:00,Wednesday,Weekday,May,22,229.55,3.843,0.8822,0.8822,0.2999,0.2911,0.1147,0.1764
1879,2026-02-24,14:00,Tuesday,Weekday,February,14,231.87,4.217,0.9779,0.9779,0.2934,0.3325,0.1271,0.2249
1880,2026-08-26,13:00,Wednesday,Weekday,August,13,229.23,4.306,0.987,0.987,0.2961,0.3356,0.1283,0.227
1881,2026-12-22,23:00,Tuesday,Weekday,December,23,231.36,2.87,0.6641,0.6641,0.2258,0.2192,0.0863,0.1328
1882,2026-06-22,21:00,Monday,Weekday,June,21,234.5,7.638,1.7912,1.7912,0.609,0.5911,0.2329,0.3582
1883,2026-08-09,02:00,Sunday,Weekend,August,2,227.14,1.433,0.3254,0.3254,0.026,0.039,0.179,0.0813
1884,2026-04-29,23:00,Wednesday,Weekday,April,23,228.06,1.695,0.3865,0.3865,0.1314,0.1276,0.0502,0.0773
1885,2026-11-05,22:00,Thursday,Weekday,November,22,227.75,4.674,1.0646,1.0646,0.362,0.3513,0.1384,0.2129
1886,2026-07-02,18:00,Thursday,Weekday,July,18,233.8,13.646,3.1904,3.1904,1.0847,1.0528,0.4148,0.6381
1887,2026-10-15,11:00,Thursday,Weekday,October,11,229.95,3.469,0.7978,0.7978,0.2393,0.2713,0.1037,0.1835
1888,2026-11-03,01:00,Tuesday,Weekday,November,1,232.22,3.189,0.7406,0.7406,0.0593,0.0889,0.4074,0.1852
1889,2026-10-27,02:00,Tuesday,Weekday,October,2,223.39,1.184,0.2646,0.2646,0.0212,0.0318,0.1455,0.0661
1890,2026-03-23,17:00,Monday,Weekday,March,17,230.94,6.132,1.4161,1.4161,0.4815,0.4673,0.1841,0.2832
1891,2026-07-30,00:00,Thursday,Weekday,July,0,229.1,2.024,0.4638,0.4638,0.0371,0.0557,0.2551,0.116
1892,2026-05-30,19:00,Saturday,Weekend,May,19,230.89,12.182,2.8125,2.8125,0.9563,0.9281,0.3656,0.5625
1893,2026-02-06,20:00,Friday,Weekday,February,20,230.33,8.583,1.9769,1.9769,0.6722,0.6524,0.257,0.3954
1894,2026-12-18,05:00,Friday,Weekday,December,5,228.95,2.018,0.4619,0.4619,0.037,0.0554,0.2541,0.1155
1895,2026-11-08,04:00,Sunday,Weekend,November,4,233.95,1.416,0.3312,0.3312,0.0265,0.0397,0.1822,0.0828
1896,2026-12-27,00:00,Sunday,Weekend,December,0,234.18,1.38,0.3231,0.3231,0.0258,0.0388,0.1777,0.0808
1897,2026-02-28,18:00,Saturday,Weekend,February,18,232.1,9.627,2.2345,2.2345,0.7597,0.7374,0.2905,0.4469
1898,2026-05-11,00:00,Monday,Weekday,May,0,231.91,1.225,0.2842,0.2842,0.0227,0.0341,0.1563,0.071
1899,2026-07-21,20:00,Tuesday,Weekday,July,20,227.4,10.918,2.4828,2.4828,0.8441,0.8193,0.3228,0.4966
1900,2026-08-31,20:00,Monday,Weekday,August,20,227.77,8.946,2.0375,2.0375,0.6928,0.6724,0.2649,0.4075
1901,2026-02-04,15:00,Wednesday,Weekday,February,15,228.96,3.037,0.6953,0.6953,0.2086,0.2364,0.0904,0.1599
1902,2026-04-03,11:00,Friday,Weekday,April,11,230.55,4.051,0.9339,0.9339,0.2802,0.3175,0.1214,0.2148
1903,2026-07-26,21:00,Sunday,Weekend,July,21,227.62,10.678,2.4305,2.4305,0.8264,0.802,0.316,0.4861
1904,2026-12-19,07:00,Saturday,Weekend,December,7,229.58,3.496,0.8026,0.8026,0.3371,0.1605,0.1043,0.2007
1905,2026-11-28,15:00,Saturday,Weekend,November,15,235.36,3.429,0.807,0.807,0.2421,0.2744,0.1049,0.1856
1906,2026-11-01,00:00,Sunday,Weekend,November,0,230.78,1.811,0.4179,0.4179,0.0334,0.0501,0.2299,0.1045
1907,2026-12-16,03:00,Wednesday,Weekday,December,3,228.93,1.409,0.3225,0.3225,0.0258,0.0387,0.1774,0.0806
1908,2026-08-01,09:00,Saturday,Weekend,August,9,227.25,5.774,1.3122,1.3122,0.5511,0.2624,0.1706,0.3281
1909,2026-06-08,10:00,Monday,Weekday,June,10,229.75,2.993,0.6875,0.6875,0.2063,0.2338,0.0894,0.1581
1910,2026-01-24,16:00,Saturday,Weekend,January,16,231.86,5.261,1.2199,1.2199,0.366,0.4148,0.1586,0.2806
1911,2026-10-20,22:00,Tuesday,Weekday,October,22,230.34,3.595,0.828,0.828,0.2815,0.2733,0.1076,0.1656
1912,2026-01-04,06:00,Sunday,Weekend,January,6,229.87,2.163,0.4971,0.4971,0.2088,0.0994,0.0646,0.1243
1913,2026-08-08,11:00,Saturday,Weekend,August,11,231.06,4.868,1.1249,1.1249,0.3375,0.3825,0.1462,0.2587
1914,2026-12-30,20:00,Wednesday,Weekday,December,20,229.9,9.233,2.1227,2.1227,0.7217,0.7005,0.2759,0.4245
1915,2026-01-20,06:00,Tuesday,Weekday,January,6,231.76,3.345,0.7753,0.7753,0.3256,0.1551,0.1008,0.1938
1916,2026-06-01,11:00,Monday,Weekday,June,11,231.83,3.667,0.8502,0.8502,0.2551,0.2891,0.1105,0.1955
1917,2026-02-19,14:00,Thursday,Weekday,February,14,229.78,3.006,0.6907,0.6907,0.2072,0.2348,0.0898,0.1589
1918,2026-06-26,01:00,Friday,Weekday,June,1,229.65,1.463,0.336,0.336,0.0269,0.0403,0.1848,0.084
1919,2026-04-06,13:00,Monday,Weekday,April,13,230.0,3.099,0.7127,0.7127,0.2138,0.2423,0.0927,0.1639
1920,2026-04-15,12:00,Wednesday,Weekday,April,12,231.4,3.485,0.8064,0.8064,0.2419,0.2742,0.1048,0.1855
1921,2026-09-07,03:00,Monday,Weekday,September,3,232.8,1.172,0.2729,0.2729,0.0218,0.0327,0.1501,0.0682
1922,2026-04-27,13:00,Monday,Weekday,April,13,229.16,2.929,0.6712,0.6712,0.2014,0.2282,0.0873,0.1544
1923,2026-12-20,13:00,Sunday,Weekend,December,13,229.59,6.332,1.4539,1.4539,0.4362,0.4943,0.189,0.3344
1924,2026-08-16,15:00,Sunday,Weekend,August,15,227.97,5.001,1.1401,1.1401,0.342,0.3876,0.1482,0.2622
1925,2026-03-07,06:00,Saturday,Weekend,March,6,226.26,2.191,0.4957,0.4957,0.2082,0.0991,0.0644,0.1239
1926,2026-12-01,18:00,Tuesday,Weekday,December,18,225.25,10.296,2.3193,2.3193,0.7885,0.7654,0.3015,0.4639
1927,2026-09-19,01:00,Saturday,Weekend,September,1,227.49,1.177,0.2678,0.2678,0.0214,0.0321,0.1473,0.067
1928,2026-10-22,09:00,Thursday,Weekday,October,9,228.34,3.393,0.7748,0.7748,0.3254,0.155,0.1007,0.1937
1929,2026-08-31,17:00,Monday,Weekday,August,17,231.15,6.213,1.4362,1.4362,0.4883,0.4739,0.1867,0.2872
1930,2026-07-05,16:00,Sunday,Weekend,July,16,227.32,5.254,1.1943,1.1943,0.3583,0.4061,0.1553,0.2747
1931,2026-09-03,04:00,Thursday,Weekday,September,4,230.04,1.12,0.2575,0.2575,0.0206,0.0309,0.1417,0.0644
1932,2026-05-05,11:00,Tuesday,Weekday,May,11,232.09,2.817,0.6538,0.6538,0.1961,0.2223,0.085,0.1504
1933,2026-09-25,05:00,Friday,Weekday,September,5,227.93,1.805,0.4114,0.4114,0.0329,0.0494,0.2263,0.1029
1934,2026-05-11,21:00,Monday,Weekday,May,21,228.77,6.451,1.4758,1.4758,0.5018,0.487,0.1918,0.2952
1935,2026-08-25,08:00,Tuesday,Weekday,August,8,224.69,8.216,1.8462,1.8462,0.7754,0.3692,0.24,0.4615
1936,2026-01-18,19:00,Sunday,Weekend,January,19,225.38,12.777,2.8797,2.8797,0.9791,0.9503,0.3744,0.5759
1937,2026-02-09,00:00,Monday,Weekday,February,0,233.42,1.57,0.3665,0.3665,0.0293,0.044,0.2016,0.0916
1938,2026-01-21,21:00,Wednesday,Weekday,January,21,231.26,6.388,1.4774,1.4774,0.5023,0.4875,0.1921,0.2955
1939,2026-08-13,14:00,Thursday,Weekday,August,14,235.37,3.628,0.8539,0.8539,0.2562,0.2903,0.111,0.1964
1940,2026-12-21,20:00,Monday,Weekday,December,20,225.61,9.465,2.1354,2.1354,0.726,0.7047,0.2776,0.4271
1941,2026-10-09,05:00,Friday,Weekday,October,5,233.77,1.278,0.2988,0.2988,0.0239,0.0359,0.1643,0.0747
1942,2026-01-08,18:00,Thursday,Weekday,January,18,225.24,9.662,2.1763,2.1763,0.7399,0.7182,0.2829,0.4353
1943,2026-04-10,17:00,Friday,Weekday,April,17,228.75,5.228,1.1958,1.1958,0.4066,0.3946,0.1555,0.2392
1944,2026-08-28,05:00,Friday,Weekday,August,5,236.81,1.585,0.3753,0.3753,0.03,0.045,0.2064,0.0938
1945,2026-03-28,12:00,Saturday,Weekend,March,12,227.91,6.118,1.3943,1.3943,0.4183,0.4741,0.1813,0.3207
1946,2026-10-25,00:00,Sunday,Weekend,October,0,233.97,1.325,0.31,0.31,0.0248,0.0372,0.1705,0.0775
1947,2026-01-14,22:00,Wednesday,Weekday,January,22,229.92,4.865,1.1185,1.1185,0.3803,0.3691,0.1454,0.2237
1948,2026-11-30,22:00,Monday,Weekday,November,22,227.31,4.831,1.098,1.098,0.3733,0.3624,0.1427,0.2196
1949,2026-01-02,12:00,Friday,Weekday,January,12,226.42,5.465,1.2375,1.2375,0.3712,0.4207,0.1609,0.2846
1950,2026-10-20,06:00,Tuesday,Weekday,October,6,230.26,1.926,0.4434,0.4434,0.1862,0.0887,0.0576,0.1109
1951,2026-11-21,14:00,Saturday,Weekend,November,14,227.19,4.396,0.9986,0.9986,0.2996,0.3395,0.1298,0.2297
1952,2026-02-10,11:00,Tuesday,Weekday,February,11,229.26,5.944,1.3627,1.3627,0.4088,0.4633,0.1772,0.3134
1953,2026-11-14,00:00,Saturday,Weekend,November,0,225.24,1.635,0.3682,0.3682,0.0295,0.0442,0.2025,0.092
1954,2026-11-12,14:00,Thursday,Weekday,November,14,230.89,2.986,0.6895,0.6895,0.2069,0.2344,0.0896,0.1586
1955,2026-04-21,03:00,Tuesday,Weekday,April,3,226.14,0.993,0.2246,0.2246,0.018,0.027,0.1235,0.0562
1956,2026-01-14,12:00,Wednesday,Weekday,January,12,229.85,5.012,1.1519,1.1519,0.3456,0.3917,0.1498,0.2649
1957,2026-08-19,22:00,Wednesday,Weekday,August,22,226.54,5.271,1.194,1.194,0.406,0.394,0.1552,0.2388
1958,2026-03-25,04:00,Wednesday,Weekday,March,4,233.06,1.107,0.258,0.258,0.0206,0.031,0.1419,0.0645
1959,2026-05-10,01:00,Sunday,Weekend,May,1,224.73,1.189,0.2673,0.2673,0.0214,0.0321,0.147,0.0668
1960,2026-08-19,22:00,Wednesday,Weekday,August,22,229.29,4.87,1.1166,1.1166,0.3796,0.3685,0.1452,0.2233
1961,2026-11-22,00:00,Sunday,Weekend,November,0,231.4,1.251,0.2896,0.2896,0.0232,0.0348,0.1593,0.0724
1962,2026-05-25,15:00,Monday,Weekday,May,15,230.9,5.348,1.2349,1.2349,0.3705,0.4199,0.1605,0.284
1963,2026-12-11,22:00,Friday,Weekday,December,22,226.88,4.189,0.9504,0.9504,0.3231,0.3136,0.1236,0.1901
1964,2026-01-28,05:00,Wednesday,Weekday,January,5,225.65,1.745,0.3937,0.3937,0.0315,0.0472,0.2165,0.0984
1965,2026-03-07,22:00,Saturday,Weekend,March,22,231.95,3.274,0.7594,0.7594,0.2582,0.2506,0.0987,0.1519
1966,2026-06-12,15:00,Friday,Weekday,June,15,229.69,2.96,0.6798,0.6798,0.204,0.2311,0.0884,0.1564
1967,2026-08-17,13:00,Monday,Weekday,August,13,227.32,5.255,1.1946,1.1946,0.3584,0.4061,0.1553,0.2747
1968,2026-09-18,02:00,Friday,Weekday,September,2,232.04,0.962,0.2231,0.2231,0.0179,0.0268,0.1227,0.0558
1969,2026-06-13,14:00,Saturday,Weekend,June,14,228.59,4.058,0.9275,0.9275,0.2783,0.3154,0.1206,0.2133
1970,2026-10-28,02:00,Wednesday,Weekday,October,2,228.36,0.75,0.1713,0.1713,0.0137,0.0206,0.0942,0.0428
1971,2026-10-30,22:00,Friday,Weekday,October,22,227.83,4.069,0.9271,0.9271,0.3152,0.3059,0.1205,0.1854
1972,2026-10-14,01:00,Wednesday,Weekday,October,1,228.1,0.986,0.2249,0.2249,0.018,0.027,0.1237,0.0562
1973,2026-01-10,00:00,Saturday,Weekend,January,0,228.01,1.471,0.3355,0.3355,0.0268,0.0403,0.1845,0.0839
1974,2026-07-14,08:00,Tuesday,Weekday,July,8,229.08,7.709,1.766,1.766,0.7417,0.3532,0.2296,0.4415
1975,2026-04-28,08:00,Tuesday,Weekday,April,8,233.88,5.175,1.2103,1.2103,0.5083,0.2421,0.1573,0.3026
1976,2026-09-27,22:00,Sunday,Weekend,September,22,226.51,10.457,2.3687,2.3687,0.8053,0.7817,0.3079,0.4737
1977,2026-03-21,06:00,Saturday,Weekend,March,6,229.15,1.661,0.3805,0.3805,0.1598,0.0761,0.0495,0.0951
1978,2026-04-03,02:00,Friday,Weekday,April,2,229.59,1.185,0.272,0.272,0.0218,0.0326,0.1496,0.068
1979,2026-09-23,17:00,Wednesday,Weekday,September,17,231.16,5.304,1.226,1.226,0.4169,0.4046,0.1594,0.2452
1980,2026-11-28,10:00,Saturday,Weekend,November,10,232.47,3.756,0.8731,0.8731,0.2619,0.2969,0.1135,0.2008
1981,2026-12-16,06:00,Wednesday,Weekday,December,6,229.6,3.198,0.7342,0.7342,0.3084,0.1468,0.0954,0.1836
1982,2026-12-27,08:00,Sunday,Weekend,December,8,228.41,4.601,1.0509,1.0509,0.4414,0.2102,0.1366,0.2627
1983,2026-09-14,00:00,Monday,Weekday,September,0,231.45,1.369,0.3169,0.3169,0.0254,0.038,0.1743,0.0792
1984,2026-05-13,13:00,Wednesday,Weekday,May,13,225.9,3.531,0.7977,0.7977,0.2393,0.2712,0.1037,0.1835
1985,2026-10-03,19:00,Saturday,Weekend,October,19,223.42,8.566,1.9137,1.9137,0.6507,0.6315,0.2488,0.3827
1986,2026-09-21,05:00,Monday,Weekday,September,5,236.48,1.635,0.3867,0.3867,0.0309,0.0464,0.2127,0.0967
1987,2026-06-20,06:00,Saturday,Weekend,June,6,227.98,2.284,0.5207,0.5207,0.2187,0.1041,0.0677,0.1302
1988,2026-01-01,09:00,Thursday,Weekday,January,9,228.97,4.116,0.9424,0.9424,0.3958,0.1885,0.1225,0.2356
1989,2026-11-09,06:00,Monday,Weekday,November,6,231.36,3.283,0.7595,0.7595,0.319,0.1519,0.0987,0.1899
1990,2026-03-05,01:00,Thursday,Weekday,March,1,230.87,1.095,0.2528,0.2528,0.0202,0.0303,0.139,0.0632
1991,2026-10-11,03:00,Sunday,Weekend,October,3,232.21,1.095,0.2542,0.2542,0.0203,0.0305,0.1398,0.0635
1992,2026-05-01,20:00,Friday,Weekday,May,20,231.7,7.367,1.7069,1.7069,0.5804,0.5633,0.2219,0.3414
1993,2026-04-17,16:00,Friday,Weekday,April,16,226.39,3.696,0.8368,0.8368,0.2511,0.2845,0.1088,0.1925
1994,2026-06-24,00:00,Wednesday,Weekday,June,0,233.17,1.93,0.4499,0.4499,0.036,0.054,0.2475,0.1125
1995,2026-07-23,09:00,Thursday,Weekday,July,9,231.28,5.808,1.3433,1.3433,0.5642,0.2687,0.1746,0.3358
1996,2026-06-14,18:00,Sunday,Weekend,June,18,230.0,10.184,2.3424,2.3424,0.7964,0.773,0.3045,0.4685
1997,2026-11-01,14:00,Sunday,Weekend,November,14,231.06,4.105,0.9485,0.9485,0.2845,0.3225,0.1233,0.2182
1998,2026-04-30,09:00,Thursday,Weekday,April,9,224.42,4.243,0.9522,0.9522,0.3999,0.1904,0.1238,0.2381
1999,2026-02-13,18:00,Friday,Weekday,February,18,228.33,9.058,2.0681,2.0681,0.7032,0.6825,0.2689,0.4136
2000,2026-11-08,11:00,Sunday,Weekend,November,11,227.58,4.918,1.1192,1.1192,0.3358,0.3805,0.1455,0.2574
2001,2026-06-05,23:00,Friday,Weekday,June,23,227.22,2.778,0.6313,0.6313,0.2146,0.2083,0.0821,0.1263
2002,2026-07-26,15:00,Sunday,Weekend,July,15,228.78,5.61,1.2834,1.2834,0.385,0.4364,0.1668,0.2952
2003,2026-04-18,08:00,Saturday,Weekend,April,8,232.06,3.375,0.7831,0.7831,0.3289,0.1566,0.1018,0.1958
2004,2026-09-08,14:00,Tuesday,Weekday,September,14,230.72,3.607,0.8321,0.8321,0.2496,0.2829,0.1082,0.1914
2005,2026-11-30,16:00,Monday,Weekday,November,16,231.09,3.255,0.7523,0.7523,0.2257,0.2558,0.0978,0.173
2006,2026-05-10,13:00,Sunday,Weekend,May,13,228.88,3.605,0.8252,0.8252,0.2476,0.2806,0.1073,0.1898
2007,2026-10-20,17:00,Tuesday,Weekday,October,17,228.5,6.586,1.5048,1.5048,0.5116,0.4966,0.1956,0.301
2008,2026-01-20,01:00,Tuesday,Weekday,January,1,229.5,1.717,0.394,0.394,0.0315,0.0473,0.2167,0.0985
2009,2026-10-09,03:00,Friday,Weekday,October,3,232.37,1.053,0.2447,0.2447,0.0196,0.0294,0.1346,0.0612
2010,2026-10-12,17:00,Monday,Weekday,October,17,231.74,5.556,1.2876,1.2876,0.4378,0.4249,0.1674,0.2575
2011,2026-01-01,06:00,Thursday,Weekday,January,6,230.4,3.762,0.8667,0.8667,0.364,0.1733,0.1127,0.2167
2012,2026-04-29,12:00,Wednesday,Weekday,April,12,228.0,4.445,1.0134,1.0134,0.304,0.3446,0.1317,0.2331
2013,2026-02-04,14:00,Wednesday,Weekday,February,14,230.68,4.184,0.9651,0.9651,0.2895,0.3281,0.1255,0.222
2014,2026-07-17,22:00,Friday,Weekday,July,22,230.61,4.307,0.9932,0.9932,0.3377,0.3277,0.1291,0.1986
2015,2026-09-02,21:00,Wednesday,Weekday,September,21,229.45,7.123,1.6344,1.6344,0.5557,0.5393,0.2125,0.3269
2016,2026-02-28,00:00,Saturday,Weekend,February,0,228.81,1.513,0.3461,0.3461,0.0277,0.0415,0.1903,0.0865
2017,2026-11-21,10:00,Saturday,Weekend,November,10,228.36,4.418,1.0088,1.0088,0.3026,0.343,0.1311,0.232
2018,2026-06-10,09:00,Wednesday,Weekday,June,9,230.81,3.559,0.8214,0.8214,0.345,0.1643,0.1068,0.2054
2019,2026-06-28,04:00,Sunday,Weekend,June,4,227.86,1.448,0.3299,0.3299,0.0264,0.0396,0.1814,0.0825
2020,2026-07-25,15:00,Saturday,Weekend,July,15,229.37,3.381,0.7755,0.7755,0.2326,0.2637,0.1008,0.1784
2021,2026-01-12,10:00,Monday,Weekday,January,10,231.47,4.015,0.9293,0.9293,0.2788,0.316,0.1208,0.2137
2022,2026-10-03,20:00,Saturday,Weekend,October,20,230.07,6.678,1.5365,1.5365,0.5224,0.507,0.1997,0.3073
2023,2026-06-30,05:00,Tuesday,Weekday,June,5,227.11,1.609,0.3654,0.3654,0.0292,0.0439,0.201,0.0914
2024,2026-08-30,08:00,Sunday,Weekend,August,8,230.75,3.962,0.9143,0.9143,0.384,0.1829,0.1189,0.2286
2025,2026-08-04,12:00,Tuesday,Weekday,August,12,235.08,4.852,1.1407,1.1407,0.3422,0.3878,0.1483,0.2624
2026,2026-09-08,23:00,Tuesday,Weekday,September,23,231.69,2.735,0.6337,0.6337,0.2154,0.2091,0.0824,0.1267
2027,2026-10-26,07:00,Monday,Weekday,October,7,229.31,3.328,0.7633,0.7633,0.3206,0.1527,0.0992,0.1908
2028,2026-05-06,13:00,Wednesday,Weekday,May,13,233.27,2.193,0.5116,0.5116,0.1535,0.174,0.0665,0.1177
2029,2026-08-05,23:00,Wednesday,Weekday,August,23,235.5,2.729,0.6428,0.6428,0.2185,0.2121,0.0836,0.1286
2030,2026-11-02,00:00,Monday,Weekday,November,0,232.16,1.25,0.2901,0.2901,0.0232,0.0348,0.1596,0.0725
2031,2026-10-12,16:00,Monday,Weekday,October,16,225.67,2.956,0.6671,0.6671,0.2001,0.2268,0.0867,0.1534
2032,2026-07-04,23:00,Saturday,Weekend,July,23,231.54,2.494,0.5775,0.5775,0.1963,0.1906,0.0751,0.1155
2033,2026-02-08,04:00,Sunday,Weekend,February,4,233.37,1.178,0.2748,0.2748,0.022,0.033,0.1511,0.0687
2034,2026-08-11,01:00,Tuesday,Weekday,August,1,224.84,1.474,0.3314,0.3314,0.0265,0.0398,0.1823,0.0829
2035,2026-07-03,23:00,Friday,Weekday,July,23,232.34,2.585,0.6005,0.6005,0.2042,0.1982,0.0781,0.1201
2036,2026-06-27,08:00,Saturday,Weekend,June,8,229.49,3.463,0.7948,0.7948,0.3338,0.159,0.1033,0.1987
2037,2026-10-21,03:00,Wednesday,Weekday,October,3,233.29,0.951,0.2218,0.2218,0.0177,0.0266,0.122,0.0554
2038,2026-12-06,16:00,Sunday,Weekend,December,16,229.82,4.821,1.1081,1.1081,0.3324,0.3767,0.144,0.2549
2039,2026-05-31,16:00,Sunday,Weekend,May,16,230.86,3.696,0.8532,0.8532,0.256,0.2901,0.1109,0.1962
2040,2026-05-06,20:00,Wednesday,Weekday,May,20,229.82,8.446,1.9411,1.9411,0.66,0.6406,0.2523,0.3882
2041,2026-10-28,17:00,Wednesday,Weekday,October,17,231.79,5.488,1.272,1.272,0.4325,0.4198,0.1654,0.2544
2042,2026-11-04,15:00,Wednesday,Weekday,November,15,231.12,2.647,0.6118,0.6118,0.1835,0.208,0.0795,0.1407
2043,2026-12-02,07:00,Wednesday,Weekday,December,7,227.75,5.832,1.3282,1.3282,0.5579,0.2656,0.1727,0.3321
2044,2026-08-22,10:00,Saturday,Weekend,August,10,229.34,4.538,1.0409,1.0409,0.3123,0.3539,0.1353,0.2394
2045,2026-01-08,20:00,Thursday,Weekday,January,20,229.01,10.13,2.3199,2.3199,0.7888,0.7656,0.3016,0.464
2046,2026-12-07,20:00,Monday,Weekday,December,20,232.02,7.394,1.7156,1.7156,0.5833,0.5661,0.223,0.3431
2047,2026-05-09,17:00,Saturday,Weekend,May,17,231.21,6.402,1.4803,1.4803,0.5033,0.4885,0.1924,0.2961
2048,2026-09-21,22:00,Monday,Weekday,September,22,228.36,3.816,0.8715,0.8715,0.2963,0.2876,0.1133,0.1743
2049,2026-06-06,23:00,Saturday,Weekend,June,23,227.7,3.095,0.7047,0.7047,0.2396,0.2326,0.0916,0.1409
2050,2026-12-18,09:00,Friday,Weekday,December,9,231.64,5.254,1.2171,1.2171,0.5112,0.2434,0.1582,0.3043
2051,2026-12-24,12:00,Thursday,Weekday,December,12,228.81,5.857,1.3401,1.3401,0.402,0.4556,0.1742,0.3082
2052,2026-01-05,16:00,Monday,Weekday,January,16,231.88,4.42,1.0248,1.0248,0.3075,0.3484,0.1332,0.2357
2053,2026-03-27,17:00,Friday,Weekday,March,17,229.86,4.686,1.077,1.077,0.3662,0.3554,0.14,0.2154
2054,2026-06-24,09:00,Wednesday,Weekday,June,9,233.65,4.755,1.111,1.111,0.4666,0.2222,0.1444,0.2778
2055,2026-10-17,15:00,Saturday,Weekend,October,15,228.16,3.32,0.7574,0.7574,0.2272,0.2575,0.0985,0.1742
2056,2026-07-12,19:00,Sunday,Weekend,July,19,232.15,16.893,3.9219,3.9219,1.3334,1.2942,0.5098,0.7844
2057,2026-11-07,04:00,Saturday,Weekend,November,4,232.46,1.285,0.2986,0.2986,0.0239,0.0358,0.1642,0.0747
2058,2026-04-29,12:00,Wednesday,Weekday,April,12,228.9,4.416,1.0108,1.0108,0.3032,0.3437,0.1314,0.2325
2059,2026-08-06,17:00,Thursday,Weekday,August,17,225.67,7.593,1.7136,1.7136,0.5826,0.5655,0.2228,0.3427
2060,2026-04-24,16:00,Friday,Weekday,April,16,234.82,2.872,0.6745,0.6745,0.2023,0.2293,0.0877,0.1551
2061,2026-05-25,08:00,Monday,Weekday,May,8,227.74,4.398,1.0016,1.0016,0.4207,0.2003,0.1302,0.2504
2062,2026-01-26,13:00,Monday,Weekday,January,13,230.77,3.978,0.918,0.918,0.2754,0.3121,0.1193,0.2111
2063,2026-05-16,16:00,Saturday,Weekend,May,16,230.86,3.942,0.91,0.91,0.273,0.3094,0.1183,0.2093
2064,2026-10-30,03:00,Friday,Weekday,October,3,230.03,0.93,0.214,0.214,0.0171,0.0257,0.1177,0.0535
2065,2026-08-20,17:00,Thursday,Weekday,August,17,231.39,6.61,1.5295,1.5295,0.52,0.5047,0.1988,0.3059
2066,2026-03-17,19:00,Tuesday,Weekday,March,19,227.17,9.187,2.0871,2.0871,0.7096,0.6888,0.2713,0.4174
2067,2026-11-24,23:00,Tuesday,Weekday,November,23,234.83,2.375,0.5577,0.5577,0.1896,0.184,0.0725,0.1115
2068,2026-12-11,23:00,Friday,Weekday,December,23,227.94,2.704,0.6164,0.6164,0.2096,0.2034,0.0801,0.1233
2069,2026-10-29,14:00,Thursday,Weekday,October,14,229.64,2.576,0.5915,0.5915,0.1775,0.2011,0.0769,0.1361
2070,2026-10-16,10:00,Friday,Weekday,October,10,226.4,2.108,0.4772,0.4772,0.1431,0.1622,0.062,0.1097
2071,2026-01-01,11:00,Thursday,Weekday,January,11,232.62,3.908,0.909,0.909,0.2727,0.3091,0.1182,0.2091
2072,2026-05-27,08:00,Wednesday,Weekday,May,8,234.72,5.45,1.2791,1.2791,0.5372,0.2558,0.1663,0.3198
2073,2026-10-14,12:00,Wednesday,Weekday,October,12,235.02,3.545,0.833,0.833,0.2499,0.2832,0.1083,0.1916
2074,2026-05-22,14:00,Friday,Weekday,May,14,232.84,2.216,0.516,0.516,0.1548,0.1755,0.0671,0.1187
2075,2026-02-22,14:00,Sunday,Weekend,February,14,229.07,4.013,0.9192,0.9192,0.2758,0.3125,0.1195,0.2114
2076,2026-10-31,04:00,Saturday,Weekend,October,4,230.0,0.983,0.2261,0.2261,0.0181,0.0271,0.1243,0.0565
2077,2026-03-10,22:00,Tuesday,Weekday,March,22,229.19,3.982,0.9126,0.9126,0.3103,0.3012,0.1186,0.1825
2078,2026-12-27,18:00,Sunday,Weekend,December,18,226.0,10.468,2.3657,2.3657,0.8043,0.7807,0.3075,0.4731
2079,2026-03-31,19:00,Tuesday,Weekday,March,19,228.89,7.264,1.6626,1.6626,0.5653,0.5487,0.2161,0.3325
2080,2026-08-08,13:00,Saturday,Weekend,August,13,232.27,4.55,1.0568,1.0568,0.3171,0.3593,0.1374,0.2431
2081,2026-07-11,16:00,Saturday,Weekend,July,16,227.83,5.45,1.2416,1.2416,0.3725,0.4222,0.1614,0.2856
2082,2026-03-04,17:00,Wednesday,Weekday,March,17,221.83,7.232,1.6044,1.6044,0.5455,0.5294,0.2086,0.3209
2083,2026-03-14,20:00,Saturday,Weekend,March,20,226.74,11.852,2.6874,2.6874,0.9137,0.8868,0.3494,0.5375
2084,2026-06-10,02:00,Wednesday,Weekday,June,2,232.05,1.147,0.2661,0.2661,0.0213,0.0319,0.1463,0.0665
2085,2026-06-18,01:00,Thursday,Weekday,June,1,225.7,1.686,0.3805,0.3805,0.0304,0.0457,0.2093,0.0951
2086,2026-03-30,00:00,Monday,Weekday,March,0,228.82,1.478,0.3382,0.3382,0.0271,0.0406,0.186,0.0846
2087,2026-06-25,09:00,Thursday,Weekday,June,9,229.04,4.694,1.0751,1.0751,0.4515,0.215,0.1398,0.2688
2088,2026-09-26,18:00,Saturday,Weekend,September,18,229.87,10.669,2.4524,2.4524,0.8338,0.8093,0.3188,0.4905
2089,2026-03-14,16:00,Saturday,Weekend,March,16,230.59,4.386,1.0113,1.0113,0.3034,0.3438,0.1315,0.2326
2090,2026-09-02,11:00,Wednesday,Weekday,September,11,231.0,2.527,0.5837,0.5837,0.1751,0.1985,0.0759,0.1343
2091,2026-03-18,00:00,Wednesday,Weekday,March,0,229.63,1.662,0.3816,0.3816,0.0305,0.0458,0.2099,0.0954
2092,2026-06-08,11:00,Monday,Weekday,June,11,227.64,4.29,0.9766,0.9766,0.293,0.332,0.127,0.2246
2093,2026-11-20,16:00,Friday,Weekday,November,16,232.25,3.533,0.8206,0.8206,0.2462,0.279,0.1067,0.1887
2094,2026-04-08,23:00,Wednesday,Weekday,April,23,225.59,2.696,0.6081,0.6081,0.2068,0.2007,0.0791,0.1216
2095,2026-04-12,02:00,Sunday,Weekend,April,2,231.95,1.193,0.2768,0.2768,0.0221,0.0332,0.1522,0.0692
2096,2026-05-12,10:00,Tuesday,Weekday,May,10,232.86,2.201,0.5125,0.5125,0.1537,0.1742,0.0666,0.1179
2097,2026-04-12,16:00,Sunday,Weekend,April,16,235.84,3.869,0.9124,0.9124,0.2737,0.3102,0.1186,0.2098
2098,2026-01-19,22:00,Monday,Weekday,January,22,228.11,3.129,0.7139,0.7139,0.2427,0.2356,0.0928,0.1428
2099,2026-03-23,02:00,Monday,Weekday,March,2,228.6,1.034,0.2365,0.2365,0.0189,0.0284,0.1301,0.0591
2100,2026-10-06,07:00,Tuesday,Weekday,October,7,230.13,4.048,0.9316,0.9316,0.3913,0.1863,0.1211,0.2329
2101,2026-12-05,19:00,Saturday,Weekend,December,19,227.99,15.024,3.4252,3.4252,1.1646,1.1303,0.4453,0.685
2102,2026-12-31,03:00,Thursday,Weekday,December,3,232.09,1.242,0.2882,0.2882,0.0231,0.0346,0.1585,0.072
2103,2026-11-27,20:00,Friday,Weekday,November,20,228.95,9.219,2.1107,2.1107,0.7176,0.6965,0.2744,0.4221
2104,2026-05-09,21:00,Saturday,Weekend,May,21,229.12,4.188,0.9596,0.9596,0.3263,0.3167,0.1247,0.1919
2105,2026-12-10,06:00,Thursday,Weekday,December,6,229.75,3.322,0.7632,0.7632,0.3206,0.1526,0.0992,0.1908
2106,2026-11-06,13:00,Friday,Weekday,November,13,232.33,3.825,0.8887,0.8887,0.2666,0.3022,0.1155,0.2044
2107,2026-03-30,13:00,Monday,Weekday,March,13,226.83,3.484,0.7902,0.7902,0.2371,0.2687,0.1027,0.1818
2108,2026-08-01,03:00,Saturday,Weekend,August,3,229.42,1.112,0.2551,0.2551,0.0204,0.0306,0.1403,0.0638
2109,2026-05-23,15:00,Saturday,Weekend,May,15,231.39,3.369,0.7796,0.7796,0.2339,0.265,0.1013,0.1793
2110,2026-03-06,23:00,Friday,Weekday,March,23,227.33,2.73,0.6207,0.6207,0.211,0.2048,0.0807,0.1241
2111,2026-03-17,21:00,Tuesday,Weekday,March,21,220.78,6.798,1.5008,1.5008,0.5103,0.4953,0.1951,0.3002
2112,2026-07-18,00:00,Saturday,Weekend,July,0,233.62,4.352,1.0168,1.0168,0.0813,0.122,0.5592,0.2542
2113,2026-05-23,16:00,Saturday,Weekend,May,16,229.95,3.445,0.7921,0.7921,0.2376,0.2693,0.103,0.1822
2114,2026-11-12,09:00,Thursday,Weekday,November,9,226.86,3.919,0.8891,0.8891,0.3734,0.1778,0.1156,0.2223
2115,2026-04-03,21:00,Friday,Weekday,April,21,232.3,5.71,1.3264,1.3264,0.451,0.4377,0.1724,0.2653
2116,2026-11-01,15:00,Sunday,Weekend,November,15,229.48,4.198,0.9635,0.9635,0.289,0.3276,0.1252,0.2216
2117,2026-08-12,15:00,Wednesday,Weekday,August,15,227.41,4.021,0.9145,0.9145,0.2743,0.3109,0.1189,0.2103
2118,2026-10-18,07:00,Sunday,Weekend,October,7,230.92,1.819,0.4201,0.4201,0.1764,0.084,0.0546,0.105
2119,2026-04-12,06:00,Sunday,Weekend,April,6,230.13,1.631,0.3754,0.3754,0.1577,0.0751,0.0488,0.0938
2120,2026-09-24,05:00,Thursday,Weekday,September,5,228.47,1.42,0.3245,0.3245,0.026,0.0389,0.1785,0.0811
2121,2026-12-21,15:00,Monday,Weekday,December,15,228.08,4.096,0.9342,0.9342,0.2803,0.3176,0.1214,0.2149
2122,2026-04-20,19:00,Monday,Weekday,April,19,227.13,9.772,2.2195,2.2195,0.7546,0.7324,0.2885,0.4439
2123,2026-11-26,15:00,Thursday,Weekday,November,15,231.84,3.302,0.7654,0.7654,0.2296,0.2602,0.0995,0.176
2124,2026-09-22,06:00,Tuesday,Weekday,September,6,226.88,2.326,0.5277,0.5277,0.2216,0.1055,0.0686,0.1319
2125,2026-01-03,08:00,Saturday,Weekend,January,8,228.01,4.359,0.9939,0.9939,0.4174,0.1988,0.1292,0.2485
2126,2026-03-26,13:00,Thursday,Weekday,March,13,230.25,3.834,0.8828,0.8828,0.2648,0.3002,0.1148,0.203
2127,2026-10-09,10:00,Friday,Weekday,October,10,233.65,2.331,0.5447,0.5447,0.1634,0.1852,0.0708,0.1253
2128,2026-11-24,13:00,Tuesday,Weekday,November,13,230.33,3.09,0.7117,0.7117,0.2135,0.242,0.0925,0.1637
2129,2026-10-31,06:00,Saturday,Weekend,October,6,231.47,1.703,0.3942,0.3942,0.1656,0.0788,0.0512,0.0985
2130,2026-04-27,00:00,Monday,Weekday,April,0,230.26,1.46,0.3361,0.3361,0.0269,0.0403,0.1849,0.084
2131,2026-08-09,12:00,Sunday,Weekend,August,12,232.27,6.123,1.4221,1.4221,0.4266,0.4835,0.1849,0.3271
2132,2026-06-03,19:00,Wednesday,Weekday,June,19,233.15,9.147,2.1327,2.1327,0.7251,0.7038,0.2772,0.4265
2133,2026-06-02,02:00,Tuesday,Weekday,June,2,228.91,1.599,0.3661,0.3661,0.0293,0.0439,0.2013,0.0915
2134,2026-01-12,19:00,Monday,Weekday,January,19,229.23,10.795,2.4745,2.4745,0.8413,0.8166,0.3217,0.4949
2135,2026-05-13,03:00,Wednesday,Weekday,May,3,230.43,1.03,0.2374,0.2374,0.019,0.0285,0.1306,0.0594
2136,2026-10-31,10:00,Saturday,Weekend,October,10,231.32,4.025,0.9311,0.9311,0.2793,0.3166,0.121,0.2141
2137,2026-10-20,01:00,Tuesday,Weekday,October,1,230.33,1.089,0.2509,0.2509,0.0201,0.0301,0.138,0.0627
2138,2026-10-27,13:00,Tuesday,Weekday,October,13,228.64,3.652,0.835,0.835,0.2505,0.2839,0.1086,0.1921
2139,2026-08-16,11:00,Sunday,Weekend,August,11,227.45,7.842,1.7836,1.7836,0.5351,0.6064,0.2319,0.4102
2140,2026-09-28,16:00,Monday,Weekday,September,16,236.08,2.979,0.7034,0.7034,0.211,0.2391,0.0914,0.1618
2141,2026-02-12,11:00,Thursday,Weekday,February,11,230.78,4.185,0.9658,0.9658,0.2897,0.3284,0.1256,0.2221
2142,2026-12-09,11:00,Wednesday,Weekday,December,11,225.22,4.745,1.0687,1.0687,0.3206,0.3634,0.1389,0.2458
2143,2026-11-22,00:00,Sunday,Weekend,November,0,229.01,1.095,0.2507,0.2507,0.0201,0.0301,0.1379,0.0627
2144,2026-10-29,12:00,Thursday,Weekday,October,12,230.03,3.469,0.798,0.798,0.2394,0.2713,0.1037,0.1835
2145,2026-12-30,13:00,Wednesday,Weekday,December,13,229.65,3.131,0.719,0.719,0.2157,0.2445,0.0935,0.1654
2146,2026-01-21,23:00,Wednesday,Weekday,January,23,229.83,3.034,0.6974,0.6974,0.2371,0.2301,0.0907,0.1395
2147,2026-04-17,01:00,Friday,Weekday,April,1,230.72,1.261,0.2909,0.2909,0.0233,0.0349,0.16,0.0727
2148,2026-12-02,11:00,Wednesday,Weekday,December,11,231.27,4.055,0.9379,0.9379,0.2814,0.3189,0.1219,0.2157
2149,2026-10-30,20:00,Friday,Weekday,October,20,229.62,9.483,2.1774,2.1774,0.7403,0.7185,0.2831,0.4355
2150,2026-04-27,15:00,Monday,Weekday,April,15,232.38,8.184,1.9018,1.9018,0.5705,0.6466,0.2472,0.4374
2151,2026-05-04,03:00,Monday,Weekday,May,3,226.26,1.151,0.2604,0.2604,0.0208,0.0312,0.1432,0.0651
2152,2026-10-08,07:00,Thursday,Weekday,October,7,229.37,4.57,1.0481,1.0481,0.4402,0.2096,0.1363,0.262
2153,2026-10-19,01:00,Monday,Weekday,October,1,231.09,1.362,0.3148,0.3148,0.0252,0.0378,0.1732,0.0787
2154,2026-07-22,09:00,Wednesday,Weekday,July,9,230.64,5.666,1.3068,1.3068,0.5489,0.2614,0.1699,0.3267
2155,2026-02-20,08:00,Friday,Weekday,February,8,227.66,6.652,1.5144,1.5144,0.6361,0.3029,0.1969,0.3786
2156,2026-09-28,22:00,Monday,Weekday,September,22,228.67,3.66,0.8369,0.8369,0.2846,0.2762,0.1088,0.1674
2157,2026-11-20,14:00,Friday,Weekday,November,14,227.9,2.299,0.5238,0.5238,0.1571,0.1781,0.0681,0.1205
2158,2026-10-04,12:00,Sunday,Weekend,October,12,232.44,5.722,1.33,1.33,0.399,0.4522,0.1729,0.3059
2159,2026-05-21,22:00,Thursday,Weekday,May,22,225.37,4.252,0.9582,0.9582,0.3258,0.3162,0.1246,0.1916
2160,2026-10-02,16:00,Friday,Weekday,October,16,226.8,2.627,0.5958,0.5958,0.1787,0.2026,0.0774,0.137
2161,2026-10-17,15:00,Saturday,Weekend,October,15,231.05,3.174,0.7333,0.7333,0.22,0.2493,0.0953,0.1687
2162,2026-11-30,01:00,Monday,Weekday,November,1,231.36,1.418,0.3281,0.3281,0.0263,0.0394,0.1805,0.082
2163,2026-02-21,19:00,Saturday,Weekend,February,19,225.65,35.885,8.0975,8.0975,2.7531,2.6722,1.0527,1.6195
2164,2026-01-27,19:00,Tuesday,Weekday,January,19,228.82,13.081,2.9932,2.9932,1.0177,0.9878,0.3891,0.5986
2165,2026-06-06,13:00,Saturday,Weekend,June,13,230.45,5.581,1.2861,1.2861,0.3858,0.4373,0.1672,0.2958
2166,2026-08-27,02:00,Thursday,Weekday,August,2,231.29,1.458,0.3372,0.3372,0.027,0.0405,0.1855,0.0843
2167,2026-06-05,22:00,Friday,Weekday,June,22,230.18,5.367,1.2355,1.2355,0.4201,0.4077,0.1606,0.2471
2168,2026-10-18,11:00,Sunday,Weekend,October,11,231.06,3.78,0.8734,0.8734,0.262,0.297,0.1135,0.2009
2169,2026-05-16,07:00,Saturday,Weekend,May,7,231.15,1.873,0.433,0.433,0.1819,0.0866,0.0563,0.1083
2170,2026-05-24,01:00,Sunday,Weekend,May,1,231.18,1.008,0.2331,0.2331,0.0187,0.028,0.1282,0.0583
2171,2026-04-16,03:00,Thursday,Weekday,April,3,230.61,0.957,0.2206,0.2206,0.0176,0.0265,0.1213,0.0551
2172,2026-06-07,13:00,Sunday,Weekend,June,13,229.79,5.038,1.1576,1.1576,0.3473,0.3936,0.1505,0.2662
2173,2026-05-26,15:00,Tuesday,Weekday,May,15,229.8,2.552,0.5864,0.5864,0.1759,0.1994,0.0762,0.1349
2174,2026-01-02,18:00,Friday,Weekday,January,18,230.26,9.731,2.2407,2.2407,0.7618,0.7394,0.2913,0.4481
2175,2026-03-18,01:00,Wednesday,Weekday,March,1,232.06,0.994,0.2306,0.2306,0.0184,0.0277,0.1268,0.0577
2176,2026-05-12,11:00,Tuesday,Weekday,May,11,234.91,2.854,0.6705,0.6705,0.2011,0.228,0.0872,0.1542
2177,2026-03-31,13:00,Tuesday,Weekday,March,13,231.32,3.46,0.8003,0.8003,0.2401,0.2721,0.104,0.1841
2178,2026-12-11,05:00,Friday,Weekday,December,5,230.94,1.935,0.4468,0.4468,0.0357,0.0536,0.2457,0.1117
2179,2026-12-16,12:00,Wednesday,Weekday,December,12,233.04,5.541,1.2914,1.2914,0.3874,0.4391,0.1679,0.297
2180,2026-09-20,03:00,Sunday,Weekend,September,3,230.99,0.982,0.2268,0.2268,0.0181,0.0272,0.1248,0.0567
2181,2026-12-17,21:00,Thursday,Weekday,December,21,227.35,6.286,1.4291,1.4291,0.4859,0.4716,0.1858,0.2858
2182,2026-04-18,17:00,Saturday,Weekend,April,17,228.17,5.716,1.3042,1.3042,0.4434,0.4304,0.1695,0.2608
2183,2026-03-15,11:00,Sunday,Weekend,March,11,234.57,4.533,1.0633,1.0633,0.319,0.3615,0.1382,0.2446
2184,2026-02-08,19:00,Sunday,Weekend,February,19,226.37,9.441,2.1371,2.1371,0.7266,0.7052,0.2778,0.4274
2185,2026-06-08,21:00,Monday,Weekday,June,21,231.43,6.056,1.4014,1.4014,0.4765,0.4625,0.1822,0.2803
2186,2026-03-12,20:00,Thursday,Weekday,March,20,225.0,7.325,1.6482,1.6482,0.5604,0.5439,0.2143,0.3296
2187,2026-11-08,18:00,Sunday,Weekend,November,18,233.03,17.671,4.1177,4.1177,1.4,1.3589,0.5353,0.8235
2188,2026-08-29,07:00,Saturday,Weekend,August,7,228.85,3.198,0.7319,0.7319,0.3074,0.1464,0.0952,0.183
2189,2026-10-25,06:00,Sunday,Weekend,October,6,230.21,1.553,0.3576,0.3576,0.1502,0.0715,0.0465,0.0894
2190,2026-02-05,15:00,Thursday,Weekday,February,15,229.43,4.09,0.9384,0.9384,0.2815,0.3191,0.122,0.2158
2191,2026-03-25,18:00,Wednesday,Weekday,March,18,228.3,14.184,3.2383,3.2383,1.101,1.0686,0.421,0.6477
2192,2026-09-20,05:00,Sunday,Weekend,September,5,230.43,1.405,0.3238,0.3238,0.0259,0.0389,0.1781,0.081
2193,2026-11-06,19:00,Friday,Weekday,November,19,230.27,10.799,2.4866,2.4866,0.8454,0.8206,0.3233,0.4973
2194,2026-06-21,20:00,Sunday,Weekend,June,20,229.11,13.358,3.0604,3.0604,1.0405,1.0099,0.3979,0.6121
2195,2026-06-22,10:00,Monday,Weekday,June,10,230.7,7.501,1.7306,1.7306,0.5192,0.5884,0.225,0.398
2196,2026-12-28,04:00,Monday,Weekday,December,4,231.63,1.422,0.3294,0.3294,0.0264,0.0395,0.1812,0.0824
2197,2026-02-16,15:00,Monday,Weekday,February,15,231.75,7.318,1.696,1.696,0.5088,0.5767,0.2205,0.3901
2198,2026-05-21,06:00,Thursday,Weekday,May,6,229.01,2.722,0.6233,0.6233,0.2618,0.1247,0.081,0.1558
2199,2026-04-28,04:00,Tuesday,Weekday,April,4,228.82,1.17,0.2677,0.2677,0.0214,0.0321,0.1473,0.0669
2200,2026-10-04,10:00,Sunday,Weekend,October,10,233.88,3.009,0.7038,0.7038,0.2112,0.2393,0.0915,0.1619
2201,2026-08-02,14:00,Sunday,Weekend,August,14,231.77,4.873,1.1293,1.1293,0.3388,0.384,0.1468,0.2597
2202,2026-08-08,02:00,Saturday,Weekend,August,2,231.01,1.582,0.3655,0.3655,0.0292,0.0439,0.201,0.0914
2203,2026-01-26,04:00,Monday,Weekday,January,4,228.0,1.562,0.356,0.356,0.0285,0.0427,0.1958,0.089
2204,2026-01-09,22:00,Friday,Weekday,January,22,225.53,4.942,1.1145,1.1145,0.3789,0.3678,0.1449,0.2229
2205,2026-09-28,20:00,Monday,Weekday,September,20,227.43,7.943,1.8065,1.8065,0.6142,0.5961,0.2348,0.3613
2206,2026-01-10,04:00,Saturday,Weekend,January,4,228.87,1.071,0.2452,0.2452,0.0196,0.0294,0.1349,0.0613
2207,2026-05-01,08:00,Friday,Weekday,May,8,229.22,4.897,1.1226,1.1226,0.4715,0.2245,0.1459,0.2807
2208,2026-05-05,14:00,Tuesday,Weekday,May,14,232.13,2.327,0.5401,0.5401,0.162,0.1836,0.0702,0.1242
2209,2026-06-19,02:00,Friday,Weekday,June,2,233.82,1.213,0.2835,0.2835,0.0227,0.034,0.1559,0.0709
2210,2026-03-13,05:00,Friday,Weekday,March,5,232.77,1.499,0.3488,0.3488,0.0279,0.0419,0.1919,0.0872
2211,2026-06-01,16:00,Monday,Weekday,June,16,228.49,4.141,0.9463,0.9463,0.2839,0.3217,0.123,0.2176
2212,2026-07-27,20:00,Monday,Weekday,July,20,229.79,8.049,1.8495,1.8495,0.6288,0.6103,0.2404,0.3699
2213,2026-02-18,07:00,Wednesday,Weekday,February,7,228.78,5.209,1.1917,1.1917,0.5005,0.2383,0.1549,0.2979
2214,2026-06-03,20:00,Wednesday,Weekday,June,20,223.78,9.053,2.0258,2.0258,0.6888,0.6685,0.2633,0.4052
2215,2026-12-13,10:00,Sunday,Weekend,December,10,229.81,8.905,2.0464,2.0464,0.6139,0.6958,0.266,0.4707
2216,2026-10-20,05:00,Tuesday,Weekday,October,5,233.15,1.34,0.3125,0.3125,0.025,0.0375,0.1719,0.0781
2217,2026-03-09,07:00,Monday,Weekday,March,7,229.16,4.115,0.9431,0.9431,0.3961,0.1886,0.1226,0.2358
2218,2026-02-19,09:00,Thursday,Weekday,February,9,232.08,4.453,1.0334,1.0334,0.434,0.2067,0.1343,0.2584
2219,2026-06-01,23:00,Monday,Weekday,June,23,228.34,2.92,0.6667,0.6667,0.2267,0.22,0.0867,0.1333
2220,2026-01-19,02:00,Monday,Weekday,January,2,231.72,1.455,0.3372,0.3372,0.027,0.0405,0.1854,0.0843
2221,2026-04-10,22:00,Friday,Weekday,April,22,229.39,3.893,0.893,0.893,0.3036,0.2947,0.1161,0.1786
2222,2026-03-01,13:00,Sunday,Weekend,March,13,233.81,10.16,2.3755,2.3755,0.7127,0.8077,0.3088,0.5464
2223,2026-06-16,22:00,Tuesday,Weekday,June,22,229.22,3.744,0.8582,0.8582,0.2918,0.2832,0.1116,0.1716
2224,2026-07-21,13:00,Tuesday,Weekday,July,13,228.64,4.451,1.0176,1.0176,0.3053,0.346,0.1323,0.2341
2225,2026-12-11,09:00,Friday,Weekday,December,9,233.68,3.741,0.8742,0.8742,0.3672,0.1748,0.1136,0.2186
2226,2026-05-26,11:00,Tuesday,Weekday,May,11,228.56,2.806,0.6412,0.6412,0.1924,0.218,0.0834,0.1475
2227,2026-06-13,05:00,Saturday,Weekend,June,5,230.53,1.954,0.4505,0.4505,0.036,0.0541,0.2478,0.1126
2228,2026-08-30,11:00,Sunday,Weekend,August,11,228.58,6.337,1.4485,1.4485,0.4346,0.4925,0.1883,0.3332
2229,2026-03-10,22:00,Tuesday,Weekday,March,22,232.31,4.971,1.1548,1.1548,0.3926,0.3811,0.1501,0.231
2230,2026-06-24,13:00,Wednesday,Weekday,June,13,233.24,4.083,0.9523,0.9523,0.2857,0.3238,0.1238,0.219
2231,2026-02-18,01:00,Wednesday,Weekday,February,1,228.31,1.457,0.3326,0.3326,0.0266,0.0399,0.1829,0.0831
2232,2026-04-18,08:00,Saturday,Weekend,April,8,231.37,2.852,0.6599,0.6599,0.2772,0.132,0.0858,0.165
2233,2026-08-14,09:00,Friday,Weekday,August,9,231.6,4.563,1.0567,1.0567,0.4438,0.2113,0.1374,0.2642
2234,2026-06-10,16:00,Wednesday,Weekday,June,16,230.32,3.794,0.8737,0.8737,0.2621,0.2971,0.1136,0.201
2235,2026-04-29,16:00,Wednesday,Weekday,April,16,233.81,3.329,0.7783,0.7783,0.2335,0.2646,0.1012,0.179
2236,2026-05-29,02:00,Friday,Weekday,May,2,233.8,0.866,0.2024,0.2024,0.0162,0.0243,0.1113,0.0506
2237,2026-05-30,18:00,Saturday,Weekend,May,18,226.58,8.549,1.9371,1.9371,0.6586,0.6392,0.2518,0.3874
2238,2026-10-20,00:00,Tuesday,Weekday,October,0,233.02,1.478,0.3444,0.3444,0.0276,0.0413,0.1894,0.0861
2239,2026-05-23,11:00,Saturday,Weekend,May,11,231.27,4.922,1.1383,1.1383,0.3415,0.387,0.148,0.2618
2240,2026-06-09,06:00,Tuesday,Weekday,June,6,230.61,2.851,0.6576,0.6576,0.2762,0.1315,0.0855,0.1644
2241,2026-01-11,03:00,Sunday,Weekend,January,3,229.42,3.36,0.7708,0.7708,0.0617,0.0925,0.4239,0.1927
2242,2026-05-18,09:00,Monday,Weekday,May,9,226.29,3.722,0.8422,0.8422,0.3537,0.1684,0.1095,0.2105
2243,2026-03-19,12:00,Thursday,Weekday,March,12,230.71,3.468,0.8,0.8,0.24,0.272,0.104,0.184
2244,2026-03-18,01:00,Wednesday,Weekday,March,1,230.77,1.123,0.2592,0.2592,0.0207,0.0311,0.1426,0.0648
2245,2026-09-11,09:00,Friday,Weekday,September,9,234.99,4.144,0.9737,0.9737,0.4089,0.1947,0.1266,0.2434
2246,2026-09-15,20:00,Tuesday,Weekday,September,20,227.84,7.327,1.6694,1.6694,0.5676,0.5509,0.217,0.3339
2247,2026-11-16,21:00,Monday,Weekday,November,21,225.12,6.879,1.5487,1.5487,0.5266,0.5111,0.2013,0.3097
2248,2026-10-18,03:00,Sunday,Weekend,October,3,227.05,1.039,0.2359,0.2359,0.0189,0.0283,0.1298,0.059
2249,2026-09-20,17:00,Sunday,Weekend,September,17,232.36,6.59,1.5311,1.5311,0.5206,0.5053,0.199,0.3062
2250,2026-03-26,04:00,Thursday,Weekday,March,4,228.88,1.581,0.3619,0.3619,0.0289,0.0434,0.199,0.0905
2251,2026-05-26,18:00,Tuesday,Weekday,May,18,233.41,5.796,1.3528,1.3528,0.46,0.4464,0.1759,0.2706
2252,2026-11-19,01:00,Thursday,Weekday,November,1,230.02,1.053,0.2422,0.2422,0.0194,0.0291,0.1332,0.0605
2253,2026-02-11,11:00,Wednesday,Weekday,February,11,227.56,4.781,1.088,1.088,0.3264,0.3699,0.1414,0.2502
2254,2026-05-05,16:00,Tuesday,Weekday,May,16,235.0,3.338,0.7845,0.7845,0.2354,0.2667,0.102,0.1804
2255,2026-06-16,09:00,Tuesday,Weekday,June,9,233.29,4.435,1.0346,1.0346,0.4345,0.2069,0.1345,0.2587
2256,2026-08-29,01:00,Saturday,Weekend,August,1,229.55,1.355,0.3111,0.3111,0.0249,0.0373,0.1711,0.0778
2257,2026-10-07,05:00,Wednesday,Weekday,October,5,232.49,1.221,0.2838,0.2838,0.0227,0.0341,0.1561,0.0709
2258,2026-07-07,07:00,Tuesday,Weekday,July,7,230.31,4.709,1.0846,1.0846,0.4555,0.2169,0.141,0.2712
2259,2026-10-29,18:00,Thursday,Weekday,October,18,230.87,7.186,1.6591,1.6591,0.5641,0.5475,0.2157,0.3318
2260,2026-01-19,10:00,Monday,Weekday,January,10,234.41,4.736,1.1102,1.1102,0.3331,0.3775,0.1443,0.2554
2261,2026-03-09,11:00,Monday,Weekday,March,11,226.2,3.064,0.6931,0.6931,0.2079,0.2356,0.0901,0.1594
2262,2026-08-06,08:00,Thursday,Weekday,August,8,229.1,6.073,1.3914,1.3914,0.5844,0.2783,0.1809,0.3479
2263,2026-04-12,01:00,Sunday,Weekend,April,1,230.07,1.126,0.259,0.259,0.0207,0.0311,0.1425,0.0648
2264,2026-02-11,07:00,Wednesday,Weekday,February,7,230.84,4.218,0.9736,0.9736,0.4089,0.1947,0.1266,0.2434
2265,2026-10-15,10:00,Thursday,Weekday,October,10,226.88,2.263,0.5135,0.5135,0.154,0.1746,0.0668,0.1181
2266,2026-06-16,20:00,Tuesday,Weekday,June,20,230.69,8.056,1.8585,1.8585,0.6319,0.6133,0.2416,0.3717
2267,2026-04-19,03:00,Sunday,Weekend,April,3,227.12,0.981,0.2227,0.2227,0.0178,0.0267,0.1225,0.0557
2268,2026-02-05,09:00,Thursday,Weekday,February,9,226.88,5.699,1.2931,1.2931,0.5431,0.2586,0.1681,0.3233
2269,2026-08-20,20:00,Thursday,Weekday,August,20,226.41,8.209,1.8586,1.8586,0.6319,0.6133,0.2416,0.3717
2270,2026-08-17,19:00,Monday,Weekday,August,19,233.38,10.803,2.5211,2.5211,0.8572,0.832,0.3277,0.5042
2271,2026-12-19,15:00,Saturday,Weekend,December,15,236.35,3.906,0.9233,0.9233,0.277,0.3139,0.12,0.2123
2272,2026-06-13,07:00,Saturday,Weekend,June,7,231.22,3.505,0.8105,0.8105,0.3404,0.1621,0.1054,0.2026
2273,2026-03-14,03:00,Saturday,Weekend,March,3,229.4,1.15,0.2638,0.2638,0.0211,0.0317,0.1451,0.0659
2274,2026-05-16,09:00,Saturday,Weekend,May,9,230.39,4.318,0.9948,0.9948,0.4178,0.199,0.1293,0.2487
2275,2026-12-19,11:00,Saturday,Weekend,December,11,230.84,6.279,1.4493,1.4493,0.4348,0.4928,0.1884,0.3333
2276,2026-03-11,13:00,Wednesday,Weekday,March,13,233.67,3.408,0.7963,0.7963,0.2389,0.2707,0.1035,0.1831
2277,2026-07-15,15:00,Wednesday,Weekday,July,15,226.95,4.141,0.9398,0.9398,0.282,0.3195,0.1222,0.2162
2278,2026-09-26,21:00,Saturday,Weekend,September,21,232.01,8.595,1.9941,1.9941,0.678,0.6581,0.2592,0.3988
2279,2026-02-18,17:00,Wednesday,Weekday,February,17,226.43,5.243,1.1872,1.1872,0.4037,0.3918,0.1543,0.2374
2280,2026-11-12,20:00,Thursday,Weekday,November,20,226.13,7.841,1.7732,1.7732,0.6029,0.5851,0.2305,0.3546
2281,2026-05-10,21:00,Sunday,Weekend,May,21,229.99,5.925,1.3628,1.3628,0.4634,0.4497,0.1772,0.2726
2282,2026-01-05,20:00,Monday,Weekday,January,20,228.76,11.127,2.5454,2.5454,0.8654,0.84,0.3309,0.5091
2283,2026-01-27,11:00,Tuesday,Weekday,January,11,229.99,4.194,0.9646,0.9646,0.2894,0.328,0.1254,0.2219
2284,2026-06-09,17:00,Tuesday,Weekday,June,17,229.01,7.321,1.6767,1.6767,0.5701,0.5533,0.218,0.3353
2285,2026-05-29,06:00,Friday,Weekday,May,6,230.1,2.456,0.5652,0.5652,0.2374,0.113,0.0735,0.1413
2286,2026-09-21,19:00,Monday,Weekday,September,19,224.11,6.779,1.5193,1.5193,0.5166,0.5014,0.1975,0.3039
2287,2026-08-18,23:00,Tuesday,Weekday,August,23,231.44,2.464,0.5702,0.5702,0.1939,0.1882,0.0741,0.114
2288,2026-07-19,22:00,Sunday,Weekend,July,22,232.03,5.019,1.1645,1.1645,0.3959,0.3843,0.1514,0.2329
2289,2026-02-19,06:00,Thursday,Weekday,February,6,233.36,2.799,0.6532,0.6532,0.2743,0.1306,0.0849,0.1633
2290,2026-03-08,08:00,Sunday,Weekend,March,8,234.62,2.934,0.6884,0.6884,0.2891,0.1377,0.0895,0.1721
2291,2026-10-27,00:00,Tuesday,Weekday,October,0,231.03,1.351,0.3121,0.3121,0.025,0.0374,0.1716,0.078
2292,2026-02-27,05:00,Friday,Weekday,February,5,233.53,1.713,0.4,0.4,0.032,0.048,0.22,0.1
2293,2026-09-16,05:00,Wednesday,Weekday,September,5,230.05,1.6,0.3681,0.3681,0.0295,0.0442,0.2025,0.092
2294,2026-12-08,21:00,Tuesday,Weekday,December,21,224.51,7.876,1.7684,1.7684,0.6012,0.5836,0.2299,0.3537
2295,2026-11-22,11:00,Sunday,Weekend,November,11,232.4,4.529,1.0526,1.0526,0.3158,0.3579,0.1368,0.2421
2296,2026-05-10,21:00,Sunday,Weekend,May,21,231.51,7.175,1.661,1.661,0.5647,0.5481,0.2159,0.3322
2297,2026-08-03,11:00,Monday,Weekday,August,11,230.0,3.948,0.9079,0.9079,0.2724,0.3087,0.118,0.2088
2298,2026-06-21,09:00,Sunday,Weekend,June,9,229.84,4.328,0.9947,0.9947,0.4178,0.1989,0.1293,0.2487
2299,2026-09-15,22:00,Tuesday,Weekday,September,22,231.19,3.658,0.8457,0.8457,0.2875,0.2791,0.1099,0.1691
2300,2026-04-12,05:00,Sunday,Weekend,April,5,229.16,1.672,0.383,0.383,0.0306,0.046,0.2107,0.0958
2301,2026-07-28,16:00,Tuesday,Weekday,July,16,231.11,4.782,1.1052,1.1052,0.3316,0.3758,0.1437,0.2542
2302,2026-10-18,18:00,Sunday,Weekend,October,18,227.42,9.398,2.1372,2.1372,0.7267,0.7053,0.2778,0.4274
2303,2026-12-20,17:00,Sunday,Weekend,December,17,225.1,10.501,2.3639,2.3639,0.8037,0.7801,0.3073,0.4728
2304,2026-10-13,05:00,Tuesday,Weekday,October,5,226.7,1.324,0.3001,0.3001,0.024,0.036,0.165,0.075
2305,2026-04-26,23:00,Sunday,Weekend,April,23,235.61,1.625,0.383,0.383,0.1302,0.1264,0.0498,0.0766
2306,2026-09-21,18:00,Monday,Weekday,September,18,227.71,20.88,4.7547,4.7547,1.6166,1.569,0.6181,0.9509
2307,2026-05-30,09:00,Saturday,Weekend,May,9,233.02,4.268,0.9945,0.9945,0.4177,0.1989,0.1293,0.2486
2308,2026-10-27,23:00,Tuesday,Weekday,October,23,227.26,2.453,0.5575,0.5575,0.1896,0.184,0.0725,0.1115
2309,2026-02-05,07:00,Thursday,Weekday,February,7,229.55,5.618,1.2896,1.2896,0.5416,0.2579,0.1677,0.3224
2310,2026-11-29,20:00,Sunday,Weekend,November,20,229.18,12.805,2.9347,2.9347,0.9978,0.9685,0.3815,0.5869
2311,2026-10-14,23:00,Wednesday,Weekday,October,23,233.68,1.912,0.4468,0.4468,0.1519,0.1474,0.0581,0.0894
2312,2026-10-30,05:00,Friday,Weekday,October,5,228.49,1.169,0.267,0.267,0.0214,0.032,0.1469,0.0668
2313,2026-11-07,20:00,Saturday,Weekend,November,20,228.27,10.087,2.3026,2.3026,0.7829,0.7599,0.2993,0.4605
2314,2026-07-27,06:00,Monday,Weekday,July,6,228.02,3.397,0.7747,0.7747,0.3254,0.1549,0.1007,0.1937
2315,2026-04-16,23:00,Thursday,Weekday,April,23,229.7,1.776,0.4079,0.4079,0.1387,0.1346,0.053,0.0816
2316,2026-06-07,00:00,Sunday,Weekend,June,0,227.45,1.266,0.288,0.288,0.023,0.0346,0.1584,0.072
2317,2026-05-01,17:00,Friday,Weekday,May,17,226.41,6.044,1.3683,1.3683,0.4652,0.4515,0.1779,0.2737
2318,2026-02-24,23:00,Tuesday,Weekday,February,23,230.65,3.099,0.7147,0.7147,0.243,0.2358,0.0929,0.1429
2319,2026-01-12,19:00,Monday,Weekday,January,19,229.18,24.198,5.5457,5.5457,1.8856,1.8301,0.7209,1.1091
2320,2026-05-25,11:00,Monday,Weekday,May,11,227.15,2.809,0.638,0.638,0.1914,0.2169,0.0829,0.1467
2321,2026-05-16,15:00,Saturday,Weekend,May,15,228.31,3.209,0.7326,0.7326,0.2198,0.2491,0.0952,0.1685
2322,2026-01-03,09:00,Saturday,Weekend,January,9,229.75,4.904,1.1267,1.1267,0.4732,0.2253,0.1465,0.2817
2323,2026-05-24,09:00,Sunday,Weekend,May,9,234.27,3.244,0.76,0.76,0.3192,0.152,0.0988,0.19
2324,2026-01-30,13:00,Friday,Weekday,January,13,222.92,4.646,1.0357,1.0357,0.3107,0.3521,0.1346,0.2382
2325,2026-08-25,19:00,Tuesday,Weekday,August,19,231.03,11.656,2.6928,2.6928,0.9156,0.8886,0.3501,0.5386
2326,2026-10-06,09:00,Tuesday,Weekday,October,9,231.7,3.422,0.7928,0.7928,0.333,0.1586,0.1031,0.1982
2327,2026-12-14,09:00,Monday,Weekday,December,9,225.87,6.682,1.5092,1.5092,0.6339,0.3018,0.1962,0.3773
2328,2026-04-25,10:00,Saturday,Weekend,April,10,229.13,3.061,0.7014,0.7014,0.2104,0.2385,0.0912,0.1613
2329,2026-04-14,22:00,Tuesday,Weekday,April,22,230.83,2.813,0.6494,0.6494,0.2208,0.2143,0.0844,0.1299
2330,2026-04-28,01:00,Tuesday,Weekday,April,1,229.93,1.304,0.2997,0.2997,0.024,0.036,0.1648,0.0749
2331,2026-01-05,19:00,Monday,Weekday,January,19,233.11,12.962,3.0216,3.0216,1.0274,0.9971,0.3928,0.6043
2332,2026-12-26,07:00,Saturday,Weekend,December,7,230.26,2.593,0.597,0.597,0.2507,0.1194,0.0776,0.1492
2333,2026-09-05,22:00,Saturday,Weekend,September,22,232.15,4.198,0.9745,0.9745,0.3313,0.3216,0.1267,0.1949
2334,2026-12-30,06:00,Wednesday,Weekday,December,6,231.13,3.493,0.8073,0.8073,0.339,0.1615,0.1049,0.2018
2335,2026-11-17,07:00,Tuesday,Weekday,November,7,231.74,4.706,1.0905,1.0905,0.458,0.2181,0.1418,0.2726
2336,2026-05-01,00:00,Friday,Weekday,May,0,228.06,1.359,0.31,0.31,0.0248,0.0372,0.1705,0.0775
2337,2026-10-13,20:00,Tuesday,Weekday,October,20,228.68,6.901,1.5781,1.5781,0.5365,0.5208,0.2051,0.3156
2338,2026-05-29,01:00,Friday,Weekday,May,1,229.84,0.973,0.2237,0.2237,0.0179,0.0268,0.123,0.0559
2339,2026-03-25,17:00,Wednesday,Weekday,March,17,228.21,5.001,1.1412,1.1412,0.388,0.3766,0.1484,0.2282
2340,2026-08-19,14:00,Wednesday,Weekday,August,14,232.31,3.978,0.9241,0.9241,0.2772,0.3142,0.1201,0.2126
2341,2026-10-15,00:00,Thursday,Weekday,October,0,224.96,1.468,0.3302,0.3302,0.0264,0.0396,0.1816,0.0825
2342,2026-06-10,04:00,Wednesday,Weekday,June,4,233.37,1.13,0.2637,0.2637,0.0211,0.0316,0.145,0.0659
2343,2026-09-29,01:00,Tuesday,Weekday,September,1,224.45,1.342,0.3012,0.3012,0.0241,0.0361,0.1657,0.0753
2344,2026-02-07,19:00,Saturday,Weekend,February,19,226.78,13.846,3.14,3.14,1.0676,1.0362,0.4082,0.628
2345,2026-08-14,02:00,Friday,Weekday,August,2,232.35,1.285,0.2985,0.2985,0.0239,0.0358,0.1642,0.0746
2346,2026-05-22,18:00,Friday,Weekday,May,18,226.0,8.282,1.8718,1.8718,0.6364,0.6177,0.2433,0.3744
2347,2026-10-19,17:00,Monday,Weekday,October,17,231.06,5.007,1.1569,1.1569,0.3933,0.3818,0.1504,0.2314
2348,2026-05-31,21:00,Sunday,Weekend,May,21,230.79,6.299,1.4538,1.4538,0.4943,0.4798,0.189,0.2908
2349,2026-04-24,17:00,Friday,Weekday,April,17,230.82,5.598,1.2921,1.2921,0.4393,0.4264,0.168,0.2584
2350,2026-08-25,13:00,Tuesday,Weekday,August,13,229.13,5.569,1.2761,1.2761,0.3828,0.4339,0.1659,0.2935
2351,2026-03-07,23:00,Saturday,Weekend,March,23,228.84,5.443,1.2455,1.2455,0.4235,0.411,0.1619,0.2491
2352,2026-12-27,07:00,Sunday,Weekend,December,7,226.07,3.065,0.6929,0.6929,0.291,0.1386,0.0901,0.1732
2353,2026-12-07,11:00,Monday,Weekday,December,11,229.74,3.908,0.8977,0.8977,0.2693,0.3052,0.1167,0.2065
2354,2026-09-15,20:00,Tuesday,Weekday,September,20,230.77,8.768,2.0235,2.0235,0.688,0.6677,0.2631,0.4047
2355,2026-09-06,09:00,Sunday,Weekend,September,9,228.86,3.814,0.8729,0.8729,0.3666,0.1746,0.1135,0.2182
2356,2026-11-27,22:00,Friday,Weekday,November,22,228.98,4.956,1.1349,1.1349,0.3859,0.3745,0.1475,0.227
2357,2026-11-19,19:00,Thursday,Weekday,November,19,232.77,9.084,2.1144,2.1144,0.7189,0.6977,0.2749,0.4229
2358,2026-06-29,16:00,Monday,Weekday,June,16,229.59,5.238,1.2027,1.2027,0.3608,0.4089,0.1563,0.2766
2359,2026-07-09,10:00,Thursday,Weekday,July,10,230.88,3.354,0.7745,0.7745,0.2323,0.2633,0.1007,0.1781
2360,2026-06-03,01:00,Wednesday,Weekday,June,1,231.34,1.26,0.2915,0.2915,0.0233,0.035,0.1603,0.0729
2361,2026-07-15,03:00,Wednesday,Weekday,July,3,229.59,1.594,0.366,0.366,0.0293,0.0439,0.2013,0.0915
2362,2026-11-07,00:00,Saturday,Weekend,November,0,231.7,1.17,0.2711,0.2711,0.0217,0.0325,0.1491,0.0678
2363,2026-09-19,14:00,Saturday,Weekend,September,14,232.47,3.873,0.9003,0.9003,0.2701,0.3061,0.117,0.2071
2364,2026-05-23,12:00,Saturday,Weekend,May,12,232.26,5.377,1.2489,1.2489,0.3747,0.4246,0.1624,0.2872
2365,2026-12-08,07:00,Tuesday,Weekday,December,7,232.54,6.272,1.4585,1.4585,0.6126,0.2917,0.1896,0.3646
2366,2026-11-12,03:00,Thursday,Weekday,November,3,224.79,0.971,0.2183,0.2183,0.0175,0.0262,0.1201,0.0546
2367,2026-04-11,09:00,Saturday,Weekend,April,9,227.07,3.903,0.8864,0.8864,0.3723,0.1773,0.1152,0.2216
2368,2026-09-01,18:00,Tuesday,Weekday,September,18,225.88,8.521,1.9247,1.9247,0.6544,0.6351,0.2502,0.3849
2369,2026-01-12,17:00,Monday,Weekday,January,17,226.05,7.086,1.6018,1.6018,0.5446,0.5286,0.2082,0.3204
2370,2026-08-27,04:00,Thursday,Weekday,August,4,228.2,1.581,0.3607,0.3607,0.0289,0.0433,0.1984,0.0902
2371,2026-02-18,18:00,Wednesday,Weekday,February,18,231.61,7.35,1.7023,1.7023,0.5788,0.5618,0.2213,0.3405
2372,2026-02-11,22:00,Wednesday,Weekday,February,22,230.27,5.944,1.3688,1.3688,0.4654,0.4517,0.1779,0.2738
2373,2026-06-15,21:00,Monday,Weekday,June,21,229.05,8.74,2.0019,2.0019,0.6807,0.6606,0.2603,0.4004
2374,2026-03-23,15:00,Monday,Weekday,March,15,229.44,2.755,0.6321,0.6321,0.1896,0.2149,0.0822,0.1454
2375,2026-10-18,00:00,Sunday,Weekend,October,0,229.0,1.235,0.2828,0.2828,0.0226,0.0339,0.1556,0.0707
2376,2026-06-07,11:00,Sunday,Weekend,June,11,229.4,5.57,1.2778,1.2778,0.3833,0.4345,0.1661,0.2939
2377,2026-08-04,23:00,Tuesday,Weekday,August,23,233.47,5.043,1.1774,1.1774,0.4003,0.3885,0.1531,0.2355
2378,2026-06-07,01:00,Sunday,Weekend,June,1,225.59,1.381,0.3115,0.3115,0.0249,0.0374,0.1713,0.0779
2379,2026-05-14,20:00,Thursday,Weekday,May,20,231.27,9.04,2.0908,2.0908,0.7109,0.69,0.2718,0.4182
2380,2026-03-08,07:00,Sunday,Weekend,March,7,235.73,2.349,0.5538,0.5538,0.2326,0.1108,0.072,0.1385
2381,2026-12-02,17:00,Wednesday,Weekday,December,17,232.48,7.778,1.8083,1.8083,0.6148,0.5967,0.2351,0.3617
2382,2026-01-07,15:00,Wednesday,Weekday,January,15,227.53,3.145,0.7156,0.7156,0.2147,0.2433,0.093,0.1646
2383,2026-01-14,04:00,Wednesday,Weekday,January,4,228.78,4.147,0.9488,0.9488,0.0759,0.1139,0.5218,0.2372
2384,2026-03-14,21:00,Saturday,Weekend,March,21,231.06,7.6,1.7561,1.7561,0.5971,0.5795,0.2283,0.3512
2385,2026-06-12,12:00,Friday,Weekday,June,12,229.38,5.861,1.3444,1.3444,0.4033,0.4571,0.1748,0.3092
2386,2026-03-07,18:00,Saturday,Weekend,March,18,228.55,8.354,1.9093,1.9093,0.6492,0.6301,0.2482,0.3819
2387,2026-12-13,02:00,Sunday,Weekend,December,2,229.75,1.251,0.2873,0.2873,0.023,0.0345,0.158,0.0718
2388,2026-05-10,07:00,Sunday,Weekend,May,7,227.2,2.278,0.5175,0.5175,0.2174,0.1035,0.0673,0.1294
2389,2026-07-25,11:00,Saturday,Weekend,July,11,229.67,4.419,1.0149,1.0149,0.3045,0.3451,0.1319,0.2334
2390,2026-10-03,01:00,Saturday,Weekend,October,1,226.98,1.246,0.2827,0.2827,0.0226,0.0339,0.1555,0.0707
2391,2026-09-13,10:00,Sunday,Weekend,September,10,231.81,3.588,0.8317,0.8317,0.2495,0.2828,0.1081,0.1913
2392,2026-09-23,11:00,Wednesday,Weekday,September,11,227.89,3.721,0.848,0.848,0.2544,0.2883,0.1102,0.1951
2393,2026-01-25,17:00,Sunday,Weekend,January,17,229.2,9.298,2.1312,2.1312,0.7246,0.7033,0.2771,0.4262
2394,2026-10-08,12:00,Thursday,Weekday,October,12,228.89,3.876,0.8873,0.8873,0.2662,0.3017,0.1153,0.2041
2395,2026-09-10,04:00,Thursday,Weekday,September,4,230.96,1.302,0.3007,0.3007,0.0241,0.0361,0.1654,0.0752
2396,2026-11-06,21:00,Friday,Weekday,November,21,230.33,7.894,1.8183,1.8183,0.6182,0.6,0.2364,0.3637
2397,2026-10-16,11:00,Friday,Weekday,October,11,230.72,2.762,0.6372,0.6372,0.1912,0.2166,0.0828,0.1465
2398,2026-06-13,01:00,Saturday,Weekend,June,1,228.25,1.297,0.2962,0.2962,0.0237,0.0355,0.1629,0.074
2399,2026-04-05,04:00,Sunday,Weekend,April,4,228.59,0.855,0.1955,0.1955,0.0156,0.0235,0.1075,0.0489
2400,2026-09-27,06:00,Sunday,Weekend,September,6,235.9,1.917,0.4521,0.4521,0.1899,0.0904,0.0588,0.113
2401,2026-11-17,23:00,Tuesday,Weekday,November,23,232.37,2.721,0.6323,0.6323,0.215,0.2087,0.0822,0.1265
2402,2026-04-20,11:00,Monday,Weekday,April,11,229.51,2.883,0.6617,0.6617,0.1985,0.225,0.086,0.1522
2403,2026-12-02,15:00,Wednesday,Weekday,December,15,228.56,4.281,0.9785,0.9785,0.2935,0.3327,0.1272,0.2251
2404,2026-11-06,22:00,Friday,Weekday,November,22,226.4,3.757,0.8507,0.8507,0.2892,0.2807,0.1106,0.1701
2405,2026-08-26,07:00,Wednesday,Weekday,August,7,232.82,4.841,1.127,1.127,0.4733,0.2254,0.1465,0.2817
2406,2026-01-25,08:00,Sunday,Weekend,January,8,228.22,4.694,1.0712,1.0712,0.4499,0.2142,0.1393,0.2678
2407,2026-05-21,14:00,Thursday,Weekday,May,14,232.63,2.013,0.4682,0.4682,0.1405,0.1592,0.0609,0.1077
2408,2026-04-27,04:00,Monday,Weekday,April,4,232.07,1.157,0.2686,0.2686,0.0215,0.0322,0.1477,0.0672
2409,2026-01-25,12:00,Sunday,Weekend,January,12,233.37,7.622,1.7787,1.7787,0.5336,0.6048,0.2312,0.4091
2410,2026-03-20,04:00,Friday,Weekday,March,4,231.9,1.207,0.2799,0.2799,0.0224,0.0336,0.1539,0.07
2411,2026-03-09,10:00,Monday,Weekday,March,10,229.48,2.971,0.6818,0.6818,0.2045,0.2318,0.0886,0.1568
2412,2026-06-22,09:00,Monday,Weekday,June,9,230.04,5.196,1.1952,1.1952,0.502,0.239,0.1554,0.2988
2413,2026-01-12,19:00,Monday,Weekday,January,19,229.8,11.643,2.6755,2.6755,0.9097,0.8829,0.3478,0.5351
2414,2026-10-15,12:00,Thursday,Weekday,October,12,229.33,3.427,0.7859,0.7859,0.2358,0.2672,0.1022,0.1808
2415,2026-05-08,08:00,Friday,Weekday,May,8,225.94,5.626,1.2711,1.2711,0.5339,0.2542,0.1652,0.3178
2416,2026-04-06,20:00,Monday,Weekday,April,20,224.18,18.591,4.1677,4.1677,1.417,1.3754,0.5418,0.8335
2417,2026-04-02,13:00,Thursday,Weekday,April,13,231.9,3.957,0.9176,0.9176,0.2753,0.312,0.1193,0.211
2418,2026-05-21,17:00,Thursday,Weekday,May,17,229.55,4.272,0.9805,0.9805,0.3334,0.3236,0.1275,0.1961
2419,2026-01-31,14:00,Saturday,Weekend,January,14,232.4,5.219,1.213,1.213,0.3639,0.4124,0.1577,0.279
2420,2026-11-30,09:00,Monday,Weekday,November,9,229.05,5.015,1.1487,1.1487,0.4824,0.2297,0.1493,0.2872
2421,2026-01-20,23:00,Tuesday,Weekday,January,23,230.0,2.795,0.6428,0.6428,0.2185,0.2121,0.0836,0.1286
2422,2026-05-26,06:00,Tuesday,Weekday,May,6,232.32,2.228,0.5176,0.5176,0.2174,0.1035,0.0673,0.1294
2423,2026-11-12,07:00,Thursday,Weekday,November,7,233.89,5.042,1.1793,1.1793,0.4953,0.2359,0.1533,0.2948
2424,2026-06-09,02:00,Tuesday,Weekday,June,2,229.21,1.536,0.352,0.352,0.0282,0.0422,0.1936,0.088
2425,2026-12-15,14:00,Tuesday,Weekday,December,14,227.5,4.408,1.0029,1.0029,0.3009,0.341,0.1304,0.2307
2426,2026-02-12,15:00,Thursday,Weekday,February,15,233.03,3.14,0.7316,0.7316,0.2195,0.2488,0.0951,0.1683
2427,2026-09-11,03:00,Friday,Weekday,September,3,229.28,1.016,0.233,0.233,0.0186,0.028,0.1282,0.0583
2428,2026-05-10,20:00,Sunday,Weekend,May,20,226.29,11.069,2.5048,2.5048,0.8516,0.8266,0.3256,0.501
2429,2026-03-01,05:00,Sunday,Weekend,March,5,229.0,0.97,0.2222,0.2222,0.0178,0.0267,0.1222,0.0556
2430,2026-05-31,00:00,Sunday,Weekend,May,0,228.2,1.022,0.2331,0.2331,0.0187,0.028,0.1282,0.0583
2431,2026-10-14,03:00,Wednesday,Weekday,October,3,231.93,1.09,0.2527,0.2527,0.0202,0.0303,0.139,0.0632
2432,2026-01-05,10:00,Monday,Weekday,January,10,226.65,4.787,1.0849,1.0849,0.3255,0.3689,0.141,0.2495
2433,2026-09-23,11:00,Wednesday,Weekday,September,11,230.26,3.901,0.8982,0.8982,0.2694,0.3054,0.1168,0.2066
2434,2026-12-11,04:00,Friday,Weekday,December,4,230.62,2.014,0.4646,0.4646,0.0372,0.0557,0.2555,0.1161
2435,2026-05-10,22:00,Sunday,Weekend,May,22,228.5,3.711,0.8479,0.8479,0.2883,0.2798,0.1102,0.1696
2436,2026-09-24,20:00,Thursday,Weekday,September,20,233.09,7.242,1.6882,1.6882,0.574,0.5571,0.2195,0.3376
2437,2026-06-27,15:00,Saturday,Weekend,June,15,232.25,3.822,0.8877,0.8877,0.2663,0.3018,0.1154,0.2042
2438,2026-09-10,12:00,Thursday,Weekday,September,12,228.86,4.298,0.9837,0.9837,0.2951,0.3345,0.1279,0.2262
2439,2026-02-25,12:00,Wednesday,Weekday,February,12,229.73,5.175,1.1889,1.1889,0.3567,0.4042,0.1546,0.2734
2440,2026-03-24,16:00,Tuesday,Weekday,March,16,232.24,2.779,0.6453,0.6453,0.1936,0.2194,0.0839,0.1484
2441,2026-04-09,06:00,Thursday,Weekday,April,6,230.2,2.661,0.6126,0.6126,0.2573,0.1225,0.0796,0.1531
2442,2026-05-29,07:00,Friday,Weekday,May,7,233.5,4.605,1.0753,1.0753,0.4516,0.2151,0.1398,0.2688
2443,2026-11-25,12:00,Wednesday,Weekday,November,12,231.42,4.153,0.961,0.961,0.2883,0.3267,0.1249,0.221
2444,2026-06-05,22:00,Friday,Weekday,June,22,230.63,5.298,1.2218,1.2218,0.4154,0.4032,0.1588,0.2444
2445,2026-07-09,15:00,Thursday,Weekday,July,15,230.61,3.633,0.8379,0.8379,0.2514,0.2849,0.1089,0.1927
2446,2026-09-20,03:00,Sunday,Weekend,September,3,237.87,0.953,0.2267,0.2267,0.0181,0.0272,0.1247,0.0567
2447,2026-03-21,07:00,Saturday,Weekend,March,7,227.45,2.506,0.5699,0.5699,0.2394,0.114,0.0741,0.1425
2448,2026-09-09,15:00,Wednesday,Weekday,September,15,227.26,2.417,0.5494,0.5494,0.1648,0.1868,0.0714,0.1264
2449,2026-04-07,20:00,Tuesday,Weekday,April,20,228.63,9.204,2.1042,2.1042,0.7154,0.6944,0.2735,0.4208
2450,2026-09-17,09:00,Thursday,Weekday,September,9,233.51,2.651,0.619,0.619,0.26,0.1238,0.0805,0.1548
2451,2026-09-17,11:00,Thursday,Weekday,September,11,223.84,3.588,0.8032,0.8032,0.241,0.2731,0.1044,0.1847
2452,2026-04-13,11:00,Monday,Weekday,April,11,225.24,3.959,0.8917,0.8917,0.2675,0.3032,0.1159,0.2051
2453,2026-02-09,04:00,Monday,Weekday,February,4,229.0,1.277,0.2924,0.2924,0.0234,0.0351,0.1608,0.0731
2454,2026-09-30,15:00,Wednesday,Weekday,September,15,235.3,2.655,0.6248,0.6248,0.1874,0.2124,0.0812,0.1437
2455,2026-04-11,00:00,Saturday,Weekend,April,0,230.06,1.432,0.3294,0.3294,0.0263,0.0395,0.1812,0.0823
2456,2026-12-25,08:00,Friday,Weekday,December,8,225.84,6.935,1.5661,1.5661,0.6578,0.3132,0.2036,0.3915
2457,2026-11-04,11:00,Wednesday,Weekday,November,11,232.06,3.912,0.9077,0.9077,0.2723,0.3086,0.118,0.2088
2458,2026-08-09,04:00,Sunday,Weekend,August,4,234.15,1.708,0.4,0.4,0.032,0.048,0.22,0.1
2459,2026-11-04,21:00,Wednesday,Weekday,November,21,225.88,6.841,1.5453,1.5453,0.5254,0.5099,0.2009,0.3091
2460,2026-05-04,19:00,Monday,Weekday,May,19,229.13,7.319,1.6769,1.6769,0.5702,0.5534,0.218,0.3354
2461,2026-08-19,21:00,Wednesday,Weekday,August,21,228.47,6.883,1.5725,1.5725,0.5346,0.5189,0.2044,0.3145
2462,2026-06-27,23:00,Saturday,Weekend,June,23,231.43,3.405,0.7881,0.7881,0.268,0.2601,0.1025,0.1576
2463,2026-03-04,02:00,Wednesday,Weekday,March,2,228.85,1.212,0.2774,0.2774,0.0222,0.0333,0.1526,0.0694
2464,2026-04-26,04:00,Sunday,Weekend,April,4,231.57,1.537,0.356,0.356,0.0285,0.0427,0.1958,0.089
2465,2026-07-10,01:00,Friday,Weekday,July,1,232.1,1.918,0.4452,0.4452,0.0356,0.0534,0.2449,0.1113
2466,2026-03-03,13:00,Tuesday,Weekday,March,13,231.79,3.434,0.796,0.796,0.2388,0.2706,0.1035,0.1831
2467,2026-09-13,01:00,Sunday,Weekend,September,1,225.94,1.332,0.301,0.301,0.0241,0.0361,0.1655,0.0752
2468,2026-01-07,12:00,Wednesday,Weekday,January,12,226.42,5.541,1.2545,1.2545,0.3764,0.4265,0.1631,0.2885
2469,2026-06-04,06:00,Thursday,Weekday,June,6,228.28,3.176,0.725,0.725,0.3045,0.145,0.0943,0.1813
2470,2026-04-02,09:00,Thursday,Weekday,April,9,230.67,3.636,0.8387,0.8387,0.3523,0.1677,0.109,0.2097
2471,2026-01-14,12:00,Wednesday,Weekday,January,12,231.4,4.867,1.1261,1.1261,0.3378,0.3829,0.1464,0.259
2472,2026-08-17,15:00,Monday,Weekday,August,15,227.36,2.917,0.6632,0.6632,0.199,0.2255,0.0862,0.1525
2473,2026-03-27,13:00,Friday,Weekday,March,13,230.81,2.761,0.6373,0.6373,0.1912,0.2167,0.0829,0.1466
2474,2026-05-13,10:00,Wednesday,Weekday,May,10,232.36,3.262,0.7579,0.7579,0.2274,0.2577,0.0985,0.1743
2475,2026-07-02,09:00,Thursday,Weekday,July,9,231.67,3.93,0.9104,0.9104,0.3824,0.1821,0.1184,0.2276
2476,2026-03-03,05:00,Tuesday,Weekday,March,5,228.85,1.573,0.3599,0.3599,0.0288,0.0432,0.198,0.09
2477,2026-08-07,03:00,Friday,Weekday,August,3,229.08,1.215,0.2782,0.2782,0.0223,0.0334,0.153,0.0696
2478,2026-09-03,20:00,Thursday,Weekday,September,20,225.5,8.902,2.0075,2.0075,0.6826,0.6625,0.261,0.4015
2479,2026-08-18,00:00,Tuesday,Weekday,August,0,234.35,1.731,0.4057,0.4057,0.0325,0.0487,0.2232,0.1014
2480,2026-03-20,06:00,Friday,Weekday,March,6,231.19,3.153,0.729,0.729,0.3062,0.1458,0.0948,0.1823
2481,2026-05-29,23:00,Friday,Weekday,May,23,225.97,2.068,0.4672,0.4672,0.1589,0.1542,0.0607,0.0934
2482,2026-05-18,08:00,Monday,Weekday,May,8,233.07,3.834,0.8936,0.8936,0.3753,0.1787,0.1162,0.2234
2483,2026-11-10,07:00,Tuesday,Weekday,November,7,231.65,4.776,1.1064,1.1064,0.4647,0.2213,0.1438,0.2766
2484,2026-03-06,04:00,Friday,Weekday,March,4,232.99,1.25,0.2912,0.2912,0.0233,0.0349,0.1602,0.0728
2485,2026-01-13,18:00,Tuesday,Weekday,January,18,225.69,8.703,1.9641,1.9641,0.6678,0.6482,0.2553,0.3928
2486,2026-08-01,09:00,Saturday,Weekend,August,9,228.95,6.03,1.3806,1.3806,0.5798,0.2761,0.1795,0.3451
2487,2026-08-30,10:00,Sunday,Weekend,August,10,227.97,4.783,1.0904,1.0904,0.3271,0.3707,0.1417,0.2508
2488,2026-08-01,14:00,Saturday,Weekend,August,14,235.29,3.612,0.85,0.85,0.255,0.289,0.1105,0.1955
2489,2026-06-30,05:00,Tuesday,Weekday,June,5,228.75,1.461,0.3342,0.3342,0.0267,0.0401,0.1838,0.0835
2490,2026-12-04,14:00,Friday,Weekday,December,14,227.61,3.303,0.7518,0.7518,0.2255,0.2556,0.0977,0.1729
2491,2026-06-22,04:00,Monday,Weekday,June,4,228.38,1.264,0.2887,0.2887,0.0231,0.0346,0.1588,0.0722
2492,2026-06-09,18:00,Tuesday,Weekday,June,18,227.81,26.051,5.9348,5.9348,2.0178,1.9585,0.7715,1.187
2493,2026-06-13,21:00,Saturday,Weekend,June,21,233.36,8.781,2.0492,2.0492,0.6967,0.6762,0.2664,0.4098
2494,2026-07-07,18:00,Tuesday,Weekday,July,18,229.3,10.767,2.4688,2.4688,0.8394,0.8147,0.3209,0.4938
2495,2026-07-10,09:00,Friday,Weekday,July,9,233.08,5.658,1.3188,1.3188,0.5539,0.2638,0.1714,0.3297
2496,2026-11-04,11:00,Wednesday,Weekday,November,11,230.71,3.899,0.8996,0.8996,0.2699,0.3059,0.1169,0.2069
2497,2026-09-13,21:00,Sunday,Weekend,September,21,229.34,7.423,1.7025,1.7025,0.5788,0.5618,0.2213,0.3405
2498,2026-07-02,03:00,Thursday,Weekday,July,3,227.39,1.403,0.319,0.319,0.0255,0.0383,0.1754,0.0797
2499,2026-04-27,17:00,Monday,Weekday,April,17,233.99,4.612,1.0791,1.0791,0.3669,0.3561,0.1403,0.2158
2500,2026-10-09,15:00,Friday,Weekday,October,15,232.48,5.099,1.1853,1.1853,0.3556,0.403,0.1541,0.2726
2501,2026-07-15,07:00,Wednesday,Weekday,July,7,232.7,5.177,1.2048,1.2048,0.506,0.241,0.1566,0.3012
2502,2026-02-03,03:00,Tuesday,Weekday,February,3,232.31,1.261,0.2931,0.2931,0.0234,0.0352,0.1612,0.0733
2503,2026-02-21,22:00,Saturday,Weekend,February,22,228.22,4.38,0.9996,0.9996,0.3399,0.3299,0.13,0.1999
2504,2026-04-22,11:00,Wednesday,Weekday,April,11,230.66,3.285,0.7577,0.7577,0.2273,0.2576,0.0985,0.1743
2505,2026-09-09,01:00,Wednesday,Weekday,September,1,232.72,1.362,0.3169,0.3169,0.0254,0.038,0.1743,0.0792
2506,2026-03-23,03:00,Monday,Weekday,March,3,232.36,1.27,0.295,0.295,0.0236,0.0354,0.1622,0.0737
2507,2026-08-20,04:00,Thursday,Weekday,August,4,230.39,1.54,0.3548,0.3548,0.0284,0.0426,0.1951,0.0887
2508,2026-08-15,02:00,Saturday,Weekend,August,2,234.94,2.745,0.6449,0.6449,0.0516,0.0774,0.3547,0.1612
2509,2026-08-21,08:00,Friday,Weekday,August,8,230.48,7.401,1.7058,1.7058,0.7164,0.3412,0.2217,0.4264
2510,2026-08-09,20:00,Sunday,Weekend,August,20,231.32,12.158,2.8123,2.8123,0.9562,0.9281,0.3656,0.5625
2511,2026-02-11,17:00,Wednesday,Weekday,February,17,230.5,6.379,1.4702,1.4702,0.4999,0.4852,0.1911,0.294
2512,2026-01-21,10:00,Wednesday,Weekday,January,10,229.07,3.082,0.7061,0.7061,0.2118,0.2401,0.0918,0.1624
2513,2026-02-11,02:00,Wednesday,Weekday,February,2,232.42,1.348,0.3133,0.3133,0.0251,0.0376,0.1723,0.0783
2514,2026-04-23,22:00,Thursday,Weekday,April,22,231.83,3.323,0.7703,0.7703,0.2619,0.2542,0.1001,0.1541
2515,2026-04-15,01:00,Wednesday,Weekday,April,1,230.87,1.431,0.3304,0.3304,0.0264,0.0397,0.1817,0.0826
2516,2026-07-11,08:00,Saturday,Weekend,July,8,227.88,4.815,1.0973,1.0973,0.4609,0.2195,0.1427,0.2743
2517,2026-01-17,13:00,Saturday,Weekend,January,13,232.53,11.363,2.6421,2.6421,0.7926,0.8983,0.3435,0.6077
2518,2026-04-30,03:00,Thursday,Weekday,April,3,228.02,1.314,0.2997,0.2997,0.024,0.036,0.1648,0.0749
2519,2026-05-09,08:00,Saturday,Weekend,May,8,231.94,3.053,0.7082,0.7082,0.2974,0.1416,0.0921,0.177
2520,2026-05-10,12:00,Sunday,Weekend,May,12,227.26,4.964,1.1282,1.1282,0.3385,0.3836,0.1467,0.2595
2521,2026-03-01,17:00,Sunday,Weekend,March,17,225.13,8.056,1.8136,1.8136,0.6166,0.5985,0.2358,0.3627
2522,2026-02-17,14:00,Tuesday,Weekday,February,14,230.73,2.283,0.5268,0.5268,0.158,0.1791,0.0685,0.1212
2523,2026-01-29,09:00,Thursday,Weekday,January,9,231.45,3.054,0.7069,0.7069,0.2969,0.1414,0.0919,0.1767
2524,2026-04-07,15:00,Tuesday,Weekday,April,15,230.54,2.385,0.5498,0.5498,0.165,0.1869,0.0715,0.1265
2525,2026-01-10,11:00,Saturday,Weekend,January,11,228.17,6.652,1.5177,1.5177,0.4553,0.516,0.1973,0.3491
2526,2026-08-30,19:00,Sunday,Weekend,August,19,232.51,15.58,3.6226,3.6226,1.2317,1.1954,0.4709,0.7245
2527,2026-11-10,04:00,Tuesday,Weekday,November,4,230.35,1.176,0.2708,0.2708,0.0217,0.0325,0.1489,0.0677
2528,2026-08-20,01:00,Thursday,Weekday,August,1,230.48,1.458,0.336,0.336,0.0269,0.0403,0.1848,0.084
2529,2026-10-04,09:00,Sunday,Weekend,October,9,229.61,3.652,0.8385,0.8385,0.3522,0.1677,0.109,0.2096
2530,2026-10-11,00:00,Sunday,Weekend,October,0,228.19,1.289,0.2943,0.2943,0.0235,0.0353,0.1618,0.0736
2531,2026-07-22,06:00,Wednesday,Weekday,July,6,232.82,3.166,0.7371,0.7371,0.3096,0.1474,0.0958,0.1843
2532,2026-09-04,16:00,Friday,Weekday,September,16,228.39,3.401,0.7767,0.7767,0.233,0.2641,0.101,0.1786
2533,2026-10-17,15:00,Saturday,Weekend,October,15,234.24,3.696,0.8657,0.8657,0.2597,0.2943,0.1125,0.1991
2534,2026-09-21,23:00,Monday,Weekday,September,23,227.94,2.811,0.6408,0.6408,0.2179,0.2115,0.0833,0.1282
2535,2026-08-02,02:00,Sunday,Weekend,August,2,230.81,1.545,0.3567,0.3567,0.0285,0.0428,0.1962,0.0892
2536,2026-07-19,13:00,Sunday,Weekend,July,13,229.3,7.523,1.7251,1.7251,0.5175,0.5865,0.2243,0.3968
2537,2026-03-20,09:00,Friday,Weekday,March,9,229.72,3.925,0.9016,0.9016,0.3787,0.1803,0.1172,0.2254
2538,2026-12-09,21:00,Wednesday,Weekday,December,21,229.7,10.002,2.2975,2.2975,0.7811,0.7582,0.2987,0.4595
2539,2026-12-10,06:00,Thursday,Weekday,December,6,231.97,2.666,0.6185,0.6185,0.2598,0.1237,0.0804,0.1546
2540,2026-06-22,16:00,Monday,Weekday,June,16,231.34,3.736,0.8642,0.8642,0.2593,0.2938,0.1123,0.1988
2541,2026-03-10,05:00,Tuesday,Weekday,March,5,227.34,1.183,0.2688,0.2688,0.0215,0.0323,0.1479,0.0672
2542,2026-03-28,22:00,Saturday,Weekend,March,22,227.07,4.166,0.946,0.946,0.3216,0.3122,0.123,0.1892
2543,2026-04-11,21:00,Saturday,Weekend,April,21,225.29,7.191,1.6201,1.6201,0.5508,0.5346,0.2106,0.324
2544,2026-01-08,03:00,Thursday,Weekday,January,3,229.39,1.423,0.3264,0.3264,0.0261,0.0392,0.1795,0.0816
2545,2026-11-29,16:00,Sunday,Weekend,November,16,235.29,5.44,1.2799,1.2799,0.384,0.4352,0.1664,0.2944
2546,2026-07-19,08:00,Sunday,Weekend,July,8,229.88,5.206,1.1967,1.1967,0.5026,0.2393,0.1556,0.2992
2547,2026-03-28,03:00,Saturday,Weekend,March,3,235.25,1.055,0.2481,0.2481,0.0198,0.0298,0.1365,0.062
2548,2026-02-12,06:00,Thursday,Weekday,February,6,229.92,2.844,0.654,0.654,0.2747,0.1308,0.085,0.1635
2549,2026-04-19,22:00,Sunday,Weekend,April,22,230.4,4.795,1.1047,1.1047,0.3756,0.3646,0.1436,0.2209
2550,2026-06-01,01:00,Monday,Weekday,June,1,231.49,1.601,0.3706,0.3706,0.0296,0.0445,0.2038,0.0926
2551,2026-01-17,16:00,Saturday,Weekend,January,16,227.0,6.708,1.5228,1.5228,0.4568,0.5177,0.198,0.3502
2552,2026-05-13,23:00,Wednesday,Weekday,May,23,230.57,2.098,0.4838,0.4838,0.1645,0.1597,0.0629,0.0968
2553,2026-05-28,07:00,Thursday,Weekday,May,7,225.74,4.071,0.9191,0.9191,0.386,0.1838,0.1195,0.2298
2554,2026-10-04,22:00,Sunday,Weekend,October,22,227.78,6.455,1.4703,1.4703,0.4999,0.4852,0.1911,0.2941
2555,2026-08-20,14:00,Thursday,Weekday,August,14,225.8,3.685,0.8321,0.8321,0.2496,0.2829,0.1082,0.1914
2556,2026-11-10,14:00,Tuesday,Weekday,November,14,231.81,2.653,0.6151,0.6151,0.1845,0.2091,0.08,0.1415
2557,2026-08-16,07:00,Sunday,Weekend,August,7,226.59,2.94,0.6662,0.6662,0.2798,0.1332,0.0866,0.1666
2558,2026-05-19,15:00,Tuesday,Weekday,May,15,233.53,2.738,0.6394,0.6394,0.1918,0.2174,0.0831,0.1471
2559,2026-07-30,18:00,Thursday,Weekday,July,18,230.08,11.945,2.7483,2.7483,0.9344,0.9069,0.3573,0.5497
2560,2026-01-28,10:00,Wednesday,Weekday,January,10,232.4,2.915,0.6775,0.6775,0.2033,0.2304,0.0881,0.1558
2561,2026-02-20,01:00,Friday,Weekday,February,1,228.38,1.51,0.3449,0.3449,0.0276,0.0414,0.1897,0.0862
2562,2026-09-18,22:00,Friday,Weekday,September,22,227.19,4.382,0.9955,0.9955,0.3385,0.3285,0.1294,0.1991
2563,2026-09-18,23:00,Friday,Weekday,September,23,229.13,2.568,0.5885,0.5885,0.2001,0.1942,0.0765,0.1177
2564,2026-12-16,16:00,Wednesday,Weekday,December,16,232.66,4.356,1.0134,1.0134,0.304,0.3446,0.1317,0.2331
2565,2026-12-18,15:00,Friday,Weekday,December,15,235.29,4.341,1.0213,1.0213,0.3064,0.3472,0.1328,0.2349
2566,2026-01-08,14:00,Thursday,Weekday,January,14,231.27,3.329,0.77,0.77,0.231,0.2618,0.1001,0.1771
2567,2026-11-16,12:00,Monday,Weekday,November,12,226.71,4.24,0.9612,0.9612,0.2884,0.3268,0.125,0.2211
2568,2026-05-18,14:00,Monday,Weekday,May,14,227.57,2.621,0.5964,0.5964,0.1789,0.2028,0.0775,0.1372
2569,2026-02-07,03:00,Saturday,Weekend,February,3,226.28,0.916,0.2073,0.2073,0.0166,0.0249,0.114,0.0518
2570,2026-04-21,15:00,Tuesday,Weekday,April,15,229.68,2.731,0.6272,0.6272,0.1882,0.2132,0.0815,0.1443
2571,2026-08-08,11:00,Saturday,Weekend,August,11,229.31,5.277,1.2101,1.2101,0.363,0.4114,0.1573,0.2783
2572,2026-12-03,03:00,Thursday,Weekday,December,3,229.66,1.309,0.3006,0.3006,0.024,0.0361,0.1653,0.0752
2573,2026-08-11,02:00,Tuesday,Weekday,August,2,227.32,1.529,0.3476,0.3476,0.0278,0.0417,0.1912,0.0869
2574,2026-05-16,21:00,Saturday,Weekend,May,21,225.39,6.893,1.5537,1.5537,0.5282,0.5127,0.202,0.3107
2575,2026-09-13,16:00,Sunday,Weekend,September,16,230.24,4.047,0.9317,0.9317,0.2795,0.3168,0.1211,0.2143
2576,2026-12-26,21:00,Saturday,Weekend,December,21,229.4,9.55,2.1908,2.1908,0.7449,0.723,0.2848,0.4382
2577,2026-11-25,17:00,Wednesday,Weekday,November,17,227.04,6.171,1.401,1.401,0.4763,0.4623,0.1821,0.2802
2578,2026-02-18,17:00,Wednesday,Weekday,February,17,231.09,6.96,1.6084,1.6084,0.5469,0.5308,0.2091,0.3217
2579,2026-10-19,22:00,Monday,Weekday,October,22,232.37,3.286,0.7635,0.7635,0.2596,0.2519,0.0993,0.1527
2580,2026-11-20,16:00,Friday,Weekday,November,16,224.17,3.888,0.8716,0.8716,0.2615,0.2964,0.1133,0.2005
2581,2026-03-19,11:00,Thursday,Weekday,March,11,233.94,3.331,0.7791,0.7791,0.2337,0.2649,0.1013,0.1792
2582,2026-04-15,22:00,Wednesday,Weekday,April,22,231.76,3.891,0.9017,0.9017,0.3066,0.2976,0.1172,0.1803
2583,2026-06-18,20:00,Thursday,Weekday,June,20,229.44,10.215,2.3438,2.3438,0.7969,0.7735,0.3047,0.4688
2584,2026-08-05,23:00,Wednesday,Weekday,August,23,227.45,3.647,0.8294,0.8294,0.282,0.2737,0.1078,0.1659
2585,2026-04-29,03:00,Wednesday,Weekday,April,3,231.97,1.325,0.3074,0.3074,0.0246,0.0369,0.1691,0.0769
2586,2026-07-09,11:00,Thursday,Weekday,July,11,232.26,3.81,0.885,0.885,0.2655,0.3009,0.1151,0.2036
2587,2026-09-12,22:00,Saturday,Weekend,September,22,228.37,4.0,0.9135,0.9135,0.3106,0.3014,0.1187,0.1827
2588,2026-09-23,21:00,Wednesday,Weekday,September,21,230.79,6.972,1.609,1.609,0.547,0.531,0.2092,0.3218
2589,2026-05-29,20:00,Friday,Weekday,May,20,227.45,14.86,3.3799,3.3799,1.1492,1.1154,0.4394,0.676
2590,2026-06-13,19:00,Saturday,Weekend,June,19,226.59,17.602,3.9883,3.9883,1.356,1.3161,0.5185,0.7977
2591,2026-05-20,14:00,Wednesday,Weekday,May,14,229.51,2.732,0.627,0.627,0.1881,0.2132,0.0815,0.1442
2592,2026-12-13,22:00,Sunday,Weekend,December,22,230.42,5.041,1.1617,1.1617,0.395,0.3833,0.151,0.2323
2593,2026-09-15,15:00,Tuesday,Weekday,September,15,229.24,3.782,0.867,0.867,0.2601,0.2948,0.1127,0.1994
2594,2026-09-26,04:00,Saturday,Weekend,September,4,228.02,1.235,0.2816,0.2816,0.0225,0.0338,0.1549,0.0704
2595,2026-06-30,20:00,Tuesday,Weekday,June,20,228.52,9.98,2.2807,2.2807,0.7754,0.7526,0.2965,0.4561
2596,2026-06-09,14:00,Tuesday,Weekday,June,14,231.4,2.973,0.6879,0.6879,0.2064,0.2339,0.0894,0.1582
2597,2026-12-17,16:00,Thursday,Weekday,December,16,230.37,4.083,0.9405,0.9405,0.2822,0.3198,0.1223,0.2163
2598,2026-10-15,17:00,Thursday,Weekday,October,17,225.96,5.644,1.2753,1.2753,0.4336,0.4208,0.1658,0.2551
2599,2026-10-15,04:00,Thursday,Weekday,October,4,228.54,1.262,0.2884,0.2884,0.0231,0.0346,0.1586,0.0721
2600,2026-08-14,12:00,Friday,Weekday,August,12,227.89,5.332,1.2152,1.2152,0.3646,0.4132,0.158,0.2795
2601,2026-01-11,18:00,Sunday,Weekend,January,18,231.87,11.899,2.7591,2.7591,0.9381,0.9105,0.3587,0.5518
2602,2026-01-10,12:00,Saturday,Weekend,January,12,228.57,6.677,1.5263,1.5263,0.4579,0.5189,0.1984,0.351
2603,2026-09-28,17:00,Monday,Weekday,September,17,229.3,5.021,1.1512,1.1512,0.3914,0.3799,0.1497,0.2302
2604,2026-09-30,13:00,Wednesday,Weekday,September,13,228.6,3.077,0.7035,0.7035,0.211,0.2392,0.0915,0.1618
2605,2026-07-02,03:00,Thursday,Weekday,July,3,229.69,1.272,0.2921,0.2921,0.0234,0.0351,0.1607,0.073
2606,2026-06-02,03:00,Tuesday,Weekday,June,3,231.88,1.313,0.3044,0.3044,0.0244,0.0365,0.1674,0.0761
2607,2026-11-11,19:00,Wednesday,Weekday,November,19,224.5,9.522,2.1376,2.1376,0.7268,0.7054,0.2779,0.4275
2608,2026-11-30,19:00,Monday,Weekday,November,19,228.06,9.667,2.2048,2.2048,0.7496,0.7276,0.2866,0.441
2609,2026-05-04,18:00,Monday,Weekday,May,18,226.63,6.896,1.5628,1.5628,0.5313,0.5157,0.2032,0.3126
2610,2026-04-24,12:00,Friday,Weekday,April,12,231.08,4.982,1.1513,1.1513,0.3454,0.3914,0.1497,0.2648
2611,2026-10-05,11:00,Monday,Weekday,October,11,232.0,3.036,0.7044,0.7044,0.2113,0.2395,0.0916,0.162
2612,2026-08-01,06:00,Saturday,Weekend,August,6,228.26,3.431,0.7831,0.7831,0.3289,0.1566,0.1018,0.1958
2613,2026-06-21,11:00,Sunday,Weekend,June,11,226.58,6.046,1.37,1.37,0.411,0.4658,0.1781,0.3151
2614,2026-10-15,20:00,Thursday,Weekday,October,20,229.01,8.006,1.8334,1.8334,0.6234,0.605,0.2383,0.3667
2615,2026-06-23,03:00,Tuesday,Weekday,June,3,233.22,1.242,0.2897,0.2897,0.0232,0.0348,0.1594,0.0724
2616,2026-04-23,01:00,Thursday,Weekday,April,1,232.09,1.05,0.2438,0.2438,0.0195,0.0293,0.1341,0.061
2617,2026-05-02,01:00,Saturday,Weekend,May,1,229.06,1.042,0.2386,0.2386,0.0191,0.0286,0.1312,0.0596
2618,2026-02-01,04:00,Sunday,Weekend,February,4,228.41,1.189,0.2715,0.2715,0.0217,0.0326,0.1493,0.0679
2619,2026-08-10,22:00,Monday,Weekday,August,22,228.6,5.591,1.278,1.278,0.4345,0.4217,0.1661,0.2556
2620,2026-04-29,09:00,Wednesday,Weekday,April,9,226.76,2.373,0.5381,0.5381,0.226,0.1076,0.0699,0.1345
2621,2026-02-08,09:00,Sunday,Weekend,February,9,231.96,5.549,1.2871,1.2871,0.5406,0.2574,0.1673,0.3218
2622,2026-09-25,08:00,Friday,Weekday,September,8,232.42,4.843,1.1255,1.1255,0.4727,0.2251,0.1463,0.2814
2623,2026-08-21,12:00,Friday,Weekday,August,12,229.03,4.933,1.1298,1.1298,0.339,0.3841,0.1469,0.2599
2624,2026-01-18,06:00,Sunday,Weekend,January,6,228.75,2.059,0.4711,0.4711,0.1978,0.0942,0.0612,0.1178
2625,2026-05-29,04:00,Friday,Weekday,May,4,228.25,1.399,0.3193,0.3193,0.0255,0.0383,0.1756,0.0798
2626,2026-05-29,09:00,Friday,Weekday,May,9,228.87,3.266,0.7476,0.7476,0.314,0.1495,0.0972,0.1869
2627,2026-05-06,09:00,Wednesday,Weekday,May,9,228.16,4.126,0.9414,0.9414,0.3954,0.1883,0.1224,0.2353
2628,2026-10-29,05:00,Thursday,Weekday,October,5,229.61,1.388,0.3187,0.3187,0.0255,0.0382,0.1753,0.0797
2629,2026-12-26,18:00,Saturday,Weekend,December,18,229.55,7.518,1.7257,1.7257,0.5867,0.5695,0.2243,0.3451
2630,2026-08-26,20:00,Wednesday,Weekday,August,20,230.88,7.23,1.6692,1.6692,0.5675,0.5508,0.217,0.3338
2631,2026-05-15,07:00,Friday,Weekday,May,7,227.9,4.827,1.1002,1.1002,0.4621,0.22,0.143,0.275
2632,2026-05-31,00:00,Sunday,Weekend,May,0,230.38,0.957,0.2205,0.2205,0.0176,0.0265,0.1213,0.0551
2633,2026-08-24,16:00,Monday,Weekday,August,16,231.62,4.921,1.1397,1.1397,0.3419,0.3875,0.1482,0.2621
2634,2026-08-12,06:00,Wednesday,Weekday,August,6,227.65,3.234,0.7362,0.7362,0.3092,0.1472,0.0957,0.1841
2635,2026-07-22,13:00,Wednesday,Weekday,July,13,230.35,5.235,1.2059,1.2059,0.3618,0.41,0.1568,0.2773
2636,2026-09-13,20:00,Sunday,Weekend,September,20,231.78,10.637,2.4654,2.4654,0.8382,0.8136,0.3205,0.4931
2637,2026-03-27,20:00,Friday,Weekday,March,20,227.0,8.067,1.8312,1.8312,0.6226,0.6043,0.2381,0.3662
2638,2026-05-30,16:00,Saturday,Weekend,May,16,224.96,3.387,0.7619,0.7619,0.2286,0.259,0.099,0.1752
2639,2026-08-23,08:00,Sunday,Weekend,August,8,223.71,4.321,0.9667,0.9667,0.406,0.1933,0.1257,0.2417
2640,2026-12-11,16:00,Friday,Weekday,December,16,230.78,8.918,2.058,2.058,0.6174,0.6997,0.2675,0.4734
2641,2026-01-22,04:00,Thursday,Weekday,January,4,230.27,1.579,0.3636,0.3636,0.0291,0.0436,0.2,0.0909
2642,2026-12-14,19:00,Monday,Weekday,December,19,228.06,11.313,2.5801,2.5801,0.8772,0.8514,0.3354,0.516
2643,2026-10-12,07:00,Monday,Weekday,October,7,231.22,4.153,0.9602,0.9602,0.4033,0.192,0.1248,0.2401
2644,2026-09-26,05:00,Saturday,Weekend,September,5,226.3,1.427,0.323,0.323,0.0258,0.0388,0.1776,0.0807
2645,2026-09-15,10:00,Tuesday,Weekday,September,10,227.98,3.47,0.791,0.791,0.2373,0.2689,0.1028,0.1819
2646,2026-01-29,18:00,Thursday,Weekday,January,18,228.36,8.178,1.8676,1.8676,0.635,0.6163,0.2428,0.3735
2647,2026-08-01,03:00,Saturday,Weekend,August,3,231.84,1.366,0.3166,0.3166,0.0253,0.038,0.1741,0.0791
2648,2026-10-10,17:00,Saturday,Weekend,October,17,229.36,9.125,2.0929,2.0929,0.7116,0.6907,0.2721,0.4186
2649,2026-02-19,00:00,Thursday,Weekday,February,0,226.42,1.638,0.3709,0.3709,0.0297,0.0445,0.204,0.0927
2650,2026-04-05,12:00,Sunday,Weekend,April,12,230.85,5.029,1.161,1.161,0.3483,0.3947,0.1509,0.267
2651,2026-03-29,13:00,Sunday,Weekend,March,13,230.13,4.854,1.1171,1.1171,0.3351,0.3798,0.1452,0.2569
2652,2026-02-13,23:00,Friday,Weekday,February,23,227.35,2.658,0.6043,0.6043,0.2055,0.1994,0.0786,0.1209
2653,2026-10-05,00:00,Monday,Weekday,October,0,225.04,1.376,0.3096,0.3096,0.0248,0.0372,0.1703,0.0774
2654,2026-06-20,10:00,Saturday,Weekend,June,10,231.43,4.754,1.1002,1.1002,0.3301,0.3741,0.143,0.253
2655,2026-07-08,16:00,Wednesday,Weekday,July,16,228.46,4.043,0.9237,0.9237,0.2771,0.3141,0.1201,0.2124
2656,2026-12-19,03:00,Saturday,Weekend,December,3,230.47,1.254,0.289,0.289,0.0231,0.0347,0.1589,0.0722
2657,2026-07-03,11:00,Friday,Weekday,July,11,230.37,5.037,1.1604,1.1604,0.3481,0.3945,0.1509,0.2669
2658,2026-01-03,09:00,Saturday,Weekend,January,9,227.13,5.206,1.1825,1.1825,0.4966,0.2365,0.1537,0.2956
2659,2026-07-10,05:00,Friday,Weekday,July,5,231.04,2.071,0.4784,0.4784,0.0383,0.0574,0.2631,0.1196
2660,2026-04-28,00:00,Tuesday,Weekday,April,0,227.85,1.911,0.4355,0.4355,0.0348,0.0523,0.2395,0.1089
2661,2026-01-19,06:00,Monday,Weekday,January,6,226.26,3.869,0.8754,0.8754,0.3677,0.1751,0.1138,0.2189
2662,2026-01-23,20:00,Friday,Weekday,January,20,223.71,8.134,1.8197,1.8197,0.6187,0.6005,0.2366,0.3639
2663,2026-01-30,15:00,Friday,Weekday,January,15,229.99,4.177,0.9606,0.9606,0.2882,0.3266,0.1249,0.2209
2664,2026-10-22,23:00,Thursday,Weekday,October,23,233.99,1.878,0.4394,0.4394,0.1494,0.145,0.0571,0.0879
2665,2026-04-18,13:00,Saturday,Weekend,April,13,230.1,5.179,1.1916,1.1916,0.3575,0.4052,0.1549,0.2741
2666,2026-10-08,22:00,Thursday,Weekday,October,22,234.46,3.493,0.8191,0.8191,0.2785,0.2703,0.1065,0.1638
2667,2026-05-08,19:00,Friday,Weekday,May,19,233.39,7.699,1.7969,1.7969,0.611,0.593,0.2336,0.3594
2668,2026-08-17,19:00,Monday,Weekday,August,19,229.52,12.417,2.8499,2.8499,0.969,0.9405,0.3705,0.57
2669,2026-04-21,05:00,Tuesday,Weekday,April,5,233.94,1.477,0.3456,0.3456,0.0276,0.0415,0.1901,0.0864
2670,2026-05-16,21:00,Saturday,Weekend,May,21,233.65,5.202,1.2155,1.2155,0.4133,0.4011,0.158,0.2431
2671,2026-12-28,04:00,Monday,Weekday,December,4,232.95,1.743,0.4059,0.4059,0.0325,0.0487,0.2233,0.1015
2672,2026-07-05,23:00,Sunday,Weekend,July,23,225.29,2.8,0.6308,0.6308,0.2145,0.2082,0.082,0.1262
2673,2026-05-24,20:00,Sunday,Weekend,May,20,227.05,11.069,2.5132,2.5132,0.8545,0.8294,0.3267,0.5026
2674,2026-03-13,17:00,Friday,Weekday,March,17,228.27,5.724,1.3065,1.3065,0.4442,0.4311,0.1698,0.2613
2675,2026-05-09,14:00,Saturday,Weekend,May,14,232.93,4.194,0.9769,0.9769,0.2931,0.3321,0.127,0.2247
2676,2026-12-30,05:00,Wednesday,Weekday,December,5,229.23,1.747,0.4004,0.4004,0.032,0.048,0.2202,0.1001
2677,2026-09-18,18:00,Friday,Weekday,September,18,232.51,8.126,1.8895,1.8895,0.6424,0.6235,0.2456,0.3779
2678,2026-01-03,00:00,Saturday,Weekend,January,0,230.25,1.331,0.3066,0.3066,0.0245,0.0368,0.1686,0.0766
2679,2026-04-14,00:00,Tuesday,Weekday,April,0,229.93,1.494,0.3435,0.3435,0.0275,0.0412,0.1889,0.0859
2680,2026-08-12,12:00,Wednesday,Weekday,August,12,229.05,4.395,1.0068,1.0068,0.302,0.3423,0.1309,0.2316
2681,2026-11-16,02:00,Monday,Weekday,November,2,229.54,1.204,0.2763,0.2763,0.0221,0.0332,0.152,0.0691
2682,2026-12-28,09:00,Monday,Weekday,December,9,230.67,3.615,0.8339,0.8339,0.3503,0.1668,0.1084,0.2085
2683,2026-12-20,20:00,Sunday,Weekend,December,20,228.91,9.55,2.186,2.186,0.7432,0.7214,0.2842,0.4372
2684,2026-01-10,02:00,Saturday,Weekend,January,2,228.84,1.186,0.2715,0.2715,0.0217,0.0326,0.1493,0.0679
2685,2026-10-29,08:00,Thursday,Weekday,October,8,228.99,5.985,1.3704,1.3704,0.5756,0.2741,0.1782,0.3426
2686,2026-08-19,07:00,Wednesday,Weekday,August,7,234.55,5.247,1.2306,1.2306,0.5168,0.2461,0.16,0.3076
2687,2026-08-07,02:00,Friday,Weekday,August,2,234.99,1.566,0.368,0.368,0.0294,0.0442,0.2024,0.092
2688,2026-03-07,12:00,Saturday,Weekend,March,12,228.82,5.856,1.3399,1.3399,0.402,0.4556,0.1742,0.3082
2689,2026-04-22,05:00,Wednesday,Weekday,April,5,232.12,1.697,0.394,0.394,0.0315,0.0473,0.2167,0.0985
2690,2026-01-13,12:00,Tuesday,Weekday,January,12,227.93,5.829,1.3285,1.3285,0.3986,0.4517,0.1727,0.3056
2691,2026-03-27,22:00,Friday,Weekday,March,22,229.18,4.276,0.98,0.98,0.3332,0.3234,0.1274,0.196
2692,2026-08-22,19:00,Saturday,Weekend,August,19,224.32,13.794,3.0944,3.0944,1.0521,1.0212,0.4023,0.6189
2693,2026-03-31,19:00,Tuesday,Weekday,March,19,231.05,9.851,2.276,2.276,0.7738,0.7511,0.2959,0.4552
2694,2026-11-10,11:00,Tuesday,Weekday,November,11,231.21,4.654,1.076,1.076,0.3228,0.3658,0.1399,0.2475
2695,2026-02-23,12:00,Monday,Weekday,February,12,231.69,5.543,1.2842,1.2842,0.3853,0.4366,0.1669,0.2954
2696,2026-01-12,01:00,Monday,Weekday,January,1,232.22,3.676,0.8536,0.8536,0.0683,0.1024,0.4695,0.2134
2697,2026-07-28,20:00,Tuesday,Weekday,July,20,227.3,9.438,2.1454,2.1454,0.7294,0.708,0.2789,0.4291
2698,2026-01-14,23:00,Wednesday,Weekday,January,23,229.19,3.152,0.7224,0.7224,0.2456,0.2384,0.0939,0.1445
2699,2026-05-01,22:00,Friday,Weekday,May,22,231.11,2.604,0.6019,0.6019,0.2046,0.1986,0.0782,0.1204
2700,2026-01-20,15:00,Tuesday,Weekday,January,15,229.14,3.422,0.784,0.784,0.2352,0.2666,0.1019,0.1803
2701,2026-03-16,22:00,Monday,Weekday,March,22,230.17,4.055,0.9334,0.9334,0.3173,0.308,0.1213,0.1867
2702,2026-08-31,05:00,Monday,Weekday,August,5,228.0,1.758,0.4008,0.4008,0.0321,0.0481,0.2204,0.1002
2703,2026-08-11,18:00,Tuesday,Weekday,August,18,232.86,12.526,2.9169,2.9169,0.9917,0.9626,0.3792,0.5834
2704,2026-03-11,20:00,Wednesday,Weekday,March,20,230.85,7.905,1.8249,1.8249,0.6205,0.6022,0.2372,0.365
2705,2026-11-08,12:00,Sunday,Weekend,November,12,233.09,5.603,1.3061,1.3061,0.3918,0.4441,0.1698,0.3004
2706,2026-07-30,16:00,Thursday,Weekday,July,16,231.65,4.986,1.1551,1.1551,0.3465,0.3927,0.1502,0.2657
2707,2026-04-11,22:00,Saturday,Weekend,April,22,227.27,2.977,0.6766,0.6766,0.23,0.2233,0.088,0.1353
2708,2026-07-05,08:00,Sunday,Weekend,July,8,228.8,3.534,0.8085,0.8085,0.3396,0.1617,0.1051,0.2021
2709,2026-05-12,16:00,Tuesday,Weekday,May,16,228.25,3.155,0.7202,0.7202,0.2161,0.2449,0.0936,0.1656
2710,2026-04-21,01:00,Tuesday,Weekday,April,1,229.36,1.246,0.2858,0.2858,0.0229,0.0343,0.1572,0.0714
2711,2026-05-12,18:00,Tuesday,Weekday,May,18,231.51,7.241,1.6763,1.6763,0.5699,0.5532,0.2179,0.3353
2712,2026-01-20,18:00,Tuesday,Weekday,January,18,224.7,8.248,1.8532,1.8532,0.6301,0.6116,0.2409,0.3706
2713,2026-01-24,23:00,Saturday,Weekend,January,23,228.54,2.611,0.5968,0.5968,0.2029,0.1969,0.0776,0.1194
2714,2026-08-15,06:00,Saturday,Weekend,August,6,229.01,2.308,0.5286,0.5286,0.222,0.1057,0.0687,0.1321
2715,2026-06-03,21:00,Wednesday,Weekday,June,21,223.74,7.799,1.7448,1.7448,0.5932,0.5758,0.2268,0.349
2716,2026-10-20,09:00,Tuesday,Weekday,October,9,230.51,3.197,0.7369,0.7369,0.3095,0.1474,0.0958,0.1842
2717,2026-08-18,09:00,Tuesday,Weekday,August,9,229.15,4.592,1.0522,1.0522,0.4419,0.2104,0.1368,0.2631
2718,2026-11-06,19:00,Friday,Weekday,November,19,231.98,11.259,2.6118,2.6118,0.888,0.8619,0.3395,0.5224
2719,2026-12-25,08:00,Friday,Weekday,December,8,229.24,7.001,1.6049,1.6049,0.674,0.321,0.2086,0.4012
2720,2026-07-21,16:00,Tuesday,Weekday,July,16,231.15,4.463,1.0316,1.0316,0.3095,0.3507,0.1341,0.2373
2721,2026-02-07,14:00,Saturday,Weekend,February,14,230.29,4.307,0.992,0.992,0.2976,0.3373,0.129,0.2281
2722,2026-09-17,01:00,Thursday,Weekday,September,1,223.8,1.246,0.2789,0.2789,0.0223,0.0335,0.1534,0.0697
2723,2026-07-07,03:00,Tuesday,Weekday,July,3,226.41,1.715,0.3882,0.3882,0.0311,0.0466,0.2135,0.0971
2724,2026-02-26,18:00,Thursday,Weekday,February,18,230.42,8.696,2.0038,2.0038,0.6813,0.6613,0.2605,0.4008
2725,2026-01-20,16:00,Tuesday,Weekday,January,16,230.84,4.778,1.103,1.103,0.3309,0.375,0.1434,0.2537
2726,2026-09-30,04:00,Wednesday,Weekday,September,4,229.83,1.206,0.2773,0.2773,0.0222,0.0333,0.1525,0.0693
2727,2026-04-29,06:00,Wednesday,Weekday,April,6,233.33,2.516,0.5869,0.5869,0.2465,0.1174,0.0763,0.1467
2728,2026-03-12,17:00,Thursday,Weekday,March,17,231.27,5.731,1.3253,1.3253,0.4506,0.4374,0.1723,0.2651
2729,2026-01-04,20:00,Sunday,Weekend,January,20,233.27,10.183,2.3754,2.3754,0.8076,0.7839,0.3088,0.4751
2730,2026-08-09,21:00,Sunday,Weekend,August,21,221.66,14.118,3.1294,3.1294,1.064,1.0327,0.4068,0.6259
2731,2026-01-14,06:00,Wednesday,Weekday,January,6,234.34,3.806,0.8919,0.8919,0.3746,0.1784,0.1159,0.223
2732,2026-01-03,16:00,Saturday,Weekend,January,16,228.48,4.117,0.9407,0.9407,0.2822,0.3198,0.1223,0.2164
2733,2026-08-04,06:00,Tuesday,Weekday,August,6,230.06,3.316,0.7628,0.7628,0.3204,0.1526,0.0992,0.1907
2734,2026-08-17,03:00,Monday,Weekday,August,3,232.97,1.276,0.2972,0.2972,0.0238,0.0357,0.1635,0.0743
2735,2026-12-02,07:00,Wednesday,Weekday,December,7,224.71,5.213,1.1715,1.1715,0.492,0.2343,0.1523,0.2929
2736,2026-07-05,12:00,Sunday,Weekend,July,12,229.37,5.488,1.2587,1.2587,0.3776,0.428,0.1636,0.2895
2737,2026-02-24,03:00,Tuesday,Weekday,February,3,232.52,1.322,0.3073,0.3073,0.0246,0.0369,0.169,0.0768
2738,2026-09-11,05:00,Friday,Weekday,September,5,228.46,1.127,0.2575,0.2575,0.0206,0.0309,0.1416,0.0644
2739,2026-01-24,04:00,Saturday,Weekend,January,4,232.28,1.133,0.2631,0.2631,0.0211,0.0316,0.1447,0.0658
2740,2026-06-11,11:00,Thursday,Weekday,June,11,231.69,4.259,0.9868,0.9868,0.2961,0.3355,0.1283,0.227
2741,2026-06-07,03:00,Sunday,Weekend,June,3,230.42,0.976,0.2249,0.2249,0.018,0.027,0.1237,0.0562
2742,2026-03-23,23:00,Monday,Weekday,March,23,231.5,2.588,0.5992,0.5992,0.2037,0.1977,0.0779,0.1198
2743,2026-06-08,08:00,Monday,Weekday,June,8,233.24,6.053,1.4119,1.4119,0.593,0.2824,0.1835,0.353
2744,2026-07-07,03:00,Tuesday,Weekday,July,3,231.51,3.007,0.6961,0.6961,0.0557,0.0835,0.3829,0.174
2745,2026-03-01,18:00,Sunday,Weekend,March,18,231.24,8.481,1.9611,1.9611,0.6668,0.6472,0.2549,0.3922
2746,2026-11-01,23:00,Sunday,Weekend,November,23,227.8,2.579,0.5876,0.5876,0.1998,0.1939,0.0764,0.1175
2747,2026-11-15,13:00,Sunday,Weekend,November,13,231.45,3.338,0.7725,0.7725,0.2318,0.2627,0.1004,0.1777
2748,2026-07-30,04:00,Thursday,Weekday,July,4,231.22,1.488,0.3442,0.3442,0.0275,0.0413,0.1893,0.086
2749,2026-06-01,17:00,Monday,Weekday,June,17,232.81,5.598,1.3033,1.3033,0.4431,0.4301,0.1694,0.2607
2750,2026-04-19,09:00,Sunday,Weekend,April,9,227.11,4.476,1.0165,1.0165,0.4269,0.2033,0.1321,0.2541
2751,2026-03-17,18:00,Tuesday,Weekday,March,18,232.04,8.225,1.9086,1.9086,0.6489,0.6298,0.2481,0.3817
2752,2026-01-30,11:00,Friday,Weekday,January,11,227.8,4.976,1.1335,1.1335,0.34,0.3854,0.1474,0.2607
2753,2026-11-10,17:00,Tuesday,Weekday,November,17,235.85,5.536,1.3057,1.3057,0.4439,0.4309,0.1697,0.2611
2754,2026-04-27,16:00,Monday,Weekday,April,16,227.78,2.249,0.5123,0.5123,0.1537,0.1742,0.0666,0.1178
2755,2026-12-22,23:00,Tuesday,Weekday,December,23,227.08,6.2,1.408,1.408,0.4787,0.4646,0.183,0.2816
2756,2026-07-11,10:00,Saturday,Weekend,July,10,229.27,13.304,3.0503,3.0503,0.9151,1.0371,0.3965,0.7016
2757,2026-01-19,02:00,Monday,Weekday,January,2,232.62,2.013,0.4683,0.4683,0.0375,0.0562,0.2576,0.1171
2758,2026-06-22,22:00,Monday,Weekday,June,22,230.89,4.13,0.9536,0.9536,0.3242,0.3147,0.124,0.1907
2759,2026-08-16,16:00,Sunday,Weekend,August,16,234.2,4.684,1.0969,1.0969,0.3291,0.3729,0.1426,0.2523
2760,2026-12-16,00:00,Wednesday,Weekday,December,0,229.25,1.934,0.4435,0.4435,0.0355,0.0532,0.2439,0.1109
2761,2026-07-02,14:00,Thursday,Weekday,July,14,228.78,4.135,0.9461,0.9461,0.2838,0.3217,0.123,0.2176
2762,2026-04-23,08:00,Thursday,Weekday,April,8,228.16,5.563,1.2693,1.2693,0.5331,0.2539,0.165,0.3173
2763,2026-07-02,14:00,Thursday,Weekday,July,14,228.68,3.601,0.8235,0.8235,0.2471,0.28,0.1071,0.1894
2764,2026-05-26,23:00,Tuesday,Weekday,May,23,226.51,2.028,0.4593,0.4593,0.1562,0.1516,0.0597,0.0919
2765,2026-11-15,02:00,Sunday,Weekend,November,2,228.38,1.241,0.2833,0.2833,0.0227,0.034,0.1558,0.0708
2766,2026-04-26,21:00,Sunday,Weekend,April,21,226.49,7.755,1.7565,1.7565,0.5972,0.5796,0.2283,0.3513
2767,2026-04-23,18:00,Thursday,Weekday,April,18,231.45,7.265,1.6815,1.6815,0.5717,0.5549,0.2186,0.3363
2768,2026-09-08,12:00,Tuesday,Weekday,September,12,233.7,4.087,0.9552,0.9552,0.2866,0.3248,0.1242,0.2197
2769,2026-09-08,11:00,Tuesday,Weekday,September,11,230.55,4.253,0.9806,0.9806,0.2942,0.3334,0.1275,0.2255
2770,2026-10-30,19:00,Friday,Weekday,October,19,228.32,5.912,1.3499,1.3499,0.459,0.4455,0.1755,0.27
2771,2026-11-09,00:00,Monday,Weekday,November,0,231.86,1.288,0.2987,0.2987,0.0239,0.0358,0.1643,0.0747
2772,2026-04-28,20:00,Tuesday,Weekday,April,20,229.26,8.666,1.9869,1.9869,0.6755,0.6557,0.2583,0.3974
2773,2026-10-28,16:00,Wednesday,Weekday,October,16,232.54,3.508,0.8157,0.8157,0.2447,0.2773,0.106,0.1876
2774,2026-06-10,12:00,Wednesday,Weekday,June,12,227.64,6.015,1.3692,1.3692,0.4108,0.4655,0.178,0.3149
2775,2026-07-17,00:00,Friday,Weekday,July,0,227.81,2.029,0.4623,0.4623,0.037,0.0555,0.2543,0.1156
2776,2026-09-17,09:00,Thursday,Weekday,September,9,231.82,3.779,0.8759,0.8759,0.3679,0.1752,0.1139,0.219
2777,2026-05-28,14:00,Thursday,Weekday,May,14,229.95,2.373,0.5456,0.5456,0.1637,0.1855,0.0709,0.1255
2778,2026-08-28,06:00,Friday,Weekday,August,6,232.32,3.366,0.782,0.782,0.3284,0.1564,0.1017,0.1955
2779,2026-02-16,21:00,Monday,Weekday,February,21,227.2,9.358,2.1261,2.1261,0.7229,0.7016,0.2764,0.4252
2780,2026-07-17,17:00,Friday,Weekday,July,17,228.37,6.997,1.5979,1.5979,0.5433,0.5273,0.2077,0.3196
2781,2026-02-16,15:00,Monday,Weekday,February,15,231.37,3.878,0.8973,0.8973,0.2692,0.3051,0.1167,0.2064
2782,2026-03-19,13:00,Thursday,Weekday,March,13,226.16,3.833,0.8669,0.8669,0.2601,0.2947,0.1127,0.1994
2783,2026-05-04,17:00,Monday,Weekday,May,17,229.99,4.547,1.0457,1.0457,0.3555,0.3451,0.1359,0.2091
2784,2026-03-16,06:00,Monday,Weekday,March,6,224.96,2.997,0.6742,0.6742,0.2831,0.1348,0.0876,0.1685
2785,2026-12-25,16:00,Friday,Weekday,December,16,233.67,4.127,0.9644,0.9644,0.2893,0.3279,0.1254,0.2218
2786,2026-05-17,17:00,Sunday,Weekend,May,17,226.71,6.483,1.4698,1.4698,0.4997,0.485,0.1911,0.294
2787,2026-03-31,11:00,Tuesday,Weekday,March,11,229.53,4.917,1.1286,1.1286,0.3386,0.3837,0.1467,0.2596
2788,2026-11-21,07:00,Saturday,Weekend,November,7,229.99,2.786,0.6408,0.6408,0.2691,0.1282,0.0833,0.1602
2789,2026-03-02,21:00,Monday,Weekday,March,21,227.59,5.626,1.2805,1.2805,0.4354,0.4226,0.1665,0.2561
2790,2026-05-18,01:00,Monday,Weekday,May,1,234.62,1.242,0.2915,0.2915,0.0233,0.035,0.1603,0.0729
2791,2026-02-19,06:00,Thursday,Weekday,February,6,228.27,3.324,0.7587,0.7587,0.3187,0.1517,0.0986,0.1897
2792,2026-09-16,03:00,Wednesday,Weekday,September,3,229.33,1.394,0.3196,0.3196,0.0256,0.0384,0.1758,0.0799
2793,2026-04-17,17:00,Friday,Weekday,April,17,228.28,5.445,1.2431,1.2431,0.4226,0.4102,0.1616,0.2486
2794,2026-04-23,05:00,Thursday,Weekday,April,5,228.26,1.691,0.3861,0.3861,0.0309,0.0463,0.2123,0.0965
2795,2026-12-16,08:00,Wednesday,Weekday,December,8,229.73,5.583,1.2826,1.2826,0.5387,0.2565,0.1667,0.3207
2796,2026-09-11,08:00,Friday,Weekday,September,8,231.76,5.001,1.1591,1.1591,0.4868,0.2318,0.1507,0.2898
2797,2026-04-28,13:00,Tuesday,Weekday,April,13,230.4,2.796,0.6442,0.6442,0.1933,0.219,0.0837,0.1482
2798,2026-07-17,07:00,Friday,Weekday,July,7,228.1,5.576,1.2719,1.2719,0.5342,0.2544,0.1654,0.318
2799,2026-12-03,18:00,Thursday,Weekday,December,18,227.44,7.461,1.697,1.697,0.577,0.56,0.2206,0.3394
2800,2026-12-31,02:00,Thursday,Weekday,December,2,226.58,1.266,0.2868,0.2868,0.0229,0.0344,0.1577,0.0717
2801,2026-02-20,17:00,Friday,Weekday,February,17,231.45,8.697,2.0129,2.0129,0.6844,0.6643,0.2617,0.4026
2802,2026-09-02,04:00,Wednesday,Weekday,September,4,228.74,1.475,0.3374,0.3374,0.027,0.0405,0.1855,0.0843
2803,2026-02-04,13:00,Wednesday,Weekday,February,13,228.87,4.141,0.9478,0.9478,0.2843,0.3222,0.1232,0.218
2804,2026-10-29,03:00,Thursday,Weekday,October,3,225.13,0.976,0.2197,0.2197,0.0176,0.0264,0.1208,0.0549
2805,2026-03-10,06:00,Tuesday,Weekday,March,6,228.73,2.586,0.5914,0.5914,0.2484,0.1183,0.0769,0.1479
2806,2026-12-15,19:00,Tuesday,Weekday,December,19,232.42,12.058,2.8025,2.8025,0.9529,0.9248,0.3643,0.5605
2807,2026-11-16,11:00,Monday,Weekday,November,11,231.53,4.01,0.9285,0.9285,0.2786,0.3157,0.1207,0.2136
2808,2026-02-18,01:00,Wednesday,Weekday,February,1,232.77,1.627,0.3787,0.3787,0.0303,0.0454,0.2083,0.0947
2809,2026-03-15,10:00,Sunday,Weekend,March,10,230.29,4.136,0.9525,0.9525,0.2858,0.3239,0.1238,0.2191
2810,2026-07-11,13:00,Saturday,Weekend,July,13,223.45,6.528,1.4586,1.4586,0.4376,0.4959,0.1896,0.3355
2811,2026-09-18,21:00,Friday,Weekday,September,21,230.17,5.831,1.342,1.342,0.4563,0.4429,0.1745,0.2684
2812,2026-12-22,22:00,Tuesday,Weekday,December,22,230.5,10.021,2.3099,2.3099,0.7854,0.7623,0.3003,0.462
2813,2026-03-11,15:00,Wednesday,Weekday,March,15,232.24,2.541,0.59,0.59,0.177,0.2006,0.0767,0.1357
2814,2026-03-31,19:00,Tuesday,Weekday,March,19,229.48,8.07,1.8519,1.8519,0.6296,0.6111,0.2407,0.3704
2815,2026-09-17,05:00,Thursday,Weekday,September,5,228.07,1.831,0.4176,0.4176,0.0334,0.0501,0.2297,0.1044
2816,2026-05-06,22:00,Wednesday,Weekday,May,22,229.75,3.195,0.7341,0.7341,0.2496,0.2422,0.0954,0.1468
2817,2026-08-19,03:00,Wednesday,Weekday,August,3,229.14,1.768,0.4052,0.4052,0.0324,0.0486,0.2229,0.1013
2818,2026-10-22,14:00,Thursday,Weekday,October,14,231.31,2.853,0.66,0.66,0.198,0.2244,0.0858,0.1518
2819,2026-05-09,23:00,Saturday,Weekend,May,23,229.76,1.874,0.4307,0.4307,0.1464,0.1421,0.056,0.0861
2820,2026-10-07,00:00,Wednesday,Weekday,October,0,227.52,1.531,0.3482,0.3482,0.0279,0.0418,0.1915,0.0871
2821,2026-11-09,06:00,Monday,Weekday,November,6,231.42,2.385,0.552,0.552,0.2318,0.1104,0.0718,0.138
2822,2026-04-10,11:00,Friday,Weekday,April,11,228.15,3.73,0.8511,0.8511,0.2553,0.2894,0.1106,0.1958
2823,2026-11-22,09:00,Sunday,Weekend,November,9,229.21,4.816,1.1039,1.1039,0.4636,0.2208,0.1435,0.276
2824,2026-10-24,04:00,Saturday,Weekend,October,4,228.84,0.883,0.2021,0.2021,0.0162,0.0243,0.1112,0.0505
2825,2026-07-01,11:00,Wednesday,Weekday,July,11,230.59,5.23,1.2061,1.2061,0.3618,0.4101,0.1568,0.2774
2826,2026-06-23,17:00,Tuesday,Weekday,June,17,226.57,6.554,1.4849,1.4849,0.5049,0.49,0.193,0.297
2827,2026-11-12,09:00,Thursday,Weekday,November,9,230.08,3.532,0.8126,0.8126,0.3413,0.1625,0.1056,0.2031
2828,2026-12-30,05:00,Wednesday,Weekday,December,5,232.7,1.549,0.3605,0.3605,0.0288,0.0433,0.1983,0.0901
2829,2026-07-07,11:00,Tuesday,Weekday,July,11,230.24,2.908,0.6695,0.6695,0.2008,0.2276,0.087,0.154
2830,2026-02-26,06:00,Thursday,Weekday,February,6,228.33,3.211,0.7332,0.7332,0.308,0.1466,0.0953,0.1833
2831,2026-01-31,17:00,Saturday,Weekend,January,17,226.61,10.294,2.3328,2.3328,0.7931,0.7698,0.3033,0.4666
2832,2026-03-25,01:00,Wednesday,Weekday,March,1,230.74,1.124,0.2594,0.2594,0.0208,0.0311,0.1427,0.0649
2833,2026-06-01,09:00,Monday,Weekday,June,9,231.4,4.666,1.0797,1.0797,0.4535,0.2159,0.1404,0.2699
2834,2026-02-05,14:00,Thursday,Weekday,February,14,233.76,3.941,0.9212,0.9212,0.2764,0.3132,0.1198,0.2119
2835,2026-08-01,11:00,Saturday,Weekend,August,11,225.94,5.291,1.1954,1.1954,0.3586,0.4064,0.1554,0.2749
2836,2026-12-30,16:00,Wednesday,Weekday,December,16,230.66,4.575,1.0553,1.0553,0.3166,0.3588,0.1372,0.2427
2837,2026-04-16,03:00,Thursday,Weekday,April,3,230.46,1.165,0.2685,0.2685,0.0215,0.0322,0.1477,0.0671
2838,2026-12-08,06:00,Tuesday,Weekday,December,6,229.83,3.635,0.8354,0.8354,0.3509,0.1671,0.1086,0.2089
2839,2026-08-08,08:00,Saturday,Weekend,August,8,230.89,3.375,0.7792,0.7792,0.3273,0.1558,0.1013,0.1948
2840,2026-06-12,18:00,Friday,Weekday,June,18,228.72,8.431,1.9284,1.9284,0.6557,0.6364,0.2507,0.3857
2841,2026-08-08,22:00,Saturday,Weekend,August,22,227.5,4.988,1.1349,1.1349,0.3859,0.3745,0.1475,0.227
2842,2026-09-27,06:00,Sunday,Weekend,September,6,230.53,1.831,0.4222,0.4222,0.1773,0.0844,0.0549,0.1056
2843,2026-04-30,22:00,Thursday,Weekday,April,22,231.62,3.301,0.7646,0.7646,0.26,0.2523,0.0994,0.1529
2844,2026-12-02,01:00,Wednesday,Weekday,December,1,229.88,2.112,0.4854,0.4854,0.0388,0.0583,0.267,0.1214
2845,2026-07-01,05:00,Wednesday,Weekday,July,5,232.65,1.919,0.4465,0.4465,0.0357,0.0536,0.2456,0.1116
2846,2026-04-16,17:00,Thursday,Weekday,April,17,229.41,5.364,1.2305,1.2305,0.4184,0.4061,0.16,0.2461
2847,2026-08-05,05:00,Wednesday,Weekday,August,5,231.15,1.549,0.358,0.358,0.0286,0.043,0.1969,0.0895
2848,2026-07-24,12:00,Friday,Weekday,July,12,226.05,4.719,1.0667,1.0667,0.32,0.3627,0.1387,0.2454
2849,2026-03-11,18:00,Wednesday,Weekday,March,18,234.5,8.519,1.9977,1.9977,0.6792,0.6592,0.2597,0.3995
2850,2026-02-13,01:00,Friday,Weekday,February,1,229.43,1.402,0.3217,0.3217,0.0257,0.0386,0.1769,0.0804
2851,2026-11-25,11:00,Wednesday,Weekday,November,11,228.78,4.955,1.1336,1.1336,0.3401,0.3854,0.1474,0.2607
2852,2026-10-28,14:00,Wednesday,Weekday,October,14,229.34,3.33,0.7637,0.7637,0.2291,0.2597,0.0993,0.1757
2853,2026-08-16,13:00,Sunday,Weekend,August,13,227.63,5.655,1.2873,1.2873,0.3862,0.4377,0.1673,0.2961
2854,2026-07-03,05:00,Friday,Weekday,July,5,227.08,1.908,0.4332,0.4332,0.0347,0.052,0.2382,0.1083
2855,2026-04-17,17:00,Friday,Weekday,April,17,230.1,5.8,1.3345,1.3345,0.4537,0.4404,0.1735,0.2669
2856,2026-03-25,04:00,Wednesday,Weekday,March,4,230.29,1.197,0.2757,0.2757,0.0221,0.0331,0.1516,0.0689
2857,2026-12-04,17:00,Friday,Weekday,December,17,230.56,5.055,1.1655,1.1655,0.3963,0.3846,0.1515,0.2331
2858,2026-09-07,02:00,Monday,Weekday,September,2,229.92,1.104,0.2537,0.2537,0.0203,0.0304,0.1395,0.0634
2859,2026-12-29,02:00,Tuesday,Weekday,December,2,229.79,1.319,0.303,0.303,0.0242,0.0364,0.1666,0.0757
2860,2026-01-21,21:00,Wednesday,Weekday,January,21,226.39,7.502,1.6985,1.6985,0.5775,0.5605,0.2208,0.3397
2861,2026-07-15,21:00,Wednesday,Weekday,July,21,226.3,7.535,1.7052,1.7052,0.5798,0.5627,0.2217,0.341
2862,2026-06-27,09:00,Saturday,Weekend,June,9,230.4,4.399,1.0136,1.0136,0.4257,0.2027,0.1318,0.2534
2863,2026-01-07,18:00,Wednesday,Weekday,January,18,227.24,11.624,2.6414,2.6414,0.8981,0.8717,0.3434,0.5283
2864,2026-03-11,02:00,Wednesday,Weekday,March,2,230.73,1.332,0.3073,0.3073,0.0246,0.0369,0.169,0.0768
2865,2026-05-07,11:00,Thursday,Weekday,May,11,229.66,3.379,0.7759,0.7759,0.2328,0.2638,0.1009,0.1785
2866,2026-06-09,15:00,Tuesday,Weekday,June,15,229.64,3.673,0.8435,0.8435,0.2531,0.2868,0.1097,0.194
2867,2026-09-05,16:00,Saturday,Weekend,September,16,230.52,3.168,0.7302,0.7302,0.219,0.2483,0.0949,0.1679
2868,2026-07-22,06:00,Wednesday,Weekday,July,6,231.21,3.035,0.7017,0.7017,0.2947,0.1403,0.0912,0.1754
2869,2026-05-28,12:00,Thursday,Weekday,May,12,231.77,4.115,0.9537,0.9537,0.2861,0.3242,0.124,0.2193
2870,2026-05-23,23:00,Saturday,Weekend,May,23,234.96,1.656,0.389,0.389,0.1323,0.1284,0.0506,0.0778
2871,2026-07-18,01:00,Saturday,Weekend,July,1,232.16,1.553,0.3605,0.3605,0.0288,0.0433,0.1983,0.0901
2872,2026-06-03,03:00,Wednesday,Weekday,June,3,226.3,1.117,0.2529,0.2529,0.0202,0.0303,0.1391,0.0632
2873,2026-05-22,09:00,Friday,Weekday,May,9,227.29,2.645,0.6011,0.6011,0.2525,0.1202,0.0781,0.1503
2874,2026-11-09,06:00,Monday,Weekday,November,6,229.31,2.971,0.6813,0.6813,0.2861,0.1363,0.0886,0.1703
2875,2026-06-14,23:00,Sunday,Weekend,June,23,228.09,2.84,0.6479,0.6479,0.2203,0.2138,0.0842,0.1296
2876,2026-11-10,16:00,Tuesday,Weekday,November,16,230.98,3.327,0.7686,0.7686,0.2306,0.2613,0.0999,0.1768
2877,2026-01-21,19:00,Wednesday,Weekday,January,19,230.15,8.989,2.0688,2.0688,0.7034,0.6827,0.2689,0.4138
2878,2026-03-23,05:00,Monday,Weekday,March,5,228.79,1.076,0.2462,0.2462,0.0197,0.0295,0.1354,0.0615
2879,2026-03-10,18:00,Tuesday,Weekday,March,18,232.72,9.333,2.172,2.172,0.7385,0.7168,0.2824,0.4344
2880,2026-05-11,04:00,Monday,Weekday,May,4,233.64,1.149,0.2685,0.2685,0.0215,0.0322,0.1477,0.0671
2881,2026-03-28,09:00,Saturday,Weekend,March,9,225.47,4.316,0.9731,0.9731,0.4087,0.1946,0.1265,0.2433
2882,2026-08-06,08:00,Thursday,Weekday,August,8,224.78,7.12,1.6004,1.6004,0.6722,0.3201,0.2081,0.4001
2883,2026-11-01,12:00,Sunday,Weekend,November,12,232.74,4.615,1.0741,1.0741,0.3222,0.3652,0.1396,0.247
2884,2026-12-11,18:00,Friday,Weekday,December,18,230.99,27.306,6.3074,6.3074,2.1445,2.0814,0.82,1.2615
2885,2026-12-07,20:00,Monday,Weekday,December,20,228.42,12.959,2.9602,2.9602,1.0065,0.9769,0.3848,0.592
2886,2026-06-10,23:00,Wednesday,Weekday,June,23,230.03,2.365,0.544,0.544,0.185,0.1795,0.0707,0.1088
2887,2026-06-27,05:00,Saturday,Weekend,June,5,229.74,1.921,0.4414,0.4414,0.0353,0.053,0.2428,0.1103
2888,2026-04-27,03:00,Monday,Weekday,April,3,231.34,1.077,0.2493,0.2493,0.0199,0.0299,0.1371,0.0623
2889,2026-07-15,23:00,Wednesday,Weekday,July,23,230.44,3.863,0.8902,0.8902,0.3027,0.2938,0.1157,0.178
2890,2026-11-23,02:00,Monday,Weekday,November,2,233.27,1.382,0.3224,0.3224,0.0258,0.0387,0.1773,0.0806
2891,2026-03-27,02:00,Friday,Weekday,March,2,228.3,1.176,0.2685,0.2685,0.0215,0.0322,0.1477,0.0671
2892,2026-10-16,03:00,Friday,Weekday,October,3,230.04,1.347,0.3098,0.3098,0.0248,0.0372,0.1704,0.0774
2893,2026-03-22,04:00,Sunday,Weekend,March,4,232.23,1.338,0.3108,0.3108,0.0249,0.0373,0.1709,0.0777
2894,2026-06-01,07:00,Monday,Weekday,June,7,230.41,5.947,1.3702,1.3702,0.5755,0.274,0.1781,0.3425
2895,2026-03-02,15:00,Monday,Weekday,March,15,231.68,2.375,0.5503,0.5503,0.1651,0.1871,0.0715,0.1266
2896,2026-03-02,21:00,Monday,Weekday,March,21,231.65,5.262,1.2189,1.2189,0.4144,0.4022,0.1585,0.2438
2897,2026-12-20,02:00,Sunday,Weekend,December,2,228.94,1.355,0.3102,0.3102,0.0248,0.0372,0.1706,0.0776
2898,2026-01-28,23:00,Wednesday,Weekday,January,23,227.45,3.723,0.8467,0.8467,0.2879,0.2794,0.1101,0.1693
2899,2026-02-12,11:00,Thursday,Weekday,February,11,228.13,11.728,2.6754,2.6754,0.8026,0.9096,0.3478,0.6154
2900,2026-06-18,07:00,Thursday,Weekday,June,7,227.29,5.069,1.1522,1.1522,0.4839,0.2304,0.1498,0.288
2901,2026-03-27,12:00,Friday,Weekday,March,12,225.36,3.985,0.8982,0.8982,0.2694,0.3054,0.1168,0.2066
2902,2026-06-26,03:00,Friday,Weekday,June,3,232.73,1.099,0.2558,0.2558,0.0205,0.0307,0.1407,0.064
2903,2026-01-17,13:00,Saturday,Weekend,January,13,225.28,5.557,1.252,1.252,0.3756,0.4257,0.1628,0.288
2904,2026-04-08,13:00,Wednesday,Weekday,April,13,234.65,2.771,0.6503,0.6503,0.1951,0.2211,0.0845,0.1496
2905,2026-07-17,12:00,Friday,Weekday,July,12,228.68,5.143,1.176,1.176,0.3528,0.3999,0.1529,0.2705
2906,2026-04-08,05:00,Wednesday,Weekday,April,5,229.3,1.164,0.2668,0.2668,0.0213,0.032,0.1467,0.0667
2907,2026-03-06,16:00,Friday,Weekday,March,16,226.21,4.467,1.0106,1.0106,0.3032,0.3436,0.1314,0.2324
2908,2026-11-26,03:00,Thursday,Weekday,November,3,230.96,1.408,0.3253,0.3253,0.026,0.039,0.1789,0.0813
2909,2026-12-07,07:00,Monday,Weekday,December,7,229.35,6.048,1.3872,1.3872,0.5826,0.2774,0.1803,0.3468
2910,2026-01-05,16:00,Monday,Weekday,January,16,230.15,4.36,1.0036,1.0036,0.3011,0.3412,0.1305,0.2308
2911,2026-01-02,02:00,Friday,Weekday,January,2,228.03,1.707,0.3892,0.3892,0.0311,0.0467,0.2141,0.0973
2912,2026-01-22,16:00,Thursday,Weekday,January,16,231.2,4.352,1.0062,1.0062,0.3019,0.3421,0.1308,0.2314
2913,2026-04-22,08:00,Wednesday,Weekday,April,8,227.94,5.445,1.2411,1.2411,0.5213,0.2482,0.1613,0.3103
2914,2026-02-26,01:00,Thursday,Weekday,February,1,230.2,1.69,0.389,0.389,0.0311,0.0467,0.214,0.0973
2915,2026-03-07,12:00,Saturday,Weekend,March,12,231.15,5.412,1.2511,1.2511,0.3753,0.4254,0.1626,0.2877
2916,2026-11-26,19:00,Thursday,Weekday,November,19,233.02,8.226,1.9169,1.9169,0.6517,0.6326,0.2492,0.3834
2917,2026-04-08,01:00,Wednesday,Weekday,April,1,232.01,1.496,0.3471,0.3471,0.0278,0.0416,0.1909,0.0868
2918,2026-05-24,19:00,Sunday,Weekend,May,19,230.22,7.801,1.796,1.796,0.6106,0.5927,0.2335,0.3592
2919,2026-05-05,10:00,Tuesday,Weekday,May,10,229.98,3.546,0.8156,0.8156,0.2447,0.2773,0.106,0.1876
2920,2026-06-16,21:00,Tuesday,Weekday,June,21,229.58,8.059,1.8501,1.8501,0.629,0.6105,0.2405,0.37
2921,2026-03-27,14:00,Friday,Weekday,March,14,231.92,2.742,0.6359,0.6359,0.1908,0.2162,0.0827,0.1463
2922,2026-03-17,10:00,Tuesday,Weekday,March,10,228.14,3.548,0.8095,0.8095,0.2428,0.2752,0.1052,0.1862
2923,2026-12-10,22:00,Thursday,Weekday,December,22,232.26,4.318,1.0029,1.0029,0.341,0.331,0.1304,0.2006
2924,2026-10-21,02:00,Wednesday,Weekday,October,2,227.66,1.167,0.2657,0.2657,0.0213,0.0319,0.1462,0.0664
2925,2026-02-28,02:00,Saturday,Weekend,February,2,231.14,1.456,0.3364,0.3364,0.0269,0.0404,0.185,0.0841
2926,2026-05-18,11:00,Monday,Weekday,May,11,231.35,3.377,0.7814,0.7814,0.2344,0.2657,0.1016,0.1797
2927,2026-04-09,23:00,Thursday,Weekday,April,23,228.32,2.357,0.5382,0.5382,0.183,0.1776,0.07,0.1076
2928,2026-07-11,04:00,Saturday,Weekend,July,4,226.14,1.598,0.3614,0.3614,0.0289,0.0434,0.1988,0.0903
2929,2026-08-31,19:00,Monday,Weekday,August,19,229.24,12.983,2.9763,2.9763,1.0119,0.9822,0.3869,0.5953
2930,2026-11-15,06:00,Sunday,Weekend,November,6,223.43,2.01,0.4491,0.4491,0.1886,0.0898,0.0584,0.1123
2931,2026-02-18,06:00,Wednesday,Weekday,February,6,229.55,3.107,0.7133,0.7133,0.2996,0.1427,0.0927,0.1783
2932,2026-02-01,12:00,Sunday,Weekend,February,12,225.73,7.384,1.6668,1.6668,0.5,0.5667,0.2167,0.3834
2933,2026-10-04,08:00,Sunday,Weekend,October,8,237.78,3.32,0.7894,0.7894,0.3316,0.1579,0.1026,0.1974
2934,2026-01-20,20:00,Tuesday,Weekday,January,20,231.83,10.57,2.4505,2.4505,0.8332,0.8087,0.3186,0.4901
2935,2026-06-03,12:00,Wednesday,Weekday,June,12,230.18,4.848,1.1159,1.1159,0.3348,0.3794,0.1451,0.2567
2936,2026-03-09,11:00,Monday,Weekday,March,11,233.33,3.664,0.8549,0.8549,0.2565,0.2907,0.1111,0.1966
2937,2026-08-02,12:00,Sunday,Weekend,August,12,231.76,6.174,1.431,1.431,0.4293,0.4865,0.186,0.3291
2938,2026-05-23,23:00,Saturday,Weekend,May,23,227.09,1.941,0.4409,0.4409,0.1499,0.1455,0.0573,0.0882
2939,2026-08-20,09:00,Thursday,Weekday,August,9,228.44,5.733,1.3097,1.3097,0.5501,0.2619,0.1703,0.3274
2940,2026-08-01,00:00,Saturday,Weekend,August,0,232.57,2.235,0.5198,0.5198,0.0416,0.0624,0.2859,0.13
2941,2026-03-20,07:00,Friday,Weekday,March,7,227.6,4.607,1.0485,1.0485,0.4404,0.2097,0.1363,0.2621
2942,2026-08-02,21:00,Sunday,Weekend,August,21,228.74,10.618,2.4287,2.4287,0.8258,0.8015,0.3157,0.4857
2943,2026-04-26,15:00,Sunday,Weekend,April,15,231.69,3.032,0.7025,0.7025,0.2107,0.2388,0.0913,0.1616
2944,2026-04-02,12:00,Thursday,Weekday,April,12,229.35,4.221,0.968,0.968,0.2904,0.3291,0.1258,0.2226
2945,2026-09-27,02:00,Sunday,Weekend,September,2,230.38,1.113,0.2563,0.2563,0.0205,0.0308,0.141,0.0641
2946,2026-06-17,02:00,Wednesday,Weekday,June,2,232.08,1.324,0.3073,0.3073,0.0246,0.0369,0.169,0.0768
2947,2026-02-27,23:00,Friday,Weekday,February,23,231.96,2.667,0.6185,0.6185,0.2103,0.2041,0.0804,0.1237
2948,2026-10-11,04:00,Sunday,Weekend,October,4,231.12,1.39,0.3213,0.3213,0.0257,0.0386,0.1767,0.0803
2949,2026-01-26,10:00,Monday,Weekday,January,10,229.97,4.39,1.0096,1.0096,0.3029,0.3433,0.1313,0.2322
2950,2026-03-07,06:00,Saturday,Weekend,March,6,231.47,1.812,0.4195,0.4195,0.1762,0.0839,0.0545,0.1049
2951,2026-09-05,20:00,Saturday,Weekend,September,20,224.92,11.257,2.5319,2.5319,0.8608,0.8355,0.3291,0.5064
2952,2026-09-11,23:00,Friday,Weekday,September,23,233.69,2.686,0.6277,0.6277,0.2134,0.2071,0.0816,0.1255
2953,2026-02-13,09:00,Friday,Weekday,February,9,229.67,4.261,0.9787,0.9787,0.4111,0.1957,0.1272,0.2447
2954,2026-04-07,09:00,Tuesday,Weekday,April,9,228.16,3.726,0.8501,0.8501,0.357,0.17,0.1105,0.2125
2955,2026-02-11,19:00,Wednesday,Weekday,February,19,230.23,8.653,1.9922,1.9922,0.6773,0.6574,0.259,0.3984
2956,2026-08-15,01:00,Saturday,Weekend,August,1,231.43,1.364,0.3157,0.3157,0.0253,0.0379,0.1736,0.0789
2957,2026-09-19,02:00,Saturday,Weekend,September,2,227.56,1.2,0.2732,0.2732,0.0219,0.0328,0.1502,0.0683
2958,2026-06-16,07:00,Tuesday,Weekday,June,7,230.17,4.848,1.1159,1.1159,0.4687,0.2232,0.1451,0.279
2959,2026-10-06,10:00,Tuesday,Weekday,October,10,230.09,2.989,0.6877,0.6877,0.2063,0.2338,0.0894,0.1582
2960,2026-03-30,12:00,Monday,Weekday,March,12,229.93,4.855,1.1164,1.1164,0.3349,0.3796,0.1451,0.2568
2961,2026-06-27,06:00,Saturday,Weekend,June,6,234.06,2.426,0.5679,0.5679,0.2385,0.1136,0.0738,0.142
2962,2026-07-16,12:00,Thursday,Weekday,July,12,229.95,5.508,1.2666,1.2666,0.38,0.4307,0.1647,0.2913
2963,2026-11-03,01:00,Tuesday,Weekday,November,1,229.68,1.398,0.3211,0.3211,0.0257,0.0385,0.1766,0.0803
2964,2026-09-24,05:00,Thursday,Weekday,September,5,228.3,1.583,0.3613,0.3613,0.0289,0.0434,0.1987,0.0903
2965,2026-09-25,08:00,Friday,Weekday,September,8,227.94,6.51,1.4839,1.4839,0.6232,0.2968,0.1929,0.371
2966,2026-03-15,19:00,Sunday,Weekend,March,19,230.69,13.506,3.1156,3.1156,1.0593,1.0281,0.405,0.6231
2967,2026-01-08,01:00,Thursday,Weekday,January,1,228.83,1.588,0.3635,0.3635,0.0291,0.0436,0.1999,0.0909
2968,2026-10-24,17:00,Saturday,Weekend,October,17,229.53,5.718,1.3124,1.3124,0.4462,0.4331,0.1706,0.2625
2969,2026-06-13,15:00,Saturday,Weekend,June,15,230.5,3.339,0.7696,0.7696,0.2309,0.2617,0.1001,0.177
2970,2026-03-26,11:00,Thursday,Weekday,March,11,230.16,2.91,0.6698,0.6698,0.2009,0.2277,0.0871,0.154
2971,2026-03-13,06:00,Friday,Weekday,March,6,230.34,3.086,0.7109,0.7109,0.2986,0.1422,0.0924,0.1777
2972,2026-02-24,06:00,Tuesday,Weekday,February,6,230.33,2.996,0.6901,0.6901,0.2899,0.138,0.0897,0.1725
2973,2026-02-16,16:00,Monday,Weekday,February,16,231.56,3.895,0.902,0.902,0.2706,0.3067,0.1173,0.2075
2974,2026-08-26,12:00,Wednesday,Weekday,August,12,236.6,4.84,1.1452,1.1452,0.3436,0.3894,0.1489,0.2634
2975,2026-04-14,10:00,Tuesday,Weekday,April,10,233.07,3.204,0.7468,0.7468,0.224,0.2539,0.0971,0.1718
2976,2026-07-29,05:00,Wednesday,Weekday,July,5,229.09,1.512,0.3464,0.3464,0.0277,0.0416,0.1905,0.0866
2977,2026-02-11,22:00,Wednesday,Weekday,February,22,233.04,5.233,1.2195,1.2195,0.4146,0.4024,0.1585,0.2439
2978,2026-11-12,13:00,Thursday,Weekday,November,13,227.37,4.099,0.9321,0.9321,0.2796,0.3169,0.1212,0.2144
2979,2026-09-25,05:00,Friday,Weekday,September,5,228.58,1.201,0.2745,0.2745,0.022,0.0329,0.151,0.0686
2980,2026-09-20,05:00,Sunday,Weekend,September,5,231.77,1.527,0.3539,0.3539,0.0283,0.0425,0.1947,0.0885
2981,2026-12-02,01:00,Wednesday,Weekday,December,1,231.69,2.073,0.4804,0.4804,0.0384,0.0576,0.2642,0.1201
2982,2026-12-31,21:00,Thursday,Weekday,December,21,230.46,8.028,1.8501,1.8501,0.629,0.6105,0.2405,0.37
2983,2026-09-16,19:00,Wednesday,Weekday,September,19,226.84,8.007,1.8164,1.8164,0.6176,0.5994,0.2361,0.3633
2984,2026-10-10,14:00,Saturday,Weekend,October,14,228.54,3.604,0.8237,0.8237,0.2471,0.2801,0.1071,0.1895
2985,2026-04-24,16:00,Friday,Weekday,April,16,230.33,2.865,0.6599,0.6599,0.198,0.2244,0.0858,0.1518
2986,2026-12-29,07:00,Tuesday,Weekday,December,7,229.37,4.686,1.0748,1.0748,0.4514,0.215,0.1397,0.2687
2987,2026-02-09,04:00,Monday,Weekday,February,4,232.22,1.439,0.3341,0.3341,0.0267,0.0401,0.1838,0.0835
2988,2026-08-08,16:00,Saturday,Weekend,August,16,229.31,5.371,1.2315,1.2315,0.3695,0.4187,0.1601,0.2833
2989,2026-05-09,19:00,Saturday,Weekend,May,19,226.94,10.831,2.458,2.458,0.8357,0.8112,0.3195,0.4916
2990,2026-01-08,00:00,Thursday,Weekday,January,0,225.94,1.981,0.4476,0.4476,0.0358,0.0537,0.2462,0.1119
2991,2026-04-11,21:00,Saturday,Weekend,April,21,229.74,7.73,1.7759,1.7759,0.6038,0.586,0.2309,0.3552
2992,2026-06-25,17:00,Thursday,Weekday,June,17,230.81,5.539,1.2783,1.2783,0.4346,0.4219,0.1662,0.2557
2993,2026-04-17,14:00,Friday,Weekday,April,14,224.28,2.833,0.6354,0.6354,0.1906,0.216,0.0826,0.1461
2994,2026-04-11,04:00,Saturday,Weekend,April,4,231.11,1.205,0.2784,0.2784,0.0223,0.0334,0.1531,0.0696
2995,2026-09-17,06:00,Thursday,Weekday,September,6,229.0,2.897,0.6634,0.6634,0.2786,0.1327,0.0862,0.1658
2996,2026-09-03,17:00,Thursday,Weekday,September,17,231.94,6.046,1.4023,1.4023,0.4768,0.4627,0.1823,0.2805
2997,2026-10-02,05:00,Friday,Weekday,October,5,229.74,1.321,0.3035,0.3035,0.0243,0.0364,0.1669,0.0759
2998,2026-02-01,21:00,Sunday,Weekend,February,21,226.59,9.714,2.201,2.201,0.7483,0.7263,0.2861,0.4402
2999,2026-05-17,20:00,Sunday,Weekend,May,20,234.12,7.2,1.6857,1.6857,0.5731,0.5563,0.2191,0.3371
3000,2026-01-12,04:00,Monday,Weekday,January,4,233.93,1.776,0.4155,0.4155,0.0332,0.0499,0.2285,0.1039
3001,2026-10-29,18:00,Thursday,Weekday,October,18,229.54,6.154,1.4127,1.4127,0.4803,0.4662,0.1836,0.2825
3002,2026-01-16,09:00,Friday,Weekday,January,9,230.93,5.893,1.3609,1.3609,0.5716,0.2722,0.1769,0.3402
3003,2026-05-09,14:00,Saturday,Weekend,May,14,228.85,2.429,0.5558,0.5558,0.1667,0.189,0.0723,0.1278
3004,2026-03-04,09:00,Wednesday,Weekday,March,9,225.73,4.991,1.1267,1.1267,0.4732,0.2253,0.1465,0.2817
3005,2026-04-19,15:00,Sunday,Weekend,April,15,233.29,2.694,0.6285,0.6285,0.1886,0.2137,0.0817,0.1446
3006,2026-01-21,11:00,Wednesday,Weekday,January,11,228.01,6.013,1.3711,1.3711,0.4113,0.4662,0.1782,0.3153
3007,2026-06-07,17:00,Sunday,Weekend,June,17,232.48,9.898,2.3011,2.3011,0.7824,0.7594,0.2991,0.4602
3008,2026-09-26,22:00,Saturday,Weekend,September,22,231.74,2.913,0.675,0.675,0.2295,0.2227,0.0877,0.135
3009,2026-06-11,00:00,Thursday,Weekday,June,0,230.72,1.812,0.4181,0.4181,0.0334,0.0502,0.2299,0.1045
3010,2026-09-17,15:00,Thursday,Weekday,September,15,229.9,2.557,0.5878,0.5878,0.1763,0.1999,0.0764,0.1352
3011,2026-04-12,21:00,Sunday,Weekend,April,21,231.75,6.028,1.3969,1.3969,0.475,0.461,0.1816,0.2794
3012,2026-08-11,05:00,Tuesday,Weekday,August,5,227.67,1.637,0.3727,0.3727,0.0298,0.0447,0.205,0.0932
3013,2026-02-28,02:00,Saturday,Weekend,February,2,233.34,1.36,0.3172,0.3172,0.0254,0.0381,0.1745,0.0793
3014,2026-09-04,01:00,Friday,Weekday,September,1,230.36,1.469,0.3383,0.3383,0.0271,0.0406,0.1861,0.0846
3015,2026-05-08,01:00,Friday,Weekday,May,1,233.74,0.922,0.2155,0.2155,0.0172,0.0259,0.1185,0.0539
3016,2026-10-10,12:00,Saturday,Weekend,October,12,229.69,5.438,1.2491,1.2491,0.3747,0.4247,0.1624,0.2873
3017,2026-11-21,08:00,Saturday,Weekend,November,8,230.36,3.285,0.7568,0.7568,0.3178,0.1514,0.0984,0.1892
3018,2026-01-25,15:00,Sunday,Weekend,January,15,230.66,3.058,0.7054,0.7054,0.2116,0.2398,0.0917,0.1622
3019,2026-05-11,04:00,Monday,Weekday,May,4,231.44,1.069,0.2473,0.2473,0.0198,0.0297,0.136,0.0618
3020,2026-12-19,22:00,Saturday,Weekend,December,22,234.53,5.745,1.3473,1.3473,0.4581,0.4446,0.1751,0.2695
3021,2026-07-15,20:00,Wednesday,Weekday,July,20,228.34,10.639,2.4293,2.4293,0.8259,0.8017,0.3158,0.4859
3022,2026-10-08,06:00,Thursday,Weekday,October,6,229.68,1.688,0.3878,0.3878,0.1629,0.0776,0.0504,0.0969
3023,2026-06-03,12:00,Wednesday,Weekday,June,12,229.95,5.517,1.2687,1.2687,0.3806,0.4314,0.1649,0.2918
3024,2026-05-13,19:00,Wednesday,Weekday,May,19,222.74,7.439,1.657,1.657,0.5634,0.5468,0.2154,0.3314
3025,2026-08-15,23:00,Saturday,Weekend,August,23,228.61,2.935,0.6709,0.6709,0.2281,0.2214,0.0872,0.1342
3026,2026-07-08,12:00,Wednesday,Weekday,July,12,228.78,5.775,1.3212,1.3212,0.3963,0.4492,0.1718,0.3039
3027,2026-09-22,06:00,Tuesday,Weekday,September,6,236.6,3.25,0.7689,0.7689,0.323,0.1538,0.1,0.1922
3028,2026-05-14,09:00,Thursday,Weekday,May,9,230.65,3.66,0.8442,0.8442,0.3545,0.1688,0.1097,0.211
3029,2026-07-30,14:00,Thursday,Weekday,July,14,231.23,3.416,0.79,0.79,0.237,0.2686,0.1027,0.1817
3030,2026-03-01,20:00,Sunday,Weekend,March,20,226.11,10.209,2.3084,2.3084,0.7849,0.7618,0.3001,0.4617
3031,2026-12-30,05:00,Wednesday,Weekday,December,5,229.84,1.51,0.347,0.347,0.0278,0.0416,0.1909,0.0868
3032,2026-12-30,04:00,Wednesday,Weekday,December,4,232.34,1.443,0.3352,0.3352,0.0268,0.0402,0.1844,0.0838
3033,2026-08-01,22:00,Saturday,Weekend,August,22,236.29,6.187,1.462,1.462,0.4971,0.4825,0.1901,0.2924
3034,2026-08-04,01:00,Tuesday,Weekday,August,1,228.29,1.988,0.4538,0.4538,0.0363,0.0545,0.2496,0.1135
3035,2026-08-14,20:00,Friday,Weekday,August,20,223.86,12.707,2.8445,2.8445,0.9671,0.9387,0.3698,0.5689
3036,2026-05-11,14:00,Monday,Weekday,May,14,228.06,2.692,0.614,0.614,0.1842,0.2088,0.0798,0.1412
3037,2026-03-17,15:00,Tuesday,Weekday,March,15,228.07,3.126,0.7128,0.7128,0.2139,0.2424,0.0927,0.164
3038,2026-10-13,18:00,Tuesday,Weekday,October,18,228.1,5.486,1.2513,1.2513,0.4254,0.4129,0.1627,0.2503
3039,2026-10-04,08:00,Sunday,Weekend,October,8,232.27,3.136,0.7283,0.7283,0.3059,0.1457,0.0947,0.1821
3040,2026-06-05,21:00,Friday,Weekday,June,21,230.12,7.375,1.6973,1.6973,0.5771,0.5601,0.2206,0.3395
3041,2026-09-05,18:00,Saturday,Weekend,September,18,224.97,11.135,2.5049,2.5049,0.8517,0.8266,0.3256,0.501
3042,2026-08-06,06:00,Thursday,Weekday,August,6,233.54,2.863,0.6687,0.6687,0.2808,0.1337,0.0869,0.1672
3043,2026-07-09,03:00,Thursday,Weekday,July,3,234.73,1.593,0.3739,0.3739,0.0299,0.0449,0.2057,0.0935
3044,2026-06-12,02:00,Friday,Weekday,June,2,225.74,1.123,0.2535,0.2535,0.0203,0.0304,0.1394,0.0634
3045,2026-06-29,23:00,Monday,Weekday,June,23,232.94,3.085,0.7185,0.7185,0.2443,0.2371,0.0934,0.1437
3046,2026-02-03,19:00,Tuesday,Weekday,February,19,228.54,11.962,2.7337,2.7337,0.9295,0.9021,0.3554,0.5467
3047,2026-02-10,10:00,Tuesday,Weekday,February,10,227.64,3.266,0.7435,0.7435,0.223,0.2528,0.0967,0.171
3048,2026-11-03,00:00,Tuesday,Weekday,November,0,226.36,1.215,0.275,0.275,0.022,0.033,0.1512,0.0687
3049,2026-12-04,05:00,Friday,Weekday,December,5,228.87,1.517,0.3472,0.3472,0.0278,0.0417,0.191,0.0868
3050,2026-11-10,10:00,Tuesday,Weekday,November,10,228.7,3.729,0.8527,0.8527,0.2558,0.2899,0.1109,0.1961
3051,2026-03-16,00:00,Monday,Weekday,March,0,230.37,3.213,0.7402,0.7402,0.0592,0.0888,0.4071,0.185
3052,2026-10-06,20:00,Tuesday,Weekday,October,20,233.75,8.542,1.9967,1.9967,0.6789,0.6589,0.2596,0.3993
3053,2026-06-25,06:00,Thursday,Weekday,June,6,228.73,3.076,0.7036,0.7036,0.2955,0.1407,0.0915,0.1759
3054,2026-05-30,05:00,Saturday,Weekend,May,5,226.48,1.291,0.2924,0.2924,0.0234,0.0351,0.1608,0.0731
3055,2026-09-30,13:00,Wednesday,Weekday,September,13,229.17,2.73,0.6256,0.6256,0.1877,0.2127,0.0813,0.1439
3056,2026-11-21,01:00,Saturday,Weekend,November,1,232.61,1.548,0.3601,0.3601,0.0288,0.0432,0.1981,0.09
3057,2026-04-18,03:00,Saturday,Weekend,April,3,229.38,1.155,0.265,0.265,0.0212,0.0318,0.1457,0.0662
3058,2026-05-19,10:00,Tuesday,Weekday,May,10,231.63,2.551,0.591,0.591,0.1773,0.2009,0.0768,0.1359
3059,2026-12-16,14:00,Wednesday,Weekday,December,14,230.42,2.868,0.6608,0.6608,0.1982,0.2247,0.0859,0.152
3060,2026-09-28,17:00,Monday,Weekday,September,17,230.15,6.314,1.4531,1.4531,0.4941,0.4795,0.1889,0.2906
3061,2026-12-13,00:00,Sunday,Weekend,December,0,233.97,1.352,0.3164,0.3164,0.0253,0.038,0.174,0.0791
3062,2026-10-16,02:00,Friday,Weekday,October,2,227.58,1.006,0.2289,0.2289,0.0183,0.0275,0.1259,0.0572
3063,2026-07-31,02:00,Friday,Weekday,July,2,227.4,1.427,0.3246,0.3246,0.026,0.039,0.1785,0.0811
3064,2026-09-29,06:00,Tuesday,Weekday,September,6,227.73,2.63,0.5988,0.5988,0.2515,0.1198,0.0778,0.1497
3065,2026-03-07,00:00,Saturday,Weekend,March,0,230.86,0.858,0.1981,0.1981,0.0158,0.0238,0.1089,0.0495
3066,2026-09-05,10:00,Saturday,Weekend,September,10,230.13,11.015,2.535,2.535,0.7605,0.8619,0.3295,0.583
3067,2026-06-05,05:00,Friday,Weekday,June,5,231.78,1.682,0.3898,0.3898,0.0312,0.0468,0.2144,0.0974
3068,2026-02-16,19:00,Monday,Weekday,February,19,229.28,11.587,2.6567,2.6567,0.9033,0.8767,0.3454,0.5313
3069,2026-07-20,02:00,Monday,Weekday,July,2,229.51,1.449,0.3327,0.3327,0.0266,0.0399,0.183,0.0832
3070,2026-05-28,18:00,Thursday,Weekday,May,18,228.77,7.493,1.7141,1.7141,0.5828,0.5657,0.2228,0.3428
3071,2026-05-04,01:00,Monday,Weekday,May,1,234.24,1.086,0.2545,0.2545,0.0204,0.0305,0.14,0.0636
3072,2026-01-01,17:00,Thursday,Weekday,January,17,224.7,6.902,1.5509,1.5509,0.5273,0.5118,0.2016,0.3102
3073,2026-09-04,11:00,Friday,Weekday,September,11,227.7,4.008,0.9126,0.9126,0.2738,0.3103,0.1186,0.2099
3074,2026-12-09,09:00,Wednesday,Weekday,December,9,230.1,5.899,1.3575,1.3575,0.5701,0.2715,0.1765,0.3394
3075,2026-05-08,04:00,Friday,Weekday,May,4,235.08,0.965,0.2269,0.2269,0.0182,0.0272,0.1248,0.0567
3076,2026-07-10,08:00,Friday,Weekday,July,8,226.39,8.506,1.9256,1.9256,0.8087,0.3851,0.2503,0.4814
3077,2026-03-08,01:00,Sunday,Weekend,March,1,229.98,0.985,0.2265,0.2265,0.0181,0.0272,0.1246,0.0566
3078,2026-01-04,01:00,Sunday,Weekend,January,1,227.81,1.723,0.3925,0.3925,0.0314,0.0471,0.2159,0.0981
3079,2026-10-30,05:00,Friday,Weekday,October,5,231.0,1.076,0.2485,0.2485,0.0199,0.0298,0.1367,0.0621
3080,2026-10-21,09:00,Wednesday,Weekday,October,9,224.84,4.067,0.9145,0.9145,0.3841,0.1829,0.1189,0.2286
3081,2026-05-23,17:00,Saturday,Weekend,May,17,226.82,6.763,1.534,1.534,0.5216,0.5062,0.1994,0.3068
3082,2026-07-10,11:00,Friday,Weekday,July,11,233.2,5.595,1.3047,1.3047,0.3914,0.4436,0.1696,0.3001
3083,2026-01-21,03:00,Wednesday,Weekday,January,3,230.02,1.932,0.4444,0.4444,0.0356,0.0533,0.2444,0.1111
3084,2026-08-15,21:00,Saturday,Weekend,August,21,227.09,8.544,1.9402,1.9402,0.6597,0.6403,0.2522,0.388
3085,2026-11-09,20:00,Monday,Weekday,November,20,227.07,9.801,2.2256,2.2256,0.7567,0.7345,0.2893,0.4451
3086,2026-04-27,16:00,Monday,Weekday,April,16,229.84,6.38,1.4664,1.4664,0.4399,0.4986,0.1906,0.3373
3087,2026-10-29,14:00,Thursday,Weekday,October,14,231.4,3.178,0.7354,0.7354,0.2206,0.25,0.0956,0.1691
3088,2026-05-22,05:00,Friday,Weekday,May,5,224.81,1.462,0.3286,0.3286,0.0263,0.0394,0.1807,0.0822
3089,2026-02-08,15:00,Sunday,Weekend,February,15,227.41,4.172,0.9487,0.9487,0.2846,0.3226,0.1233,0.2182
3090,2026-12-21,16:00,Monday,Weekday,December,16,227.61,3.013,0.6858,0.6858,0.2057,0.2332,0.0892,0.1577
3091,2026-09-09,02:00,Wednesday,Weekday,September,2,231.57,1.045,0.242,0.242,0.0194,0.029,0.1331,0.0605
3092,2026-11-29,09:00,Sunday,Weekend,November,9,229.98,5.73,1.3179,1.3179,0.5535,0.2636,0.1713,0.3295
3093,2026-07-26,04:00,Sunday,Weekend,July,4,233.6,1.401,0.3273,0.3273,0.0262,0.0393,0.18,0.0818
3094,2026-07-29,13:00,Wednesday,Weekday,July,13,232.07,5.76,1.3368,1.3368,0.401,0.4545,0.1738,0.3075
3095,2026-04-25,20:00,Saturday,Weekend,April,20,227.8,9.044,2.0602,2.0602,0.7005,0.6799,0.2678,0.412
3096,2026-08-13,12:00,Thursday,Weekday,August,12,229.88,5.002,1.1499,1.1499,0.345,0.391,0.1495,0.2645
3097,2026-05-14,05:00,Thursday,Weekday,May,5,233.23,1.415,0.3301,0.3301,0.0264,0.0396,0.1816,0.0825
3098,2026-09-08,11:00,Tuesday,Weekday,September,11,233.58,3.944,0.9212,0.9212,0.2763,0.3132,0.1197,0.2119
3099,2026-08-07,07:00,Friday,Weekday,August,7,228.13,6.796,1.5503,1.5503,0.6511,0.3101,0.2015,0.3876
3100,2026-04-01,04:00,Wednesday,Weekday,April,4,227.54,1.175,0.2674,0.2674,0.0214,0.0321,0.1471,0.0669
3101,2026-12-20,14:00,Sunday,Weekend,December,14,224.75,5.103,1.1469,1.1469,0.3441,0.3899,0.1491,0.2638
3102,2026-02-15,15:00,Sunday,Weekend,February,15,224.75,4.484,1.0077,1.0077,0.3023,0.3426,0.131,0.2318
3103,2026-02-07,00:00,Saturday,Weekend,February,0,231.18,1.77,0.4092,0.4092,0.0327,0.0491,0.2251,0.1023
3104,2026-05-22,15:00,Friday,Weekday,May,15,231.13,2.738,0.6328,0.6328,0.1898,0.2151,0.0823,0.1455
3105,2026-04-10,04:00,Friday,Weekday,April,4,228.31,1.323,0.302,0.302,0.0242,0.0362,0.1661,0.0755
3106,2026-11-24,02:00,Tuesday,Weekday,November,2,233.25,1.122,0.2618,0.2618,0.0209,0.0314,0.144,0.0655
3107,2026-07-09,19:00,Thursday,Weekday,July,19,228.09,12.175,2.777,2.777,0.9442,0.9164,0.361,0.5554
3108,2026-02-04,14:00,Wednesday,Weekday,February,14,228.53,3.753,0.8577,0.8577,0.2573,0.2916,0.1115,0.1973
3109,2026-05-27,12:00,Wednesday,Weekday,May,12,232.93,3.558,0.8287,0.8287,0.2486,0.2818,0.1077,0.1906
3110,2026-01-30,23:00,Friday,Weekday,January,23,232.6,2.444,0.5685,0.5685,0.1933,0.1876,0.0739,0.1137
3111,2026-11-30,15:00,Monday,Weekday,November,15,229.87,3.419,0.786,0.786,0.2358,0.2672,0.1022,0.1808
3112,2026-03-25,22:00,Wednesday,Weekday,March,22,231.29,3.702,0.8562,0.8562,0.2911,0.2825,0.1113,0.1712
3113,2026-10-08,10:00,Thursday,Weekday,October,10,231.61,3.054,0.7074,0.7074,0.2122,0.2405,0.092,0.1627
3114,2026-12-10,20:00,Thursday,Weekday,December,20,232.59,8.685,2.0201,2.0201,0.6868,0.6666,0.2626,0.404
3115,2026-09-27,01:00,Sunday,Weekend,September,1,229.67,1.008,0.2314,0.2314,0.0185,0.0278,0.1273,0.0579
3116,2026-06-03,21:00,Wednesday,Weekday,June,21,226.49,7.311,1.6558,1.6558,0.563,0.5464,0.2153,0.3312
3117,2026-04-12,05:00,Sunday,Weekend,April,5,231.56,1.593,0.3689,0.3689,0.0295,0.0443,0.2029,0.0922
3118,2026-08-03,05:00,Monday,Weekday,August,5,230.16,1.465,0.3371,0.3371,0.027,0.0405,0.1854,0.0843
3119,2026-05-30,13:00,Saturday,Weekend,May,13,230.28,4.884,1.1246,1.1246,0.3374,0.3824,0.1462,0.2587
3120,2026-03-24,10:00,Tuesday,Weekday,March,10,229.92,3.826,0.8797,0.8797,0.2639,0.2991,0.1144,0.2023
3121,2026-04-20,07:00,Monday,Weekday,April,7,226.02,3.977,0.8988,0.8988,0.3775,0.1798,0.1168,0.2247
3122,2026-10-02,07:00,Friday,Weekday,October,7,230.65,4.962,1.1445,1.1445,0.4807,0.2289,0.1488,0.2861
3123,2026-07-20,00:00,Monday,Weekday,July,0,229.1,2.205,0.5051,0.5051,0.0404,0.0606,0.2778,0.1263
3124,2026-10-11,20:00,Sunday,Weekend,October,20,227.41,9.175,2.0865,2.0865,0.7094,0.6885,0.2712,0.4173
3125,2026-06-22,06:00,Monday,Weekday,June,6,229.0,3.518,0.8056,0.8056,0.3384,0.1611,0.1047,0.2014
3126,2026-11-23,05:00,Monday,Weekday,November,5,229.9,1.565,0.3598,0.3598,0.0288,0.0432,0.1979,0.09
3127,2026-07-25,20:00,Saturday,Weekend,July,20,230.43,12.872,2.966,2.966,1.0084,0.9788,0.3856,0.5932
3128,2026-03-04,07:00,Wednesday,Weekday,March,7,229.93,4.959,1.1403,1.1403,0.4789,0.2281,0.1482,0.2851
3129,2026-03-14,18:00,Saturday,Weekend,March,18,231.02,9.384,2.1679,2.1679,0.7371,0.7154,0.2818,0.4336
3130,2026-09-08,21:00,Tuesday,Weekday,September,21,231.89,4.242,0.9838,0.9838,0.3345,0.3246,0.1279,0.1968
3131,2026-05-04,20:00,Monday,Weekday,May,20,229.37,7.544,1.7303,1.7303,0.5883,0.571,0.2249,0.3461
3132,2026-05-01,23:00,Friday,Weekday,May,23,227.41,1.882,0.428,0.428,0.1455,0.1412,0.0556,0.0856
3133,2026-10-02,19:00,Friday,Weekday,October,19,231.35,6.513,1.5068,1.5068,0.5123,0.4972,0.1959,0.3014
3134,2026-04-30,07:00,Thursday,Weekday,April,7,229.21,4.71,1.0797,1.0797,0.4535,0.2159,0.1404,0.2699
3135,2026-11-13,13:00,Friday,Weekday,November,13,229.57,2.928,0.6722,0.6722,0.2017,0.2285,0.0874,0.1546
3136,2026-06-13,17:00,Saturday,Weekend,June,17,226.33,6.739,1.5252,1.5252,0.5186,0.5033,0.1983,0.305
3137,2026-10-13,15:00,Tuesday,Weekday,October,15,231.03,2.635,0.6088,0.6088,0.1826,0.207,0.0791,0.14
3138,2026-09-22,08:00,Tuesday,Weekday,September,8,236.48,5.26,1.244,1.244,0.5225,0.2488,0.1617,0.311
3139,2026-11-16,14:00,Monday,Weekday,November,14,228.73,2.978,0.6811,0.6811,0.2043,0.2316,0.0885,0.1567
3140,2026-06-10,09:00,Wednesday,Weekday,June,9,231.56,3.411,0.7898,0.7898,0.3317,0.158,0.1027,0.1975
3141,2026-11-04,21:00,Wednesday,Weekday,November,21,230.28,7.084,1.6313,1.6313,0.5547,0.5383,0.2121,0.3263
3142,2026-03-30,15:00,Monday,Weekday,March,15,228.69,2.737,0.626,0.626,0.1878,0.2128,0.0814,0.144
3143,2026-05-22,03:00,Friday,Weekday,May,3,223.94,1.089,0.2438,0.2438,0.0195,0.0293,0.1341,0.061
3144,2026-07-22,19:00,Wednesday,Weekday,July,19,230.92,12.582,2.9053,2.9053,0.9878,0.9588,0.3777,0.5811
3145,2026-11-05,12:00,Thursday,Weekday,November,12,230.2,5.024,1.1565,1.1565,0.347,0.3932,0.1504,0.266
3146,2026-08-15,21:00,Saturday,Weekend,August,21,230.14,8.555,1.9689,1.9689,0.6694,0.6497,0.256,0.3938
3147,2026-11-30,04:00,Monday,Weekday,November,4,230.14,1.337,0.3077,0.3077,0.0246,0.0369,0.1692,0.0769
3148,2026-08-10,21:00,Monday,Weekday,August,21,230.21,7.282,1.6763,1.6763,0.57,0.5532,0.2179,0.3353
3149,2026-02-10,06:00,Tuesday,Weekday,February,6,229.76,2.762,0.6345,0.6345,0.2665,0.1269,0.0825,0.1586
3150,2026-07-15,22:00,Wednesday,Weekday,July,22,235.43,5.036,1.1855,1.1855,0.4031,0.3912,0.1541,0.2371
3151,2026-03-09,08:00,Monday,Weekday,March,8,229.19,6.683,1.5318,1.5318,0.6433,0.3064,0.1991,0.3829
3152,2026-09-21,07:00,Monday,Weekday,September,7,232.53,5.358,1.2459,1.2459,0.5233,0.2492,0.162,0.3115
3153,2026-01-02,15:00,Friday,Weekday,January,15,230.02,3.98,0.9155,0.9155,0.2746,0.3113,0.119,0.2106
3154,2026-12-27,05:00,Sunday,Weekend,December,5,230.78,1.515,0.3497,0.3497,0.028,0.042,0.1923,0.0874
3155,2026-05-05,15:00,Tuesday,Weekday,May,15,225.78,2.863,0.6464,0.6464,0.1939,0.2198,0.084,0.1487
3156,2026-04-20,05:00,Monday,Weekday,April,5,228.56,1.223,0.2796,0.2796,0.0224,0.0336,0.1538,0.0699
3157,2026-03-27,13:00,Friday,Weekday,March,13,232.69,3.05,0.7097,0.7097,0.2129,0.2413,0.0923,0.1632
3158,2026-04-30,20:00,Thursday,Weekday,April,20,227.21,9.175,2.0846,2.0846,0.7087,0.6879,0.271,0.4169
3159,2026-05-07,00:00,Thursday,Weekday,May,0,227.19,1.696,0.3854,0.3854,0.0308,0.0462,0.212,0.0964
3160,2026-09-12,08:00,Saturday,Weekend,September,8,228.29,3.829,0.8742,0.8742,0.3672,0.1748,0.1136,0.2186
3161,2026-07-02,23:00,Thursday,Weekday,July,23,228.27,3.411,0.7786,0.7786,0.2647,0.2569,0.1012,0.1557
3162,2026-01-16,12:00,Friday,Weekday,January,12,229.9,5.335,1.2265,1.2265,0.3679,0.417,0.1594,0.2821
3163,2026-03-03,18:00,Tuesday,Weekday,March,18,224.97,20.926,4.7078,4.7078,1.6007,1.5536,0.612,0.9416
3164,2026-06-07,16:00,Sunday,Weekend,June,16,233.56,4.935,1.1526,1.1526,0.3458,0.3919,0.1498,0.2651
3165,2026-09-25,10:00,Friday,Weekday,September,10,230.52,2.886,0.6653,0.6653,0.1996,0.2262,0.0865,0.153
3166,2026-02-04,07:00,Wednesday,Weekday,February,7,226.51,6.135,1.3897,1.3897,0.5837,0.2779,0.1807,0.3474
3167,2026-09-24,22:00,Thursday,Weekday,September,22,233.84,3.302,0.7721,0.7721,0.2625,0.2548,0.1004,0.1544
3168,2026-03-05,04:00,Thursday,Weekday,March,4,229.89,1.226,0.2817,0.2817,0.0225,0.0338,0.155,0.0704
3169,2026-02-19,09:00,Thursday,Weekday,February,9,231.26,4.94,1.1425,1.1425,0.4799,0.2285,0.1485,0.2856
3170,2026-09-12,06:00,Saturday,Weekend,September,6,230.77,1.964,0.4533,0.4533,0.1904,0.0907,0.0589,0.1133
3171,2026-05-29,09:00,Friday,Weekday,May,9,231.04,3.524,0.8143,0.8143,0.342,0.1629,0.1059,0.2036
3172,2026-11-21,03:00,Saturday,Weekend,November,3,229.14,1.12,0.2567,0.2567,0.0205,0.0308,0.1412,0.0642
3173,2026-10-31,08:00,Saturday,Weekend,October,8,230.83,4.194,0.9681,0.9681,0.4066,0.1936,0.1259,0.242
3174,2026-10-03,13:00,Saturday,Weekend,October,13,229.63,5.364,1.2316,1.2316,0.3695,0.4188,0.1601,0.2833
3175,2026-12-23,01:00,Wednesday,Weekday,December,1,230.91,1.647,0.3803,0.3803,0.0304,0.0456,0.2091,0.0951
3176,2026-06-21,08:00,Sunday,Weekend,June,8,229.54,4.195,0.9629,0.9629,0.4044,0.1926,0.1252,0.2407
3177,2026-07-20,20:00,Monday,Weekday,July,20,227.9,10.743,2.4482,2.4482,0.8324,0.8079,0.3183,0.4896
3178,2026-11-20,00:00,Friday,Weekday,November,0,226.34,1.282,0.2902,0.2902,0.0232,0.0348,0.1596,0.0725
3179,2026-02-04,22:00,Wednesday,Weekday,February,22,229.99,3.758,0.8642,0.8642,0.2938,0.2852,0.1123,0.1728
3180,2026-08-04,09:00,Tuesday,Weekday,August,9,230.56,4.517,1.0415,1.0415,0.4374,0.2083,0.1354,0.2604
3181,2026-03-06,09:00,Friday,Weekday,March,9,234.62,3.754,0.8807,0.8807,0.3699,0.1761,0.1145,0.2202
3182,2026-01-08,19:00,Thursday,Weekday,January,19,230.36,11.318,2.6072,2.6072,0.8864,0.8604,0.3389,0.5214
3183,2026-10-28,21:00,Wednesday,Weekday,October,21,228.19,5.856,1.3362,1.3362,0.4543,0.4409,0.1737,0.2672
3184,2026-12-09,02:00,Wednesday,Weekday,December,2,227.46,1.459,0.332,0.332,0.0266,0.0398,0.1826,0.083
3185,2026-11-28,05:00,Saturday,Weekend,November,5,230.67,1.675,0.3863,0.3863,0.0309,0.0464,0.2125,0.0966
3186,2026-03-17,05:00,Tuesday,Weekday,March,5,228.14,1.748,0.3988,0.3988,0.0319,0.0479,0.2193,0.0997
3187,2026-06-23,20:00,Tuesday,Weekday,June,20,226.58,9.791,2.2184,2.2184,0.7543,0.7321,0.2884,0.4437
3188,2026-02-16,01:00,Monday,Weekday,February,1,228.13,1.516,0.3459,0.3459,0.0277,0.0415,0.1903,0.0865
3189,2026-01-15,17:00,Thursday,Weekday,January,17,227.79,7.32,1.6675,1.6675,0.5669,0.5503,0.2168,0.3335
3190,2026-12-27,22:00,Sunday,Weekend,December,22,231.84,4.438,1.029,1.029,0.3498,0.3396,0.1338,0.2058
3191,2026-05-27,01:00,Wednesday,Weekday,May,1,225.03,1.316,0.296,0.296,0.0237,0.0355,0.1628,0.074
3192,2026-01-26,11:00,Monday,Weekday,January,11,233.24,3.55,0.828,0.828,0.2484,0.2815,0.1076,0.1904
3193,2026-11-04,21:00,Wednesday,Weekday,November,21,228.29,6.953,1.5873,1.5873,0.5397,0.5238,0.2063,0.3175
3194,2026-04-03,04:00,Friday,Weekday,April,4,228.41,1.165,0.2662,0.2662,0.0213,0.0319,0.1464,0.0665
3195,2026-08-20,19:00,Thursday,Weekday,August,19,231.99,10.727,2.4886,2.4886,0.8461,0.8212,0.3235,0.4977
3196,2026-01-21,06:00,Wednesday,Weekday,January,6,229.48,2.252,0.5167,0.5167,0.217,0.1033,0.0672,0.1292
3197,2026-11-03,23:00,Tuesday,Weekday,November,23,227.38,2.822,0.6416,0.6416,0.2182,0.2117,0.0834,0.1283
3198,2026-02-07,15:00,Saturday,Weekend,February,15,226.2,5.005,1.1322,1.1322,0.3397,0.3849,0.1472,0.2604
3199,2026-10-03,19:00,Saturday,Weekend,October,19,229.05,12.265,2.8093,2.8093,0.9552,0.9271,0.3652,0.5619
3200,2026-06-06,00:00,Saturday,Weekend,June,0,231.9,1.911,0.4432,0.4432,0.0355,0.0532,0.2438,0.1108
3201,2026-06-28,00:00,Sunday,Weekend,June,0,228.97,1.382,0.3165,0.3165,0.0253,0.038,0.1741,0.0791
3202,2026-05-12,16:00,Tuesday,Weekday,May,16,233.3,2.117,0.4939,0.4939,0.1482,0.1679,0.0642,0.1136
3203,2026-11-07,00:00,Saturday,Weekend,November,0,230.09,1.628,0.3746,0.3746,0.03,0.045,0.2061,0.0937
3204,2026-12-14,20:00,Monday,Weekday,December,20,231.91,10.224,2.371,2.371,0.8061,0.7824,0.3082,0.4742
3205,2026-01-28,19:00,Wednesday,Weekday,January,19,225.6,9.299,2.0979,2.0979,0.7133,0.6923,0.2727,0.4196
3206,2026-09-17,12:00,Thursday,Weekday,September,12,227.3,4.502,1.0234,1.0234,0.307,0.348,0.133,0.2354
3207,2026-03-17,08:00,Tuesday,Weekday,March,8,228.28,6.705,1.5306,1.5306,0.6428,0.3061,0.199,0.3826
3208,2026-03-08,14:00,Sunday,Weekend,March,14,229.0,3.46,0.7923,0.7923,0.2377,0.2694,0.103,0.1822
3209,2026-12-08,02:00,Tuesday,Weekday,December,2,232.88,1.672,0.3894,0.3894,0.0311,0.0467,0.2142,0.0973
3210,2026-07-13,13:00,Monday,Weekday,July,13,230.73,3.831,0.884,0.884,0.2652,0.3005,0.1149,0.2033
3211,2026-06-11,22:00,Thursday,Weekday,June,22,228.1,3.821,0.8717,0.8717,0.2964,0.2876,0.1133,0.1743
3212,2026-12-13,10:00,Sunday,Weekend,December,10,230.03,6.068,1.3957,1.3957,0.4187,0.4745,0.1814,0.321
3213,2026-12-27,23:00,Sunday,Weekend,December,23,228.93,2.769,0.6339,0.6339,0.2155,0.2092,0.0824,0.1268
3214,2026-09-14,21:00,Monday,Weekday,September,21,227.99,6.205,1.4148,1.4148,0.481,0.4669,0.1839,0.283
3215,2026-03-13,11:00,Friday,Weekday,March,11,229.8,4.603,1.0577,1.0577,0.3173,0.3596,0.1375,0.2433
3216,2026-03-28,12:00,Saturday,Weekend,March,12,229.52,4.311,0.9894,0.9894,0.2968,0.3364,0.1286,0.2276
3217,2026-09-19,12:00,Saturday,Weekend,September,12,228.09,4.67,1.0651,1.0651,0.3195,0.3621,0.1385,0.245
3218,2026-08-02,00:00,Sunday,Weekend,August,0,228.06,1.468,0.3348,0.3348,0.0268,0.0402,0.1841,0.0837
3219,2026-06-02,23:00,Tuesday,Weekday,June,23,232.04,2.43,0.5638,0.5638,0.1917,0.1861,0.0733,0.1128
3220,2026-07-29,09:00,Wednesday,Weekday,July,9,231.06,6.276,1.45,1.45,0.609,0.29,0.1885,0.3625
3221,2026-03-02,02:00,Monday,Weekday,March,2,232.36,1.176,0.2733,0.2733,0.0219,0.0328,0.1503,0.0683
3222,2026-09-25,23:00,Friday,Weekday,September,23,229.29,2.499,0.5731,0.5731,0.1949,0.1891,0.0745,0.1146
3223,2026-09-19,03:00,Saturday,Weekend,September,3,227.28,0.935,0.2125,0.2125,0.017,0.0255,0.1169,0.0531
3224,2026-08-06,15:00,Thursday,Weekday,August,15,228.57,4.321,0.9877,0.9877,0.2963,0.3358,0.1284,0.2272
3225,2026-10-10,07:00,Saturday,Weekend,October,7,232.57,1.927,0.4482,0.4482,0.1883,0.0896,0.0583,0.1121
3226,2026-05-16,15:00,Saturday,Weekend,May,15,226.0,2.562,0.5789,0.5789,0.1737,0.1968,0.0753,0.1332
3227,2026-12-28,16:00,Monday,Weekday,December,16,233.61,9.104,2.1268,2.1268,0.638,0.7231,0.2765,0.4892
3228,2026-04-03,18:00,Friday,Weekday,April,18,225.93,7.6,1.7171,1.7171,0.5838,0.5667,0.2232,0.3434
3229,2026-04-19,21:00,Sunday,Weekend,April,21,231.95,5.604,1.2999,1.2999,0.442,0.429,0.169,0.26
3230,2026-08-29,14:00,Saturday,Weekend,August,14,227.45,5.012,1.1401,1.1401,0.342,0.3876,0.1482,0.2622
3231,2026-12-21,15:00,Monday,Weekday,December,15,228.51,3.677,0.8402,0.8402,0.2521,0.2857,0.1092,0.1933
3232,2026-05-22,14:00,Friday,Weekday,May,14,224.86,3.404,0.7654,0.7654,0.2296,0.2602,0.0995,0.176
3233,2026-10-18,01:00,Sunday,Weekend,October,1,234.63,1.198,0.2812,0.2812,0.0225,0.0337,0.1546,0.0703
3234,2026-08-25,10:00,Tuesday,Weekday,August,10,231.44,4.883,1.1301,1.1301,0.339,0.3842,0.1469,0.2599
3235,2026-12-06,00:00,Sunday,Weekend,December,0,231.58,1.527,0.3537,0.3537,0.0283,0.0424,0.1945,0.0884
3236,2026-11-08,14:00,Sunday,Weekend,November,14,228.77,4.041,0.9244,0.9244,0.2773,0.3143,0.1202,0.2126
3237,2026-06-26,18:00,Friday,Weekday,June,18,227.67,6.566,1.4949,1.4949,0.5083,0.4933,0.1943,0.299
3238,2026-05-21,03:00,Thursday,Weekday,May,3,231.94,1.527,0.3542,0.3542,0.0283,0.0425,0.1948,0.0885
3239,2026-07-08,10:00,Wednesday,Weekday,July,10,226.99,4.693,1.0653,1.0653,0.3196,0.3622,0.1385,0.245
3240,2026-02-18,04:00,Wednesday,Weekday,February,4,229.58,1.425,0.3272,0.3272,0.0262,0.0393,0.1799,0.0818
3241,2026-10-29,02:00,Thursday,Weekday,October,2,226.87,1.01,0.229,0.229,0.0183,0.0275,0.126,0.0573
3242,2026-07-09,12:00,Thursday,Weekday,July,12,230.31,5.616,1.2934,1.2934,0.388,0.4398,0.1681,0.2975
3243,2026-05-16,09:00,Saturday,Weekend,May,9,225.21,5.048,1.1369,1.1369,0.4775,0.2274,0.1478,0.2842
3244,2026-02-12,10:00,Thursday,Weekday,February,10,226.3,4.597,1.0403,1.0403,0.3121,0.3537,0.1352,0.2393
3245,2026-12-19,17:00,Saturday,Weekend,December,17,225.6,7.285,1.6436,1.6436,0.5588,0.5424,0.2137,0.3287
3246,2026-03-31,01:00,Tuesday,Weekday,March,1,231.54,1.169,0.2707,0.2707,0.0217,0.0325,0.1489,0.0677
3247,2026-10-22,06:00,Thursday,Weekday,October,6,228.67,2.539,0.5805,0.5805,0.2438,0.1161,0.0755,0.1451
3248,2026-12-07,08:00,Monday,Weekday,December,8,232.38,7.377,1.7143,1.7143,0.72,0.3429,0.2229,0.4286
3249,2026-09-02,09:00,Wednesday,Weekday,September,9,233.75,3.771,0.8815,0.8815,0.3702,0.1763,0.1146,0.2204
3250,2026-07-11,17:00,Saturday,Weekend,July,17,227.47,8.731,1.986,1.986,0.6752,0.6554,0.2582,0.3972
3251,2026-11-14,22:00,Saturday,Weekend,November,22,226.3,3.783,0.8562,0.8562,0.2911,0.2825,0.1113,0.1712
3252,2026-04-16,06:00,Thursday,Weekday,April,6,232.41,2.869,0.6668,0.6668,0.2801,0.1334,0.0867,0.1667
3253,2026-12-29,06:00,Tuesday,Weekday,December,6,226.15,3.877,0.8768,0.8768,0.3682,0.1754,0.114,0.2192
3254,2026-11-06,02:00,Friday,Weekday,November,2,227.74,1.459,0.3323,0.3323,0.0266,0.0399,0.1828,0.0831
3255,2026-08-21,11:00,Friday,Weekday,August,11,225.75,5.504,1.2426,1.2426,0.3728,0.4225,0.1615,0.2858
3256,2026-09-22,06:00,Tuesday,Weekday,September,6,232.41,2.283,0.5305,0.5305,0.2228,0.1061,0.069,0.1326
3257,2026-12-10,16:00,Thursday,Weekday,December,16,231.43,3.607,0.8348,0.8348,0.2504,0.2838,0.1085,0.192
3258,2026-02-06,00:00,Friday,Weekday,February,0,234.05,1.603,0.3752,0.3752,0.03,0.045,0.2064,0.0938
3259,2026-11-01,04:00,Sunday,Weekend,November,4,228.9,1.341,0.307,0.307,0.0246,0.0368,0.1689,0.0768
3260,2026-02-10,15:00,Tuesday,Weekday,February,15,227.94,4.024,0.9172,0.9172,0.2752,0.3119,0.1192,0.211
3261,2026-01-17,14:00,Saturday,Weekend,January,14,228.69,5.153,1.1784,1.1784,0.3535,0.4007,0.1532,0.271
3262,2026-12-10,01:00,Thursday,Weekday,December,1,226.67,1.677,0.3801,0.3801,0.0304,0.0456,0.2091,0.095
3263,2026-10-04,08:00,Sunday,Weekend,October,8,233.57,3.476,0.8119,0.8119,0.341,0.1624,0.1056,0.203
3264,2026-11-03,06:00,Tuesday,Weekday,November,6,238.44,2.593,0.6182,0.6182,0.2596,0.1236,0.0804,0.1545
3265,2026-02-28,03:00,Saturday,Weekend,February,3,228.19,1.165,0.2659,0.2659,0.0213,0.0319,0.1462,0.0665
3266,2026-07-02,19:00,Thursday,Weekday,July,19,231.34,10.637,2.4608,2.4608,0.8367,0.8121,0.3199,0.4922
3267,2026-02-10,17:00,Tuesday,Weekday,February,17,229.61,5.511,1.2654,1.2654,0.4302,0.4176,0.1645,0.2531
3268,2026-02-08,20:00,Sunday,Weekend,February,20,229.98,15.364,3.5336,3.5336,1.2014,1.1661,0.4594,0.7067
3269,2026-07-11,03:00,Saturday,Weekend,July,3,232.65,1.571,0.3655,0.3655,0.0292,0.0439,0.201,0.0914
3270,2026-09-24,12:00,Thursday,Weekday,September,12,227.14,5.963,1.3545,1.3545,0.4064,0.4605,0.1761,0.3115
3271,2026-05-27,00:00,Wednesday,Weekday,May,0,228.8,1.474,0.3374,0.3374,0.027,0.0405,0.1856,0.0843
3272,2026-11-29,23:00,Sunday,Weekend,November,23,233.01,1.986,0.4629,0.4629,0.1574,0.1527,0.0602,0.0926
3273,2026-05-07,02:00,Thursday,Weekday,May,2,231.27,1.021,0.236,0.236,0.0189,0.0283,0.1298,0.059
3274,2026-02-15,15:00,Sunday,Weekend,February,15,230.82,3.983,0.9192,0.9192,0.2758,0.3125,0.1195,0.2114
3275,2026-02-14,21:00,Saturday,Weekend,February,21,229.13,8.081,1.8515,1.8515,0.6295,0.611,0.2407,0.3703
3276,2026-01-01,03:00,Thursday,Weekday,January,3,231.52,1.553,0.3596,0.3596,0.0288,0.0432,0.1978,0.0899
3277,2026-06-17,22:00,Wednesday,Weekday,June,22,232.89,4.721,1.0995,1.0995,0.3738,0.3629,0.1429,0.2199
3278,2026-04-18,15:00,Saturday,Weekend,April,15,231.88,3.595,0.8337,0.8337,0.2501,0.2834,0.1084,0.1917
3279,2026-01-19,18:00,Monday,Weekday,January,18,229.57,23.843,5.4738,5.4738,1.8611,1.8063,0.7116,1.0948
3280,2026-11-28,00:00,Saturday,Weekend,November,0,230.88,0.92,0.2124,0.2124,0.017,0.0255,0.1168,0.0531
3281,2026-03-13,04:00,Friday,Weekday,March,4,229.83,1.229,0.2826,0.2826,0.0226,0.0339,0.1554,0.0706
3282,2026-04-19,18:00,Sunday,Weekend,April,18,228.0,8.597,1.9602,1.9602,0.6665,0.6469,0.2548,0.392
3283,2026-09-25,21:00,Friday,Weekday,September,21,229.78,7.237,1.6629,1.6629,0.5654,0.5487,0.2162,0.3326
3284,2026-08-28,23:00,Friday,Weekday,August,23,229.72,2.87,0.6593,0.6593,0.2242,0.2176,0.0857,0.1319
3285,2026-10-28,10:00,Wednesday,Weekday,October,10,225.75,2.952,0.6665,0.6665,0.1999,0.2266,0.0866,0.1533
3286,2026-03-31,12:00,Tuesday,Weekday,March,12,231.94,4.555,1.0565,1.0565,0.317,0.3592,0.1373,0.243
3287,2026-04-13,19:00,Monday,Weekday,April,19,230.0,7.597,1.7473,1.7473,0.5941,0.5766,0.2271,0.3495
3288,2026-09-07,04:00,Monday,Weekday,September,4,231.36,2.882,0.6667,0.6667,0.0533,0.08,0.3667,0.1667
3289,2026-01-08,20:00,Thursday,Weekday,January,20,230.92,10.734,2.4787,2.4787,0.8428,0.818,0.3222,0.4957
3290,2026-06-02,03:00,Tuesday,Weekday,June,3,229.56,1.268,0.291,0.291,0.0233,0.0349,0.1601,0.0728
3291,2026-12-13,03:00,Sunday,Weekend,December,3,228.71,0.825,0.1886,0.1886,0.0151,0.0226,0.1037,0.0472
3292,2026-06-23,03:00,Tuesday,Weekday,June,3,232.37,1.101,0.2558,0.2558,0.0205,0.0307,0.1407,0.064
3293,2026-12-09,03:00,Wednesday,Weekday,December,3,227.35,2.463,0.5601,0.5601,0.0448,0.0672,0.308,0.14
3294,2026-06-07,19:00,Sunday,Weekend,June,19,226.49,15.06,3.4109,3.4109,1.1597,1.1256,0.4434,0.6822
3295,2026-08-03,20:00,Monday,Weekday,August,20,229.1,12.848,2.9434,2.9434,1.0007,0.9713,0.3826,0.5887
3296,2026-06-26,17:00,Friday,Weekday,June,17,231.05,6.15,1.4209,1.4209,0.4831,0.4689,0.1847,0.2842
3297,2026-06-24,17:00,Wednesday,Weekday,June,17,230.48,7.023,1.6185,1.6185,0.5503,0.5341,0.2104,0.3237
3298,2026-12-06,15:00,Sunday,Weekend,December,15,225.72,4.053,0.9148,0.9148,0.2744,0.311,0.1189,0.2104
3299,2026-12-04,08:00,Friday,Weekday,December,8,229.76,6.244,1.4346,1.4346,0.6025,0.2869,0.1865,0.3587
3300,2026-05-26,17:00,Tuesday,Weekday,May,17,227.17,5.132,1.1659,1.1659,0.3964,0.3848,0.1516,0.2332
3301,2026-11-20,21:00,Friday,Weekday,November,21,232.1,6.972,1.6182,1.6182,0.5502,0.534,0.2104,0.3236
3302,2026-06-10,01:00,Wednesday,Weekday,June,1,233.33,1.443,0.3368,0.3368,0.0269,0.0404,0.1852,0.0842
3303,2026-05-07,20:00,Thursday,Weekday,May,20,229.43,7.958,1.8259,1.8259,0.6208,0.6025,0.2374,0.3652
3304,2026-03-23,03:00,Monday,Weekday,March,3,228.61,1.443,0.3298,0.3298,0.0264,0.0396,0.1814,0.0824
3305,2026-05-27,11:00,Wednesday,Weekday,May,11,228.13,3.603,0.8219,0.8219,0.2466,0.2794,0.1068,0.189
3306,2026-08-27,06:00,Thursday,Weekday,August,6,228.97,3.143,0.7197,0.7197,0.3023,0.1439,0.0936,0.1799
3307,2026-03-25,14:00,Wednesday,Weekday,March,14,227.9,2.802,0.6385,0.6385,0.1915,0.2171,0.083,0.1468
3308,2026-04-23,06:00,Thursday,Weekday,April,6,229.6,3.015,0.6923,0.6923,0.2908,0.1385,0.09,0.1731
3309,2026-08-13,21:00,Thursday,Weekday,August,21,226.26,6.711,1.5185,1.5185,0.5163,0.5011,0.1974,0.3037
3310,2026-11-28,20:00,Saturday,Weekend,November,20,224.1,7.869,1.7635,1.7635,0.5996,0.582,0.2293,0.3527
3311,2026-08-31,16:00,Monday,Weekday,August,16,230.95,4.844,1.1188,1.1188,0.3356,0.3804,0.1454,0.2573
3312,2026-05-23,15:00,Saturday,Weekend,May,15,231.14,2.818,0.6514,0.6514,0.1954,0.2215,0.0847,0.1498
3313,2026-02-10,18:00,Tuesday,Weekday,February,18,232.27,8.279,1.9229,1.9229,0.6538,0.6345,0.25,0.3846
3314,2026-09-15,08:00,Tuesday,Weekday,September,8,228.92,5.094,1.1662,1.1662,0.4898,0.2332,0.1516,0.2915
3315,2026-10-12,13:00,Monday,Weekday,October,13,225.27,3.463,0.78,0.78,0.234,0.2652,0.1014,0.1794
3316,2026-04-15,16:00,Wednesday,Weekday,April,16,232.04,4.125,0.9571,0.9571,0.2871,0.3254,0.1244,0.2201
3317,2026-07-21,04:00,Tuesday,Weekday,July,4,232.32,1.625,0.3775,0.3775,0.0302,0.0453,0.2076,0.0944
3318,2026-11-03,01:00,Tuesday,Weekday,November,1,232.86,1.0,0.2328,0.2328,0.0186,0.0279,0.128,0.0582
3319,2026-11-27,19:00,Friday,Weekday,November,19,232.89,7.231,1.6841,1.6841,0.5726,0.5557,0.2189,0.3368
3320,2026-09-23,15:00,Wednesday,Weekday,September,15,233.71,2.95,0.6895,0.6895,0.2069,0.2344,0.0896,0.1586
3321,2026-07-29,13:00,Wednesday,Weekday,July,13,227.56,4.459,1.0147,1.0147,0.3044,0.345,0.1319,0.2334
3322,2026-02-20,13:00,Friday,Weekday,February,13,233.87,5.002,1.1697,1.1697,0.3509,0.3977,0.1521,0.269
3323,2026-04-28,00:00,Tuesday,Weekday,April,0,229.18,1.361,0.312,0.312,0.025,0.0374,0.1716,0.078
3324,2026-07-20,02:00,Monday,Weekday,July,2,232.0,1.589,0.3687,0.3687,0.0295,0.0442,0.2028,0.0922
3325,2026-02-08,06:00,Sunday,Weekend,February,6,230.65,1.482,0.3418,0.3418,0.1436,0.0684,0.0444,0.0855
3326,2026-01-28,14:00,Wednesday,Weekday,January,14,227.57,4.182,0.9517,0.9517,0.2855,0.3236,0.1237,0.2189
3327,2026-09-16,18:00,Wednesday,Weekday,September,18,232.23,7.551,1.7535,1.7535,0.5962,0.5786,0.228,0.3507
3328,2026-03-25,19:00,Wednesday,Weekday,March,19,227.34,8.642,1.9646,1.9646,0.668,0.6483,0.2554,0.3929
3329,2026-06-04,01:00,Thursday,Weekday,June,1,234.65,1.339,0.3142,0.3142,0.0251,0.0377,0.1728,0.0785
3330,2026-04-27,18:00,Monday,Weekday,April,18,228.09,11.284,2.5739,2.5739,0.8751,0.8494,0.3346,0.5148
3331,2026-01-02,08:00,Friday,Weekday,January,8,226.39,9.812,2.2213,2.2213,0.9329,0.4443,0.2888,0.5553
3332,2026-04-03,18:00,Friday,Weekday,April,18,226.42,7.369,1.6684,1.6684,0.5672,0.5506,0.2169,0.3337
3333,2026-06-15,04:00,Monday,Weekday,June,4,233.74,1.369,0.3199,0.3199,0.0256,0.0384,0.1759,0.08
3334,2026-12-16,17:00,Wednesday,Weekday,December,17,224.97,7.437,1.6732,1.6732,0.5689,0.5521,0.2175,0.3346
3335,2026-10-23,15:00,Friday,Weekday,October,15,232.28,2.097,0.4872,0.4872,0.1462,0.1656,0.0633,0.1121
3336,2026-09-15,03:00,Tuesday,Weekday,September,3,234.58,1.477,0.3464,0.3464,0.0277,0.0416,0.1905,0.0866
3337,2026-03-22,11:00,Sunday,Weekend,March,11,229.58,5.363,1.2313,1.2313,0.3694,0.4186,0.1601,0.2832
3338,2026-09-25,06:00,Friday,Weekday,September,6,229.02,2.731,0.6253,0.6253,0.2626,0.1251,0.0813,0.1563
3339,2026-08-23,13:00,Sunday,Weekend,August,13,230.2,13.434,3.0926,3.0926,0.9278,1.0515,0.402,0.7113
3340,2026-11-17,22:00,Tuesday,Weekday,November,22,227.19,3.165,0.719,0.719,0.2445,0.2373,0.0935,0.1438
3341,2026-11-07,11:00,Saturday,Weekend,November,11,236.62,5.133,1.2146,1.2146,0.3644,0.4129,0.1579,0.2793
3342,2026-10-28,02:00,Wednesday,Weekday,October,2,231.67,0.816,0.1889,0.1889,0.0151,0.0227,0.1039,0.0472
3343,2026-12-23,04:00,Wednesday,Weekday,December,4,226.95,1.606,0.3645,0.3645,0.0292,0.0437,0.2005,0.0911
3344,2026-08-01,16:00,Saturday,Weekend,August,16,227.98,4.771,1.0878,1.0878,0.3263,0.3698,0.1414,0.2502
3345,2026-03-03,09:00,Tuesday,Weekday,March,9,230.45,4.141,0.9543,0.9543,0.4008,0.1909,0.1241,0.2386
3346,2026-02-18,09:00,Wednesday,Weekday,February,9,226.76,5.472,1.2408,1.2408,0.5211,0.2482,0.1613,0.3102
3347,2026-05-07,10:00,Thursday,Weekday,May,10,226.24,3.462,0.7832,0.7832,0.235,0.2663,0.1018,0.1801
3348,2026-08-11,16:00,Tuesday,Weekday,August,16,230.73,3.967,0.9152,0.9152,0.2746,0.3112,0.119,0.2105
3349,2026-10-06,04:00,Tuesday,Weekday,October,4,232.51,1.166,0.2711,0.2711,0.0217,0.0325,0.1491,0.0678
3350,2026-10-21,12:00,Wednesday,Weekday,October,12,232.29,3.921,0.9109,0.9109,0.2733,0.3097,0.1184,0.2095
3351,2026-10-11,09:00,Sunday,Weekend,October,9,229.85,3.231,0.7427,0.7427,0.3119,0.1485,0.0965,0.1857
3352,2026-10-04,08:00,Sunday,Weekend,October,8,229.31,3.163,0.7253,0.7253,0.3046,0.1451,0.0943,0.1813
3353,2026-04-17,16:00,Friday,Weekday,April,16,230.13,3.285,0.756,0.756,0.2268,0.2571,0.0983,0.1739
3354,2026-05-26,00:00,Tuesday,Weekday,May,0,232.48,1.69,0.3929,0.3929,0.0314,0.0472,0.2161,0.0982
3355,2026-04-09,03:00,Thursday,Weekday,April,3,226.86,1.363,0.3092,0.3092,0.0247,0.0371,0.17,0.0773
3356,2026-03-14,03:00,Saturday,Weekend,March,3,228.06,0.795,0.1812,0.1812,0.0145,0.0217,0.0997,0.0453
3357,2026-05-02,17:00,Saturday,Weekend,May,17,226.84,7.548,1.7122,1.7122,0.5822,0.565,0.2226,0.3424
3358,2026-01-30,08:00,Friday,Weekday,January,8,228.39,13.337,3.046,3.046,1.2793,0.6092,0.396,0.7615
3359,2026-07-07,17:00,Tuesday,Weekday,July,17,227.14,8.47,1.924,1.924,0.6542,0.6349,0.2501,0.3848
3360,2026-12-30,13:00,Wednesday,Weekday,December,13,229.94,3.67,0.844,0.844,0.2532,0.287,0.1097,0.1941
3361,2026-12-20,14:00,Sunday,Weekend,December,14,231.69,4.188,0.9703,0.9703,0.2911,0.3299,0.1261,0.2232
3362,2026-10-15,05:00,Thursday,Weekday,October,5,225.59,1.035,0.2335,0.2335,0.0187,0.028,0.1284,0.0584
3363,2026-07-14,23:00,Tuesday,Weekday,July,23,226.0,3.482,0.7869,0.7869,0.2676,0.2597,0.1023,0.1574
3364,2026-06-05,09:00,Friday,Weekday,June,9,228.34,4.92,1.1235,1.1235,0.4719,0.2247,0.1461,0.2809
3365,2026-06-21,14:00,Sunday,Weekend,June,14,232.16,3.813,0.8851,0.8851,0.2655,0.3009,0.1151,0.2036
3366,2026-12-01,03:00,Tuesday,Weekday,December,3,228.37,1.184,0.2704,0.2704,0.0216,0.0324,0.1487,0.0676
3367,2026-02-10,17:00,Tuesday,Weekday,February,17,227.95,7.287,1.661,1.661,0.5648,0.5481,0.2159,0.3322
3368,2026-03-04,17:00,Wednesday,Weekday,March,17,230.32,5.85,1.3473,1.3473,0.4581,0.4446,0.1751,0.2695
3369,2026-01-23,16:00,Friday,Weekday,January,16,230.79,4.2,0.9693,0.9693,0.2908,0.3296,0.126,0.2229
3370,2026-12-26,11:00,Saturday,Weekend,December,11,233.91,4.968,1.162,1.162,0.3486,0.3951,0.1511,0.2673
3371,2026-03-16,06:00,Monday,Weekday,March,6,231.74,6.993,1.6204,1.6204,0.6806,0.3241,0.2107,0.4051
3372,2026-02-17,15:00,Tuesday,Weekday,February,15,232.49,4.481,1.0417,1.0417,0.3125,0.3542,0.1354,0.2396
3373,2026-06-09,10:00,Tuesday,Weekday,June,10,229.68,3.538,0.8126,0.8126,0.2438,0.2763,0.1056,0.1869
3374,2026-11-09,13:00,Monday,Weekday,November,13,233.68,3.246,0.7586,0.7586,0.2276,0.2579,0.0986,0.1745
3375,2026-04-28,02:00,Tuesday,Weekday,April,2,230.18,1.19,0.2739,0.2739,0.0219,0.0329,0.1506,0.0685
3376,2026-04-10,18:00,Friday,Weekday,April,18,223.15,7.333,1.6365,1.6365,0.5564,0.54,0.2127,0.3273
3377,2026-06-16,17:00,Tuesday,Weekday,June,17,236.15,6.057,1.4304,1.4304,0.4863,0.472,0.186,0.2861
3378,2026-10-17,09:00,Saturday,Weekend,October,9,230.12,5.32,1.2243,1.2243,0.5142,0.2449,0.1592,0.3061
3379,2026-06-05,05:00,Friday,Weekday,June,5,231.32,1.677,0.3879,0.3879,0.031,0.0465,0.2133,0.097
3380,2026-01-07,12:00,Wednesday,Weekday,January,12,227.33,5.162,1.1734,1.1734,0.352,0.399,0.1525,0.2699
3381,2026-07-15,09:00,Wednesday,Weekday,July,9,235.49,3.804,0.8958,0.8958,0.3762,0.1792,0.1164,0.2239
3382,2026-02-25,17:00,Wednesday,Weekday,February,17,227.69,8.487,1.9325,1.9325,0.657,0.6377,0.2512,0.3865
3383,2026-11-17,19:00,Tuesday,Weekday,November,19,228.83,11.012,2.5199,2.5199,0.8568,0.8316,0.3276,0.504
3384,2026-07-12,15:00,Sunday,Weekend,July,15,226.18,4.117,0.9311,0.9311,0.2793,0.3166,0.121,0.2142
3385,2026-02-16,05:00,Monday,Weekday,February,5,230.91,1.523,0.3517,0.3517,0.0281,0.0422,0.1934,0.0879
3386,2026-05-28,12:00,Thursday,Weekday,May,12,229.3,4.054,0.9297,0.9297,0.2789,0.3161,0.1209,0.2138
3387,2026-10-02,03:00,Friday,Weekday,October,3,226.14,1.05,0.2374,0.2374,0.019,0.0285,0.1306,0.0594
3388,2026-06-06,22:00,Saturday,Weekend,June,22,229.83,4.146,0.9528,0.9528,0.324,0.3144,0.1239,0.1906
3389,2026-07-21,13:00,Tuesday,Weekday,July,13,230.24,3.736,0.8601,0.8601,0.258,0.2924,0.1118,0.1978
3390,2026-05-06,00:00,Wednesday,Weekday,May,0,229.38,1.57,0.3601,0.3601,0.0288,0.0432,0.198,0.09
3391,2026-11-01,19:00,Sunday,Weekend,November,19,225.32,13.838,3.1181,3.1181,1.0602,1.029,0.4054,0.6236
3392,2026-10-21,04:00,Wednesday,Weekday,October,4,230.73,2.095,0.4833,0.4833,0.0387,0.058,0.2658,0.1208
3393,2026-03-05,07:00,Thursday,Weekday,March,7,226.83,4.181,0.9483,0.9483,0.3983,0.1897,0.1233,0.2371
3394,2026-11-21,11:00,Saturday,Weekend,November,11,232.22,5.655,1.3131,1.3131,0.3939,0.4465,0.1707,0.302
3395,2026-06-25,01:00,Thursday,Weekday,June,1,228.61,3.032,0.6932,0.6932,0.0555,0.0832,0.3812,0.1733
3396,2026-04-26,11:00,Sunday,Weekend,April,11,232.32,4.665,1.0837,1.0837,0.3251,0.3685,0.1409,0.2493
3397,2026-07-23,04:00,Thursday,Weekday,July,4,230.04,1.49,0.3429,0.3429,0.0274,0.0411,0.1886,0.0857
3398,2026-11-17,21:00,Tuesday,Weekday,November,21,230.16,5.757,1.325,1.325,0.4505,0.4373,0.1723,0.265
3399,2026-01-31,04:00,Saturday,Weekend,January,4,233.19,1.425,0.3322,0.3322,0.0266,0.0399,0.1827,0.0831
3400,2026-04-23,12:00,Thursday,Weekday,April,12,227.96,4.216,0.9611,0.9611,0.2883,0.3268,0.1249,0.2211
3401,2026-12-31,08:00,Thursday,Weekday,December,8,224.43,6.946,1.559,1.559,0.6548,0.3118,0.2027,0.3898
3402,2026-11-21,09:00,Saturday,Weekend,November,9,231.39,4.529,1.0479,1.0479,0.4401,0.2096,0.1362,0.262
3403,2026-12-10,00:00,Thursday,Weekday,December,0,226.71,1.97,0.4465,0.4465,0.0357,0.0536,0.2456,0.1116
3404,2026-03-08,02:00,Sunday,Weekend,March,2,228.0,1.198,0.2731,0.2731,0.0218,0.0328,0.1502,0.0683
3405,2026-03-16,17:00,Monday,Weekday,March,17,226.05,5.574,1.26,1.26,0.4284,0.4158,0.1638,0.252
3406,2026-02-14,11:00,Saturday,Weekend,February,11,232.88,5.537,1.2893,1.2893,0.3868,0.4384,0.1676,0.2965
3407,2026-09-17,02:00,Thursday,Weekday,September,2,227.49,1.607,0.3656,0.3656,0.0292,0.0439,0.2011,0.0914
3408,2026-06-03,08:00,Wednesday,Weekday,June,8,227.65,6.944,1.5808,1.5808,0.6639,0.3162,0.2055,0.3952
3409,2026-06-04,01:00,Thursday,Weekday,June,1,226.77,1.407,0.3191,0.3191,0.0255,0.0383,0.1755,0.0798
3410,2026-12-29,02:00,Tuesday,Weekday,December,2,229.04,1.55,0.3549,0.3549,0.0284,0.0426,0.1952,0.0887
3411,2026-08-22,13:00,Saturday,Weekend,August,13,229.64,5.839,1.3409,1.3409,0.4023,0.4559,0.1743,0.3084
3412,2026-02-20,03:00,Friday,Weekday,February,3,232.06,1.479,0.3432,0.3432,0.0275,0.0412,0.1887,0.0858
3413,2026-11-02,18:00,Monday,Weekday,November,18,225.33,7.815,1.7609,1.7609,0.5987,0.5811,0.2289,0.3522
3414,2026-09-19,12:00,Saturday,Weekend,September,12,228.5,5.393,1.2323,1.2323,0.3697,0.419,0.1602,0.2834
3415,2026-11-11,06:00,Wednesday,Weekday,November,6,233.56,2.471,0.5772,0.5772,0.2424,0.1154,0.075,0.1443
3416,2026-05-05,11:00,Tuesday,Weekday,May,11,232.6,3.437,0.7996,0.7996,0.2399,0.2718,0.1039,0.1839
3417,2026-09-02,02:00,Wednesday,Weekday,September,2,228.31,1.334,0.3045,0.3045,0.0244,0.0365,0.1675,0.0761
3418,2026-01-30,22:00,Friday,Weekday,January,22,229.88,10.703,2.4604,2.4604,0.8365,0.8119,0.3198,0.4921
3419,2026-05-02,22:00,Saturday,Weekend,May,22,234.92,3.827,0.899,0.899,0.3057,0.2967,0.1169,0.1798
3420,2026-05-05,08:00,Tuesday,Weekday,May,8,227.02,3.773,0.8566,0.8566,0.3598,0.1713,0.1114,0.2141
3421,2026-02-06,01:00,Friday,Weekday,February,1,225.2,2.121,0.4776,0.4776,0.0382,0.0573,0.2627,0.1194
3422,2026-06-19,21:00,Friday,Weekday,June,21,228.66,6.441,1.4727,1.4727,0.5007,0.486,0.1915,0.2945
3423,2026-05-04,08:00,Monday,Weekday,May,8,229.79,5.437,1.2494,1.2494,0.5248,0.2499,0.1624,0.3124
3424,2026-12-23,11:00,Wednesday,Weekday,December,11,227.99,4.755,1.0841,1.0841,0.3252,0.3686,0.1409,0.2493
3425,2026-02-04,11:00,Wednesday,Weekday,February,11,232.44,3.566,0.829,0.829,0.2487,0.2818,0.1078,0.1907
3426,2026-03-28,14:00,Saturday,Weekend,March,14,230.53,3.616,0.8336,0.8336,0.2501,0.2834,0.1084,0.1917
3427,2026-05-14,01:00,Thursday,Weekday,May,1,228.49,0.996,0.2277,0.2277,0.0182,0.0273,0.1252,0.0569
3428,2026-07-15,17:00,Wednesday,Weekday,July,17,228.64,8.0,1.8292,1.8292,0.6219,0.6036,0.2378,0.3658
3429,2026-10-01,12:00,Thursday,Weekday,October,12,228.13,4.314,0.9841,0.9841,0.2952,0.3346,0.1279,0.2263
3430,2026-07-20,13:00,Monday,Weekday,July,13,232.07,5.152,1.1957,1.1957,0.3587,0.4066,0.1554,0.275
3431,2026-10-12,04:00,Monday,Weekday,October,4,228.82,1.043,0.2386,0.2386,0.0191,0.0286,0.1312,0.0597
3432,2026-03-18,09:00,Wednesday,Weekday,March,9,227.02,2.97,0.6741,0.6741,0.2831,0.1348,0.0876,0.1685
3433,2026-02-28,11:00,Saturday,Weekend,February,11,232.4,4.806,1.117,1.117,0.3351,0.3798,0.1452,0.2569
3434,2026-05-06,09:00,Wednesday,Weekday,May,9,229.31,4.529,1.0386,1.0386,0.4362,0.2077,0.135,0.2597
3435,2026-04-19,23:00,Sunday,Weekend,April,23,226.6,1.654,0.3747,0.3747,0.1274,0.1237,0.0487,0.0749
3436,2026-08-12,10:00,Wednesday,Weekday,August,10,234.28,4.029,0.9439,0.9439,0.2832,0.3209,0.1227,0.2171
3437,2026-10-05,01:00,Monday,Weekday,October,1,231.53,1.291,0.2988,0.2988,0.0239,0.0359,0.1643,0.0747
3438,2026-03-09,04:00,Monday,Weekday,March,4,230.12,1.229,0.2828,0.2828,0.0226,0.0339,0.1555,0.0707
3439,2026-03-10,06:00,Tuesday,Weekday,March,6,229.47,2.624,0.602,0.602,0.2528,0.1204,0.0783,0.1505
3440,2026-06-14,05:00,Sunday,Weekend,June,5,229.3,1.677,0.3846,0.3846,0.0308,0.0462,0.2116,0.0962
3441,2026-11-01,21:00,Sunday,Weekend,November,21,227.62,9.352,2.1288,2.1288,0.7238,0.7025,0.2767,0.4258
3442,2026-06-11,22:00,Thursday,Weekday,June,22,229.32,4.277,0.9808,0.9808,0.3335,0.3237,0.1275,0.1962
3443,2026-12-31,02:00,Thursday,Weekday,December,2,228.53,1.685,0.385,0.385,0.0308,0.0462,0.2117,0.0962
3444,2026-12-08,12:00,Tuesday,Weekday,December,12,229.74,5.091,1.1696,1.1696,0.3509,0.3976,0.152,0.269
3445,2026-11-05,02:00,Thursday,Weekday,November,2,228.48,1.149,0.2624,0.2624,0.021,0.0315,0.1443,0.0656
3446,2026-12-09,23:00,Wednesday,Weekday,December,23,230.56,3.102,0.7151,0.7151,0.2431,0.236,0.093,0.143
3447,2026-02-11,20:00,Wednesday,Weekday,February,20,229.88,15.959,3.6686,3.6686,1.2473,1.2106,0.4769,0.7337
3448,2026-12-20,05:00,Sunday,Weekend,December,5,228.25,1.861,0.4248,0.4248,0.034,0.051,0.2336,0.1062
3449,2026-04-19,10:00,Sunday,Weekend,April,10,229.78,5.347,1.2286,1.2286,0.3686,0.4177,0.1597,0.2826
3450,2026-02-20,16:00,Friday,Weekday,February,16,231.36,4.395,1.0167,1.0167,0.305,0.3457,0.1322,0.2338
3451,2026-09-07,09:00,Monday,Weekday,September,9,224.36,4.31,0.9669,0.9669,0.4061,0.1934,0.1257,0.2417
3452,2026-12-07,11:00,Monday,Weekday,December,11,231.45,5.846,1.353,1.353,0.4059,0.46,0.1759,0.3112
3453,2026-01-21,16:00,Wednesday,Weekday,January,16,226.93,3.836,0.8706,0.8706,0.2612,0.296,0.1132,0.2002
3454,2026-10-27,03:00,Tuesday,Weekday,October,3,228.85,0.967,0.2214,0.2214,0.0177,0.0266,0.1217,0.0553
3455,2026-05-19,01:00,Tuesday,Weekday,May,1,222.93,1.273,0.2838,0.2838,0.0227,0.0341,0.1561,0.0709
3456,2026-12-25,10:00,Friday,Weekday,December,10,231.41,4.168,0.9646,0.9646,0.2894,0.328,0.1254,0.2219
3457,2026-11-20,06:00,Friday,Weekday,November,6,228.15,2.358,0.5379,0.5379,0.2259,0.1076,0.0699,0.1345
3458,2026-04-02,01:00,Thursday,Weekday,April,1,228.75,1.13,0.2584,0.2584,0.0207,0.031,0.1421,0.0646
3459,2026-10-07,17:00,Wednesday,Weekday,October,17,230.23,5.539,1.2751,1.2751,0.4335,0.4208,0.1658,0.255
3460,2026-05-05,20:00,Tuesday,Weekday,May,20,223.8,9.424,2.1092,2.1092,0.7171,0.696,0.2742,0.4218
3461,2026-04-21,03:00,Tuesday,Weekday,April,3,230.16,0.954,0.2196,0.2196,0.0176,0.0263,0.1208,0.0549
3462,2026-12-20,07:00,Sunday,Weekend,December,7,231.62,2.273,0.5264,0.5264,0.2211,0.1053,0.0684,0.1316
3463,2026-05-19,19:00,Tuesday,Weekday,May,19,229.45,8.038,1.8443,1.8443,0.6271,0.6086,0.2398,0.3689
3464,2026-09-30,13:00,Wednesday,Weekday,September,13,229.02,3.543,0.8114,0.8114,0.2434,0.2759,0.1055,0.1866
3465,2026-04-09,11:00,Thursday,Weekday,April,11,230.1,3.908,0.8992,0.8992,0.2698,0.3057,0.1169,0.2068
3466,2026-09-09,21:00,Wednesday,Weekday,September,21,229.69,7.168,1.6463,1.6463,0.5598,0.5433,0.214,0.3293
3467,2026-12-04,20:00,Friday,Weekday,December,20,231.85,9.624,2.2314,2.2314,0.7587,0.7364,0.2901,0.4463
3468,2026-04-14,17:00,Tuesday,Weekday,April,17,233.14,5.397,1.2583,1.2583,0.4278,0.4152,0.1636,0.2517
3469,2026-08-02,10:00,Sunday,Weekend,August,10,228.97,5.778,1.3231,1.3231,0.3969,0.4498,0.172,0.3043
3470,2026-09-06,07:00,Sunday,Weekend,September,7,230.58,2.421,0.5582,0.5582,0.2344,0.1116,0.0726,0.1395
3471,2026-06-01,01:00,Monday,Weekday,June,1,228.33,1.279,0.2921,0.2921,0.0234,0.0351,0.1607,0.073
3472,2026-09-07,14:00,Monday,Weekday,September,14,231.04,5.513,1.2737,1.2737,0.3821,0.433,0.1656,0.2929
3473,2026-10-02,08:00,Friday,Weekday,October,8,231.15,5.771,1.3341,1.3341,0.5603,0.2668,0.1734,0.3335
3474,2026-06-14,18:00,Sunday,Weekend,June,18,229.08,8.548,1.9582,1.9582,0.6658,0.6462,0.2546,0.3916
3475,2026-12-07,19:00,Monday,Weekday,December,19,228.64,12.187,2.7865,2.7865,0.9474,0.9196,0.3622,0.5573
3476,2026-01-08,07:00,Thursday,Weekday,January,7,230.01,5.59,1.2858,1.2858,0.54,0.2572,0.1672,0.3214
3477,2026-10-11,18:00,Sunday,Weekend,October,18,228.79,8.165,1.868,1.868,0.6351,0.6164,0.2428,0.3736
3478,2026-01-05,04:00,Monday,Weekday,January,4,227.8,1.692,0.3854,0.3854,0.0308,0.0462,0.212,0.0963
3479,2026-05-25,10:00,Monday,Weekday,May,10,230.43,2.779,0.6404,0.6404,0.1921,0.2177,0.0832,0.1473
3480,2026-04-11,14:00,Saturday,Weekend,April,14,228.56,3.53,0.8068,0.8068,0.242,0.2743,0.1049,0.1856
3481,2026-06-13,07:00,Saturday,Weekend,June,7,232.17,2.817,0.654,0.654,0.2747,0.1308,0.085,0.1635
3482,2026-05-27,18:00,Wednesday,Weekday,May,18,227.89,6.167,1.4055,1.4055,0.4779,0.4638,0.1827,0.2811
3483,2026-03-05,22:00,Thursday,Weekday,March,22,230.67,3.347,0.7721,0.7721,0.2625,0.2548,0.1004,0.1544
3484,2026-04-01,07:00,Wednesday,Weekday,April,7,229.35,3.811,0.874,0.874,0.3671,0.1748,0.1136,0.2185
3485,2026-04-27,18:00,Monday,Weekday,April,18,228.77,7.875,1.8016,1.8016,0.6126,0.5945,0.2342,0.3603
3486,2026-12-20,17:00,Sunday,Weekend,December,17,227.83,9.347,2.1295,2.1295,0.724,0.7027,0.2768,0.4259
3487,2026-09-24,09:00,Thursday,Weekday,September,9,227.95,3.708,0.8453,0.8453,0.355,0.1691,0.1099,0.2113
3488,2026-11-06,06:00,Friday,Weekday,November,6,232.73,3.064,0.713,0.713,0.2995,0.1426,0.0927,0.1782
3489,2026-06-22,08:00,Monday,Weekday,June,8,227.78,5.331,1.2142,1.2142,0.51,0.2428,0.1578,0.3036
3490,2026-02-16,00:00,Monday,Weekday,February,0,231.61,1.415,0.3277,0.3277,0.0262,0.0393,0.1803,0.0819
3491,2026-05-20,18:00,Wednesday,Weekday,May,18,224.72,6.789,1.5257,1.5257,0.5187,0.5035,0.1983,0.3051
3492,2026-09-03,04:00,Thursday,Weekday,September,4,229.28,1.352,0.31,0.31,0.0248,0.0372,0.1705,0.0775
3493,2026-05-29,18:00,Friday,Weekday,May,18,231.37,6.57,1.5202,1.5202,0.5169,0.5017,0.1976,0.304
3494,2026-09-03,00:00,Thursday,Weekday,September,0,229.31,1.126,0.2582,0.2582,0.0207,0.031,0.142,0.0645
3495,2026-01-05,14:00,Monday,Weekday,January,14,230.24,3.979,0.9162,0.9162,0.2748,0.3115,0.1191,0.2107
3496,2026-07-03,15:00,Friday,Weekday,July,15,234.01,3.812,0.892,0.892,0.2676,0.3033,0.116,0.2052
3497,2026-01-20,22:00,Tuesday,Weekday,January,22,229.64,4.831,1.1095,1.1095,0.3772,0.3661,0.1442,0.2219
3498,2026-02-15,06:00,Sunday,Weekend,February,6,230.65,1.895,0.437,0.437,0.1835,0.0874,0.0568,0.1092
3499,2026-01-12,11:00,Monday,Weekday,January,11,231.51,4.537,1.0505,1.0505,0.3151,0.3572,0.1366,0.2416
3500,2026-03-11,07:00,Wednesday,Weekday,March,7,226.55,4.197,0.9508,0.9508,0.3993,0.1902,0.1236,0.2377
3501,2026-01-17,04:00,Saturday,Weekend,January,4,228.79,1.504,0.3441,0.3441,0.0275,0.0413,0.1892,0.086
3502,2026-05-27,09:00,Wednesday,Weekday,May,9,230.32,2.731,0.6291,0.6291,0.2642,0.1258,0.0818,0.1573
3503,2026-06-03,20:00,Wednesday,Weekday,June,20,225.83,9.931,2.2428,2.2428,0.7625,0.7401,0.2916,0.4486
3504,2026-10-31,04:00,Saturday,Weekend,October,4,233.42,1.067,0.249,0.249,0.0199,0.0299,0.1369,0.0622
3505,2026-04-18,16:00,Saturday,Weekend,April,16,231.89,2.178,0.505,0.505,0.1515,0.1717,0.0656,0.1161
3506,2026-08-24,04:00,Monday,Weekday,August,4,231.52,1.693,0.392,0.392,0.0314,0.047,0.2156,0.098
3507,2026-11-04,21:00,Wednesday,Weekday,November,21,232.01,8.106,1.8807,1.8807,0.6394,0.6206,0.2445,0.3761
3508,2026-12-18,14:00,Friday,Weekday,December,14,231.81,4.143,0.9604,0.9604,0.2881,0.3265,0.1248,0.2209
3509,2026-03-11,12:00,Wednesday,Weekday,March,12,229.43,3.625,0.8316,0.8316,0.2495,0.2827,0.1081,0.1913
3510,2026-07-02,00:00,Thursday,Weekday,July,0,225.92,1.779,0.402,0.402,0.0322,0.0482,0.2211,0.1005
3511,2026-09-07,10:00,Monday,Weekday,September,10,228.3,2.942,0.6716,0.6716,0.2015,0.2283,0.0873,0.1545
3512,2026-08-16,22:00,Sunday,Weekend,August,22,228.37,5.081,1.1604,1.1604,0.3945,0.3829,0.1509,0.2321
3513,2026-04-12,00:00,Sunday,Weekend,April,0,231.55,0.961,0.2224,0.2224,0.0178,0.0267,0.1223,0.0556
3514,2026-03-16,10:00,Monday,Weekday,March,10,230.2,3.083,0.7098,0.7098,0.2129,0.2413,0.0923,0.1632
3515,2026-08-04,17:00,Tuesday,Weekday,August,17,226.09,6.527,1.4756,1.4756,0.5017,0.4869,0.1918,0.2951
3516,2026-07-22,17:00,Wednesday,Weekday,July,17,232.16,5.995,1.3919,1.3919,0.4732,0.4593,0.1809,0.2784
3517,2026-07-11,20:00,Saturday,Weekend,July,20,232.82,11.637,2.7092,2.7092,0.9211,0.894,0.3522,0.5418
3518,2026-09-06,15:00,Sunday,Weekend,September,15,233.69,3.575,0.8354,0.8354,0.2506,0.284,0.1086,0.1921
3519,2026-08-30,12:00,Sunday,Weekend,August,12,227.18,6.057,1.376,1.376,0.4128,0.4678,0.1789,0.3165
3520,2026-06-28,06:00,Sunday,Weekend,June,6,230.8,2.152,0.4966,0.4966,0.2086,0.0993,0.0646,0.1241
3521,2026-08-07,00:00,Friday,Weekday,August,0,227.48,2.062,0.4692,0.4692,0.0375,0.0563,0.258,0.1173
3522,2026-03-23,15:00,Monday,Weekday,March,15,234.85,2.594,0.6091,0.6091,0.1827,0.2071,0.0792,0.1401
3523,2026-04-02,00:00,Thursday,Weekday,April,0,230.08,1.094,0.2518,0.2518,0.0201,0.0302,0.1385,0.0629
3524,2026-06-24,16:00,Wednesday,Weekday,June,16,229.07,3.225,0.7388,0.7388,0.2216,0.2512,0.096,0.1699
3525,2026-08-27,05:00,Thursday,Weekday,August,5,228.61,1.787,0.4085,0.4085,0.0327,0.049,0.2247,0.1021
3526,2026-09-17,01:00,Thursday,Weekday,September,1,230.84,1.063,0.2453,0.2453,0.0196,0.0294,0.1349,0.0613
3527,2026-12-31,16:00,Thursday,Weekday,December,16,231.29,3.763,0.8704,0.8704,0.2611,0.2959,0.1132,0.2002
3528,2026-06-12,05:00,Friday,Weekday,June,5,225.88,1.836,0.4147,0.4147,0.0332,0.0498,0.2281,0.1037
3529,2026-02-17,13:00,Tuesday,Weekday,February,13,233.49,4.08,0.9527,0.9527,0.2858,0.3239,0.1238,0.2191
3530,2026-11-25,17:00,Wednesday,Weekday,November,17,231.18,5.338,1.234,1.234,0.4196,0.4072,0.1604,0.2468
3531,2026-11-24,05:00,Tuesday,Weekday,November,5,233.47,1.344,0.3138,0.3138,0.0251,0.0377,0.1726,0.0784
3532,2026-04-26,09:00,Sunday,Weekend,April,9,234.28,4.796,1.1236,1.1236,0.4719,0.2247,0.1461,0.2809
3533,2026-12-03,23:00,Thursday,Weekday,December,23,229.75,3.084,0.7085,0.7085,0.2409,0.2338,0.0921,0.1417
3534,2026-12-03,17:00,Thursday,Weekday,December,17,230.6,7.253,1.6726,1.6726,0.5687,0.5519,0.2174,0.3345
3535,2026-08-13,08:00,Thursday,Weekday,August,8,227.7,7.028,1.6003,1.6003,0.6721,0.3201,0.208,0.4001
3536,2026-12-18,07:00,Friday,Weekday,December,7,228.83,6.426,1.4705,1.4705,0.6176,0.2941,0.1912,0.3676
3537,2026-11-24,09:00,Tuesday,Weekday,November,9,233.93,12.425,2.9065,2.9065,1.2207,0.5813,0.3778,0.7266
3538,2026-05-27,16:00,Wednesday,Weekday,May,16,228.15,3.512,0.8014,0.8014,0.2404,0.2725,0.1042,0.1843
3539,2026-03-04,22:00,Wednesday,Weekday,March,22,230.49,4.469,1.0301,1.0301,0.3502,0.3399,0.1339,0.206
3540,2026-10-21,05:00,Wednesday,Weekday,October,5,227.73,1.26,0.287,0.287,0.023,0.0344,0.1579,0.0718
3541,2026-11-19,13:00,Thursday,Weekday,November,13,228.36,3.237,0.7392,0.7392,0.2218,0.2513,0.0961,0.17
3542,2026-11-21,21:00,Saturday,Weekend,November,21,228.1,7.531,1.7178,1.7178,0.584,0.5669,0.2233,0.3436
3543,2026-01-13,21:00,Tuesday,Weekday,January,21,232.22,7.401,1.7187,1.7187,0.5844,0.5672,0.2234,0.3437
3544,2026-07-08,05:00,Wednesday,Weekday,July,5,231.28,2.166,0.5009,0.5009,0.0401,0.0601,0.2755,0.1252
3545,2026-10-14,06:00,Wednesday,Weekday,October,6,232.1,2.251,0.5224,0.5224,0.2194,0.1045,0.0679,0.1306
3546,2026-07-27,11:00,Monday,Weekday,July,11,225.48,5.003,1.1282,1.1282,0.3385,0.3836,0.1467,0.2595
3547,2026-04-24,02:00,Friday,Weekday,April,2,230.09,1.222,0.2812,0.2812,0.0225,0.0337,0.1547,0.0703
3548,2026-01-22,13:00,Thursday,Weekday,January,13,229.04,4.212,0.9647,0.9647,0.2894,0.328,0.1254,0.2219
3549,2026-12-15,21:00,Tuesday,Weekday,December,21,230.18,8.614,1.9828,1.9828,0.6742,0.6543,0.2578,0.3966
3550,2026-08-02,18:00,Sunday,Weekend,August,18,235.1,11.284,2.6528,2.6528,0.902,0.8754,0.3449,0.5306
3551,2026-06-20,22:00,Saturday,Weekend,June,22,224.02,3.886,0.8707,0.8707,0.296,0.2873,0.1132,0.1741
3552,2026-11-19,15:00,Thursday,Weekday,November,15,231.0,3.055,0.7058,0.7058,0.2117,0.24,0.0918,0.1623
3553,2026-02-23,06:00,Monday,Weekday,February,6,235.51,2.524,0.5944,0.5944,0.2496,0.1189,0.0773,0.1486
3554,2026-10-25,07:00,Sunday,Weekend,October,7,228.73,1.738,0.3975,0.3975,0.1669,0.0795,0.0517,0.0994
3555,2026-11-16,17:00,Monday,Weekday,November,17,229.44,6.543,1.5013,1.5013,0.5104,0.4954,0.1952,0.3003
3556,2026-05-06,12:00,Wednesday,Weekday,May,12,231.69,4.617,1.0698,1.0698,0.3209,0.3637,0.1391,0.246
3557,2026-10-04,20:00,Sunday,Weekend,October,20,223.13,8.266,1.8445,1.8445,0.6271,0.6087,0.2398,0.3689
3558,2026-07-23,08:00,Thursday,Weekday,July,8,229.7,8.007,1.8393,1.8393,0.7725,0.3679,0.2391,0.4598
3559,2026-07-13,09:00,Monday,Weekday,July,9,228.01,4.307,0.9821,0.9821,0.4125,0.1964,0.1277,0.2455
3560,2026-06-18,20:00,Thursday,Weekday,June,20,232.43,9.915,2.3045,2.3045,0.7835,0.7605,0.2996,0.4609
3561,2026-06-01,22:00,Monday,Weekday,June,22,229.48,4.056,0.9308,0.9308,0.3165,0.3072,0.121,0.1862
3562,2026-02-04,08:00,Wednesday,Weekday,February,8,227.36,6.757,1.5363,1.5363,0.6453,0.3073,0.1997,0.3841
3563,2026-07-03,14:00,Friday,Weekday,July,14,232.12,3.886,0.9019,0.9019,0.2706,0.3067,0.1173,0.2074
3564,2026-10-13,19:00,Tuesday,Weekday,October,19,230.58,7.255,1.6729,1.6729,0.5688,0.5521,0.2175,0.3346
3565,2026-02-26,01:00,Thursday,Weekday,February,1,232.24,1.853,0.4304,0.4304,0.0344,0.0516,0.2367,0.1076
3566,2026-08-10,12:00,Monday,Weekday,August,12,234.78,5.525,1.2971,1.2971,0.3891,0.441,0.1686,0.2983
3567,2026-10-30,01:00,Friday,Weekday,October,1,228.54,3.179,0.7265,0.7265,0.0581,0.0872,0.3996,0.1816
3568,2026-06-12,18:00,Friday,Weekday,June,18,233.62,6.906,1.6134,1.6134,0.5486,0.5324,0.2097,0.3227
3569,2026-01-19,01:00,Monday,Weekday,January,1,234.69,1.377,0.3233,0.3233,0.0259,0.0388,0.1778,0.0808
3570,2026-09-21,02:00,Monday,Weekday,September,2,228.08,1.313,0.2995,0.2995,0.024,0.0359,0.1647,0.0749
3571,2026-10-09,05:00,Friday,Weekday,October,5,228.32,1.153,0.2632,0.2632,0.0211,0.0316,0.1448,0.0658
3572,2026-04-23,02:00,Thursday,Weekday,April,2,230.12,1.203,0.2768,0.2768,0.0221,0.0332,0.1523,0.0692
3573,2026-11-23,09:00,Monday,Weekday,November,9,229.5,4.801,1.1019,1.1019,0.4628,0.2204,0.1432,0.2755
3574,2026-01-30,23:00,Friday,Weekday,January,23,234.27,2.794,0.6546,0.6546,0.2226,0.216,0.0851,0.1309
3575,2026-05-15,05:00,Friday,Weekday,May,5,227.84,1.506,0.3431,0.3431,0.0274,0.0412,0.1887,0.0858
3576,2026-03-08,22:00,Sunday,Weekend,March,22,230.61,3.522,0.8123,0.8123,0.2762,0.2681,0.1056,0.1625
3577,2026-03-06,15:00,Friday,Weekday,March,15,228.09,2.447,0.5581,0.5581,0.1674,0.1897,0.0725,0.1284
3578,2026-10-19,16:00,Monday,Weekday,October,16,230.27,3.233,0.7444,0.7444,0.2233,0.2531,0.0968,0.1712
3579,2026-01-25,18:00,Sunday,Weekend,January,18,234.56,10.944,2.5669,2.5669,0.8728,0.8471,0.3337,0.5134
3580,2026-02-06,02:00,Friday,Weekday,February,2,234.56,1.975,0.4633,0.4633,0.0371,0.0556,0.2548,0.1158
3581,2026-01-01,17:00,Thursday,Weekday,January,17,230.95,6.061,1.3998,1.3998,0.4759,0.4619,0.182,0.28
3582,2026-02-06,06:00,Friday,Weekday,February,6,231.57,2.82,0.653,0.653,0.2742,0.1306,0.0849,0.1632
3583,2026-05-21,08:00,Thursday,Weekday,May,8,231.18,4.282,0.9899,0.9899,0.4158,0.198,0.1287,0.2475
3584,2026-08-20,19:00,Thursday,Weekday,August,19,228.13,11.222,2.5601,2.5601,0.8704,0.8448,0.3328,0.512
3585,2026-05-16,11:00,Saturday,Weekend,May,11,234.79,3.375,0.7925,0.7925,0.2378,0.2695,0.103,0.1823
3586,2026-07-07,04:00,Tuesday,Weekday,July,4,233.3,1.312,0.3061,0.3061,0.0245,0.0367,0.1684,0.0765
3587,2026-05-08,02:00,Friday,Weekday,May,2,230.59,1.251,0.2886,0.2886,0.0231,0.0346,0.1587,0.0721
3588,2026-07-20,10:00,Monday,Weekday,July,10,229.46,4.054,0.9303,0.9303,0.2791,0.3163,0.1209,0.214
3589,2026-05-07,03:00,Thursday,Weekday,May,3,229.62,2.977,0.6836,0.6836,0.0547,0.082,0.376,0.1709
3590,2026-09-14,04:00,Monday,Weekday,September,4,230.85,1.147,0.2648,0.2648,0.0212,0.0318,0.1457,0.0662
3591,2026-06-13,00:00,Saturday,Weekend,June,0,229.91,1.8,0.4138,0.4138,0.0331,0.0497,0.2276,0.1034
3592,2026-02-04,17:00,Wednesday,Weekday,February,17,232.85,6.232,1.4512,1.4512,0.4934,0.4789,0.1887,0.2902
3593,2026-07-13,11:00,Monday,Weekday,July,11,231.2,5.07,1.1723,1.1723,0.3517,0.3986,0.1524,0.2696
3594,2026-07-10,12:00,Friday,Weekday,July,12,227.62,5.324,1.2118,1.2118,0.3635,0.412,0.1575,0.2787
3595,2026-04-14,08:00,Tuesday,Weekday,April,8,227.13,5.071,1.1517,1.1517,0.4837,0.2303,0.1497,0.2879
3596,2026-01-23,01:00,Friday,Weekday,January,1,232.48,1.625,0.3777,0.3777,0.0302,0.0453,0.2078,0.0944
3597,2026-09-22,04:00,Tuesday,Weekday,September,4,227.11,0.974,0.2211,0.2211,0.0177,0.0265,0.1216,0.0553
3598,2026-10-17,12:00,Saturday,Weekend,October,12,229.13,5.014,1.1489,1.1489,0.3447,0.3906,0.1494,0.2642
3599,2026-09-17,15:00,Thursday,Weekday,September,15,228.9,3.123,0.7148,0.7148,0.2144,0.243,0.0929,0.1644
3600,2026-12-24,15:00,Thursday,Weekday,December,15,226.9,3.74,0.8486,0.8486,0.2546,0.2885,0.1103,0.1952
3601,2026-03-16,23:00,Monday,Weekday,March,23,230.78,2.637,0.6086,0.6086,0.2069,0.2008,0.0791,0.1217
3602,2026-12-21,02:00,Monday,Weekday,December,2,229.69,1.578,0.3624,0.3624,0.029,0.0435,0.1993,0.0906
3603,2026-03-13,21:00,Friday,Weekday,March,21,228.41,5.281,1.2062,1.2062,0.4101,0.3981,0.1568,0.2412
3604,2026-09-16,03:00,Wednesday,Weekday,September,3,235.21,1.643,0.3865,0.3865,0.0309,0.0464,0.2126,0.0966
3605,2026-07-07,10:00,Tuesday,Weekday,July,10,223.92,3.869,0.8664,0.8664,0.2599,0.2946,0.1126,0.1993
3606,2026-06-22,22:00,Monday,Weekday,June,22,227.84,4.817,1.0975,1.0975,0.3732,0.3622,0.1427,0.2195
3607,2026-10-17,13:00,Saturday,Weekend,October,13,228.56,3.304,0.7551,0.7551,0.2265,0.2568,0.0982,0.1737
3608,2026-02-14,02:00,Saturday,Weekend,February,2,226.6,1.335,0.3024,0.3024,0.0242,0.0363,0.1663,0.0756
3609,2026-03-02,15:00,Monday,Weekday,March,15,235.64,2.709,0.6383,0.6383,0.1915,0.217,0.083,0.1468
3610,2026-03-24,21:00,Tuesday,Weekday,March,21,235.62,3.73,0.8789,0.8789,0.2988,0.29,0.1143,0.1758
3611,2026-05-03,14:00,Sunday,Weekend,May,14,228.29,3.098,0.7071,0.7071,0.2121,0.2404,0.0919,0.1626
3612,2026-12-24,09:00,Thursday,Weekday,December,9,233.17,4.574,1.0665,1.0665,0.4479,0.2133,0.1386,0.2666
3613,2026-01-16,08:00,Friday,Weekday,January,8,230.45,7.265,1.6742,1.6742,0.7032,0.3348,0.2176,0.4186
3614,2026-03-07,10:00,Saturday,Weekend,March,10,234.14,3.893,0.9115,0.9115,0.2734,0.3099,0.1185,0.2096
3615,2026-05-25,15:00,Monday,Weekday,May,15,229.73,2.417,0.5553,0.5553,0.1666,0.1888,0.0722,0.1277
3616,2026-06-11,09:00,Thursday,Weekday,June,9,231.08,4.637,1.0714,1.0714,0.45,0.2143,0.1393,0.2679
3617,2026-08-22,16:00,Saturday,Weekend,August,16,233.51,5.006,1.169,1.169,0.3507,0.3974,0.152,0.2689
3618,2026-05-24,18:00,Sunday,Weekend,May,18,232.34,7.35,1.7077,1.7077,0.5806,0.5635,0.222,0.3415
3619,2026-12-24,01:00,Thursday,Weekday,December,1,230.38,1.377,0.3172,0.3172,0.0254,0.0381,0.1745,0.0793
3620,2026-07-07,23:00,Tuesday,Weekday,July,23,227.64,2.695,0.6135,0.6135,0.2086,0.2025,0.0798,0.1227
3621,2026-11-18,22:00,Wednesday,Weekday,November,22,228.09,4.416,1.0073,1.0073,0.3425,0.3324,0.131,0.2015
3622,2026-01-13,01:00,Tuesday,Weekday,January,1,225.38,1.741,0.3925,0.3925,0.0314,0.0471,0.2159,0.0981
3623,2026-07-03,05:00,Friday,Weekday,July,5,231.97,1.604,0.372,0.372,0.0298,0.0446,0.2046,0.093
3624,2026-04-21,18:00,Tuesday,Weekday,April,18,229.29,7.718,1.7697,1.7697,0.6017,0.584,0.2301,0.3539
3625,2026-10-17,07:00,Saturday,Weekend,October,7,230.72,1.941,0.4479,0.4479,0.1881,0.0896,0.0582,0.112
3626,2026-10-22,02:00,Thursday,Weekday,October,2,229.94,1.026,0.2359,0.2359,0.0189,0.0283,0.1297,0.059
3627,2026-08-03,13:00,Monday,Weekday,August,13,227.14,5.521,1.254,1.254,0.3762,0.4264,0.163,0.2884
3628,2026-04-30,15:00,Thursday,Weekday,April,15,230.78,2.491,0.5749,0.5749,0.1725,0.1955,0.0747,0.1322
3629,2026-02-24,00:00,Tuesday,Weekday,February,0,231.51,1.526,0.3533,0.3533,0.0283,0.0424,0.1943,0.0883
3630,2026-01-27,20:00,Tuesday,Weekday,January,20,225.94,12.195,2.7552,2.7552,0.9368,0.9092,0.3582,0.551
3631,2026-04-28,02:00,Tuesday,Weekday,April,2,229.93,1.429,0.3286,0.3286,0.0263,0.0394,0.1807,0.0822
3632,2026-08-09,21:00,Sunday,Weekend,August,21,227.34,8.909,2.0253,2.0253,0.6886,0.6684,0.2633,0.4051
3633,2026-08-19,17:00,Wednesday,Weekday,August,17,228.47,7.009,1.6014,1.6014,0.5445,0.5284,0.2082,0.3203
3634,2026-02-22,08:00,Sunday,Weekend,February,8,227.16,3.608,0.8196,0.8196,0.3442,0.1639,0.1065,0.2049
3635,2026-10-22,05:00,Thursday,Weekday,October,5,229.33,1.07,0.2454,0.2454,0.0196,0.0294,0.135,0.0613
3636,2026-11-17,22:00,Tuesday,Weekday,November,22,234.07,4.671,1.0934,1.0934,0.3718,0.3608,0.1421,0.2187
3637,2026-08-21,20:00,Friday,Weekday,August,20,227.12,10.948,2.4865,2.4865,0.8454,0.8205,0.3232,0.4973
3638,2026-06-07,00:00,Sunday,Weekend,June,0,228.3,1.819,0.4152,0.4152,0.0332,0.0498,0.2284,0.1038
3639,2026-09-26,20:00,Saturday,Weekend,September,20,225.94,11.471,2.5918,2.5918,0.8812,0.8553,0.3369,0.5184
3640,2026-01-21,09:00,Wednesday,Weekday,January,9,229.52,3.64,0.8354,0.8354,0.3509,0.1671,0.1086,0.2088
3641,2026-02-22,05:00,Sunday,Weekend,February,5,234.48,1.543,0.3619,0.3619,0.029,0.0434,0.199,0.0905
3642,2026-10-02,22:00,Friday,Weekday,October,22,233.51,3.532,0.8248,0.8248,0.2804,0.2722,0.1072,0.165
3643,2026-11-09,11:00,Monday,Weekday,November,11,229.64,3.091,0.7098,0.7098,0.2129,0.2413,0.0923,0.1633
3644,2026-10-08,03:00,Thursday,Weekday,October,3,228.39,0.907,0.2071,0.2071,0.0166,0.0248,0.1139,0.0518
3645,2026-08-02,12:00,Sunday,Weekend,August,12,223.2,8.444,1.8846,1.8846,0.5654,0.6408,0.245,0.4335
3646,2026-01-31,16:00,Saturday,Weekend,January,16,227.72,4.912,1.1186,1.1186,0.3356,0.3803,0.1454,0.2573
3647,2026-12-03,07:00,Thursday,Weekday,December,7,222.45,7.149,1.5903,1.5903,0.6679,0.3181,0.2067,0.3976
3648,2026-07-02,19:00,Thursday,Weekday,July,19,229.16,10.169,2.3303,2.3303,0.7923,0.769,0.3029,0.4661
3649,2026-01-23,02:00,Friday,Weekday,January,2,233.34,1.273,0.297,0.297,0.0238,0.0356,0.1634,0.0743
3650,2026-02-01,11:00,Sunday,Weekend,February,11,229.06,4.417,1.0117,1.0117,0.3035,0.344,0.1315,0.2327
3651,2026-03-15,06:00,Sunday,Weekend,March,6,230.96,1.875,0.433,0.433,0.1819,0.0866,0.0563,0.1083
3652,2026-01-10,11:00,Saturday,Weekend,January,11,225.7,6.821,1.5396,1.5396,0.4619,0.5235,0.2001,0.3541
3653,2026-02-23,01:00,Monday,Weekday,February,1,225.15,1.425,0.3208,0.3208,0.0257,0.0385,0.1765,0.0802
3654,2026-02-21,23:00,Saturday,Weekend,February,23,230.14,2.41,0.5546,0.5546,0.1886,0.183,0.0721,0.1109
3655,2026-05-28,13:00,Thursday,Weekday,May,13,230.96,2.455,0.5671,0.5671,0.1701,0.1928,0.0737,0.1304
3656,2026-06-09,21:00,Tuesday,Weekday,June,21,233.4,7.128,1.6636,1.6636,0.5656,0.549,0.2163,0.3327
3657,2026-01-14,22:00,Wednesday,Weekday,January,22,235.16,5.008,1.1776,1.1776,0.4004,0.3886,0.1531,0.2355
3658,2026-06-27,04:00,Saturday,Weekend,June,4,229.3,1.512,0.3467,0.3467,0.0277,0.0416,0.1907,0.0867
3659,2026-02-22,08:00,Sunday,Weekend,February,8,232.28,3.988,0.9264,0.9264,0.3891,0.1853,0.1204,0.2316
3660,2026-12-01,20:00,Tuesday,Weekday,December,20,229.55,8.162,1.8736,1.8736,0.637,0.6183,0.2436,0.3747
3661,2026-01-22,10:00,Thursday,Weekday,January,10,230.01,3.723,0.8562,0.8562,0.2569,0.2911,0.1113,0.1969
3662,2026-01-30,04:00,Friday,Weekday,January,4,229.91,1.384,0.3182,0.3182,0.0255,0.0382,0.175,0.0795
3663,2026-07-10,02:00,Friday,Weekday,July,2,229.64,1.515,0.3479,0.3479,0.0278,0.0417,0.1913,0.087
3664,2026-09-17,16:00,Thursday,Weekday,September,16,229.75,3.324,0.7638,0.7638,0.2291,0.2597,0.0993,0.1757
3665,2026-07-24,01:00,Friday,Weekday,July,1,234.14,1.928,0.4513,0.4513,0.0361,0.0542,0.2482,0.1128
3666,2026-02-28,23:00,Saturday,Weekend,February,23,230.54,2.764,0.6372,0.6372,0.2166,0.2103,0.0828,0.1274
3667,2026-09-21,00:00,Monday,Weekday,September,0,234.35,2.029,0.4756,0.4756,0.038,0.0571,0.2616,0.1189
3668,2026-01-12,06:00,Monday,Weekday,January,6,227.75,3.132,0.7134,0.7134,0.2996,0.1427,0.0927,0.1783
3669,2026-04-29,13:00,Wednesday,Weekday,April,13,222.92,2.936,0.6544,0.6544,0.1963,0.2225,0.0851,0.1505
3670,2026-10-17,04:00,Saturday,Weekend,October,4,228.84,1.313,0.3005,0.3005,0.024,0.0361,0.1653,0.0751
3671,2026-12-04,18:00,Friday,Weekday,December,18,227.77,9.723,2.2146,2.2146,0.753,0.7308,0.2879,0.4429
3672,2026-09-05,10:00,Saturday,Weekend,September,10,226.27,3.765,0.8519,0.8519,0.2556,0.2896,0.1107,0.1959
3673,2026-12-20,22:00,Sunday,Weekend,December,22,233.25,4.969,1.159,1.159,0.394,0.3825,0.1507,0.2318
3674,2026-05-07,01:00,Thursday,Weekday,May,1,226.66,1.378,0.3123,0.3123,0.025,0.0375,0.1718,0.0781
3675,2026-03-16,07:00,Monday,Weekday,March,7,231.46,5.223,1.2088,1.2088,0.5077,0.2418,0.1571,0.3022
3676,2026-12-27,08:00,Sunday,Weekend,December,8,235.04,3.305,0.7767,0.7767,0.3262,0.1553,0.101,0.1942
3677,2026-07-23,02:00,Thursday,Weekday,July,2,227.13,1.346,0.3056,0.3056,0.0245,0.0367,0.1681,0.0764
3678,2026-02-18,01:00,Wednesday,Weekday,February,1,229.42,1.755,0.4027,0.4027,0.0322,0.0483,0.2215,0.1007
3679,2026-03-20,06:00,Friday,Weekday,March,6,233.38,2.506,0.5849,0.5849,0.2457,0.117,0.076,0.1462
3680,2026-08-29,04:00,Saturday,Weekend,August,4,228.96,1.498,0.343,0.343,0.0274,0.0412,0.1886,0.0857
3681,2026-12-15,20:00,Tuesday,Weekday,December,20,228.37,8.639,1.9728,1.9728,0.6707,0.651,0.2565,0.3946
3682,2026-06-03,04:00,Wednesday,Weekday,June,4,231.6,1.362,0.3155,0.3155,0.0252,0.0379,0.1736,0.0789
3683,2026-10-01,19:00,Thursday,Weekday,October,19,229.64,10.803,2.4807,2.4807,0.8435,0.8186,0.3225,0.4961
3684,2026-04-06,12:00,Monday,Weekday,April,12,228.88,4.035,0.9236,0.9236,0.2771,0.314,0.1201,0.2124
3685,2026-08-02,20:00,Sunday,Weekend,August,20,225.14,13.85,3.1183,3.1183,1.0602,1.029,0.4054,0.6237
3686,2026-10-21,19:00,Wednesday,Weekday,October,19,224.5,8.548,1.919,1.919,0.6525,0.6333,0.2495,0.3838
3687,2026-07-28,05:00,Tuesday,Weekday,July,5,231.49,1.932,0.4472,0.4472,0.0358,0.0537,0.246,0.1118
3688,2026-12-09,19:00,Wednesday,Weekday,December,19,226.02,10.146,2.2932,2.2932,0.7797,0.7568,0.2981,0.4586
3689,2026-03-29,17:00,Sunday,Weekend,March,17,232.99,4.233,0.9863,0.9863,0.3353,0.3255,0.1282,0.1973
3690,2026-11-02,01:00,Monday,Weekday,November,1,233.97,1.255,0.2935,0.2935,0.0235,0.0352,0.1614,0.0734
3691,2026-09-21,05:00,Monday,Weekday,September,5,227.11,2.731,0.6202,0.6202,0.0496,0.0744,0.3411,0.155
3692,2026-11-21,08:00,Saturday,Weekend,November,8,231.85,2.353,0.5454,0.5454,0.2291,0.1091,0.0709,0.1364
3693,2026-11-16,02:00,Monday,Weekday,November,2,235.15,1.306,0.3071,0.3071,0.0246,0.0368,0.1689,0.0768
3694,2026-06-06,00:00,Saturday,Weekend,June,0,227.86,1.413,0.3219,0.3219,0.0258,0.0386,0.1771,0.0805
3695,2026-06-05,00:00,Friday,Weekday,June,0,233.0,1.954,0.4553,0.4553,0.0364,0.0546,0.2504,0.1138
3696,2026-05-19,18:00,Tuesday,Weekday,May,18,228.87,7.341,1.6803,1.6803,0.5713,0.5545,0.2184,0.3361
3697,2026-05-01,04:00,Friday,Weekday,May,4,232.4,1.109,0.2577,0.2577,0.0206,0.0309,0.1418,0.0644
3698,2026-03-06,12:00,Friday,Weekday,March,12,228.11,8.499,1.9388,1.9388,0.5816,0.6592,0.252,0.4459
3699,2026-04-17,18:00,Friday,Weekday,April,18,234.01,7.545,1.7655,1.7655,0.6003,0.5826,0.2295,0.3531
3700,2026-05-27,11:00,Wednesday,Weekday,May,11,228.33,3.467,0.7917,0.7917,0.2375,0.2692,0.1029,0.1821
3701,2026-05-17,15:00,Sunday,Weekend,May,15,231.6,3.13,0.725,0.725,0.2175,0.2465,0.0942,0.1667
3702,2026-06-11,18:00,Thursday,Weekday,June,18,228.11,9.577,2.1845,2.1845,0.7427,0.7209,0.284,0.4369
3703,2026-04-10,02:00,Friday,Weekday,April,2,231.34,1.124,0.26,0.26,0.0208,0.0312,0.143,0.065
3704,2026-12-04,11:00,Friday,Weekday,December,11,227.54,4.657,1.0597,1.0597,0.3179,0.3603,0.1378,0.2437
3705,2026-11-03,04:00,Tuesday,Weekday,November,4,226.93,1.364,0.3095,0.3095,0.0248,0.0371,0.1702,0.0774
3706,2026-05-21,01:00,Thursday,Weekday,May,1,230.72,1.03,0.2376,0.2376,0.019,0.0285,0.1307,0.0594
3707,2026-03-24,21:00,Tuesday,Weekday,March,21,226.93,7.578,1.7197,1.7197,0.5847,0.5675,0.2236,0.3439
3708,2026-06-26,06:00,Friday,Weekday,June,6,229.0,3.153,0.7221,0.7221,0.3033,0.1444,0.0939,0.1805
3709,2026-07-17,12:00,Friday,Weekday,July,12,231.36,5.118,1.1842,1.1842,0.3553,0.4026,0.1539,0.2724
3710,2026-04-22,14:00,Wednesday,Weekday,April,14,226.26,2.808,0.6354,0.6354,0.1906,0.216,0.0826,0.1461
3711,2026-02-25,21:00,Wednesday,Weekday,February,21,230.85,7.276,1.6796,1.6796,0.5711,0.5543,0.2184,0.3359
3712,2026-06-28,02:00,Sunday,Weekend,June,2,230.3,1.334,0.3073,0.3073,0.0246,0.0369,0.169,0.0768
3713,2026-07-05,20:00,Sunday,Weekend,July,20,230.16,10.055,2.3143,2.3143,0.7869,0.7637,0.3009,0.4629
3714,2026-08-06,19:00,Thursday,Weekday,August,19,228.79,9.978,2.2829,2.2829,0.7762,0.7534,0.2968,0.4566
3715,2026-11-12,04:00,Thursday,Weekday,November,4,231.46,1.452,0.3362,0.3362,0.0269,0.0403,0.1849,0.084
3716,2026-08-05,23:00,Wednesday,Weekday,August,23,227.0,2.898,0.6579,0.6579,0.2237,0.2171,0.0855,0.1316
3717,2026-04-30,07:00,Thursday,Weekday,April,7,232.91,5.193,1.2096,1.2096,0.508,0.2419,0.1572,0.3024
3718,2026-06-24,21:00,Wednesday,Weekday,June,21,229.41,16.362,3.7536,3.7536,1.2762,1.2387,0.488,0.7507
3719,2026-01-23,00:00,Friday,Weekday,January,0,228.81,2.127,0.4867,0.4867,0.0389,0.0584,0.2677,0.1217
3720,2026-08-01,07:00,Saturday,Weekend,August,7,229.69,3.318,0.7621,0.7621,0.3201,0.1524,0.0991,0.1905
3721,2026-08-23,23:00,Sunday,Weekend,August,23,230.91,2.816,0.6502,0.6502,0.2211,0.2146,0.0845,0.13
3722,2026-01-13,17:00,Tuesday,Weekday,January,17,229.0,7.595,1.7394,1.7394,0.5914,0.574,0.2261,0.3479
3723,2026-04-11,19:00,Saturday,Weekend,April,19,228.79,11.703,2.6776,2.6776,0.9104,0.8836,0.3481,0.5355
3724,2026-01-24,15:00,Saturday,Weekend,January,15,234.13,4.421,1.0351,1.0351,0.3105,0.3519,0.1346,0.2381
3725,2026-12-30,17:00,Wednesday,Weekday,December,17,225.43,7.338,1.6542,1.6542,0.5624,0.5459,0.215,0.3308
3726,2026-01-11,19:00,Sunday,Weekend,January,19,228.88,14.128,3.2337,3.2337,1.0995,1.0671,0.4204,0.6467
3727,2026-09-30,11:00,Wednesday,Weekday,September,11,229.73,3.417,0.7851,0.7851,0.2355,0.2669,0.1021,0.1806
3728,2026-10-08,12:00,Thursday,Weekday,October,12,232.86,4.79,1.1154,1.1154,0.3346,0.3792,0.145,0.2565
3729,2026-04-04,12:00,Saturday,Weekend,April,12,234.06,4.817,1.1275,1.1275,0.3383,0.3834,0.1466,0.2593
3730,2026-07-20,09:00,Monday,Weekday,July,9,230.49,5.814,1.3402,1.3402,0.5629,0.268,0.1742,0.335
3731,2026-01-21,06:00,Wednesday,Weekday,January,6,231.55,3.151,0.7296,0.7296,0.3064,0.1459,0.0948,0.1824
3732,2026-12-06,13:00,Sunday,Weekend,December,13,233.04,13.425,3.1286,3.1286,0.9386,1.0637,0.4067,0.7196
3733,2026-07-30,23:00,Thursday,Weekday,July,23,232.5,3.438,0.7994,0.7994,0.2718,0.2638,0.1039,0.1599
3734,2026-05-20,15:00,Wednesday,Weekday,May,15,233.14,2.419,0.564,0.564,0.1692,0.1917,0.0733,0.1297
3735,2026-10-20,14:00,Tuesday,Weekday,October,14,229.25,2.64,0.6052,0.6052,0.1815,0.2058,0.0787,0.1392
3736,2026-10-25,11:00,Sunday,Weekend,October,11,228.71,5.101,1.1665,1.1665,0.35,0.3966,0.1516,0.2683
3737,2026-04-11,08:00,Saturday,Weekend,April,8,227.16,3.15,0.7155,0.7155,0.3005,0.1431,0.093,0.1789
3738,2026-10-31,07:00,Saturday,Weekend,October,7,229.51,2.179,0.5001,0.5001,0.21,0.1,0.065,0.125
3739,2026-12-25,17:00,Friday,Weekday,December,17,229.79,5.736,1.318,1.318,0.4481,0.4349,0.1713,0.2636
3740,2026-01-28,22:00,Wednesday,Weekday,January,22,229.64,6.079,1.3959,1.3959,0.4746,0.4607,0.1815,0.2792
3741,2026-02-10,17:00,Tuesday,Weekday,February,17,231.23,6.342,1.4665,1.4665,0.4986,0.4839,0.1906,0.2933
3742,2026-12-21,12:00,Monday,Weekday,December,12,231.3,5.678,1.3133,1.3133,0.394,0.4465,0.1707,0.3021
3743,2026-10-30,17:00,Friday,Weekday,October,17,229.84,4.986,1.146,1.146,0.3896,0.3782,0.149,0.2292
3744,2026-05-26,14:00,Tuesday,Weekday,May,14,230.87,2.926,0.6756,0.6756,0.2027,0.2297,0.0878,0.1554
3745,2026-09-13,03:00,Sunday,Weekend,September,3,232.07,1.154,0.2677,0.2677,0.0214,0.0321,0.1472,0.0669
3746,2026-08-15,16:00,Saturday,Weekend,August,16,228.0,4.958,1.1304,1.1304,0.3391,0.3843,0.147,0.26
3747,2026-08-24,04:00,Monday,Weekday,August,4,232.33,1.364,0.3169,0.3169,0.0253,0.038,0.1743,0.0792
3748,2026-12-27,21:00,Sunday,Weekend,December,21,225.49,8.964,2.0212,2.0212,0.6872,0.667,0.2628,0.4042
3749,2026-01-13,15:00,Tuesday,Weekday,January,15,233.6,3.565,0.8328,0.8328,0.2498,0.2831,0.1083,0.1915
3750,2026-07-29,08:00,Wednesday,Weekday,July,8,229.38,8.535,1.9579,1.9579,0.8223,0.3916,0.2545,0.4895
3751,2026-08-17,09:00,Monday,Weekday,August,9,230.16,5.002,1.1513,1.1513,0.4836,0.2303,0.1497,0.2878
3752,2026-04-10,23:00,Friday,Weekday,April,23,225.53,2.23,0.503,0.503,0.171,0.166,0.0654,0.1006
3753,2026-01-31,17:00,Saturday,Weekend,January,17,229.7,8.956,2.0572,2.0572,0.6994,0.6789,0.2674,0.4114
3754,2026-01-16,16:00,Friday,Weekday,January,16,230.24,8.387,1.9309,1.9309,0.5793,0.6565,0.251,0.4441
3755,2026-05-17,17:00,Sunday,Weekend,May,17,230.44,4.734,1.0909,1.0909,0.3709,0.36,0.1418,0.2182
3756,2026-11-25,06:00,Wednesday,Weekday,November,6,229.77,2.581,0.5929,0.5929,0.249,0.1186,0.0771,0.1482
3757,2026-06-15,03:00,Monday,Weekday,June,3,231.56,1.453,0.3365,0.3365,0.0269,0.0404,0.185,0.0841
3758,2026-11-06,04:00,Friday,Weekday,November,4,232.06,1.294,0.3002,0.3002,0.024,0.036,0.1651,0.075
3759,2026-04-10,22:00,Friday,Weekday,April,22,231.21,4.051,0.9367,0.9367,0.3185,0.3091,0.1218,0.1873
3760,2026-04-19,15:00,Sunday,Weekend,April,15,233.29,3.654,0.8525,0.8525,0.2558,0.2899,0.1108,0.1961
3761,2026-12-09,02:00,Wednesday,Weekday,December,2,228.2,1.461,0.3334,0.3334,0.0267,0.04,0.1834,0.0834
3762,2026-06-22,17:00,Monday,Weekday,June,17,225.96,8.06,1.8213,1.8213,0.6192,0.601,0.2368,0.3643
3763,2026-08-25,22:00,Tuesday,Weekday,August,22,231.02,5.675,1.311,1.311,0.4457,0.4326,0.1704,0.2622
3764,2026-06-11,20:00,Thursday,Weekday,June,20,230.49,8.217,1.894,1.894,0.644,0.625,0.2462,0.3788
3765,2026-08-04,13:00,Tuesday,Weekday,August,13,231.29,4.366,1.0099,1.0099,0.303,0.3434,0.1313,0.2323
3766,2026-09-21,14:00,Monday,Weekday,September,14,226.78,4.055,0.9196,0.9196,0.2759,0.3126,0.1195,0.2115
3767,2026-09-20,16:00,Sunday,Weekend,September,16,226.99,4.255,0.9659,0.9659,0.2898,0.3284,0.1256,0.2222
3768,2026-10-19,00:00,Monday,Weekday,October,0,229.54,1.404,0.3223,0.3223,0.0258,0.0387,0.1773,0.0806
3769,2026-10-01,20:00,Thursday,Weekday,October,20,225.46,7.037,1.5866,1.5866,0.5395,0.5236,0.2063,0.3173
3770,2026-01-03,16:00,Saturday,Weekend,January,16,230.65,5.887,1.3578,1.3578,0.4073,0.4616,0.1765,0.3123
3771,2026-01-28,22:00,Wednesday,Weekday,January,22,229.81,4.539,1.0431,1.0431,0.3546,0.3442,0.1356,0.2086
3772,2026-11-22,10:00,Sunday,Weekend,November,10,227.71,4.896,1.1149,1.1149,0.3345,0.3791,0.1449,0.2564
3773,2026-05-29,16:00,Friday,Weekday,May,16,228.62,2.708,0.6192,0.6192,0.1857,0.2105,0.0805,0.1424
3774,2026-01-28,13:00,Wednesday,Weekday,January,13,230.27,3.576,0.8234,0.8234,0.247,0.28,0.107,0.1894
3775,2026-11-06,19:00,Friday,Weekday,November,19,225.58,8.607,1.9415,1.9415,0.6601,0.6407,0.2524,0.3883
3776,2026-03-06,18:00,Friday,Weekday,March,18,227.7,7.375,1.6792,1.6792,0.5709,0.5541,0.2183,0.3358
3777,2026-12-22,20:00,Tuesday,Weekday,December,20,229.19,8.925,2.0455,2.0455,0.6955,0.675,0.2659,0.4091
3778,2026-01-21,06:00,Wednesday,Weekday,January,6,229.25,3.852,0.8831,0.8831,0.3709,0.1766,0.1148,0.2208
3779,2026-09-09,23:00,Wednesday,Weekday,September,23,229.32,2.341,0.5369,0.5369,0.1825,0.1772,0.0698,0.1074
3780,2026-08-23,12:00,Sunday,Weekend,August,12,231.37,7.713,1.7845,1.7845,0.5354,0.6067,0.232,0.4104
3781,2026-08-15,17:00,Saturday,Weekend,August,17,230.31,20.099,4.6289,4.6289,1.5738,1.5276,0.6018,0.9258
3782,2026-01-13,22:00,Tuesday,Weekday,January,22,228.39,5.328,1.2168,1.2168,0.4137,0.4016,0.1582,0.2434
3783,2026-11-09,13:00,Monday,Weekday,November,13,227.41,3.9,0.8869,0.8869,0.2661,0.3015,0.1153,0.204
3784,2026-02-18,00:00,Wednesday,Weekday,February,0,228.97,1.723,0.3945,0.3945,0.0316,0.0473,0.217,0.0986
3785,2026-04-28,06:00,Tuesday,Weekday,April,6,233.07,2.444,0.5697,0.5697,0.2393,0.1139,0.0741,0.1424
3786,2026-02-23,07:00,Monday,Weekday,February,7,222.43,6.862,1.5264,1.5264,0.6411,0.3053,0.1984,0.3816
3787,2026-05-18,17:00,Monday,Weekday,May,17,230.21,6.342,1.46,1.46,0.4964,0.4818,0.1898,0.292
3788,2026-02-22,08:00,Sunday,Weekend,February,8,229.23,3.093,0.7091,0.7091,0.2978,0.1418,0.0922,0.1773
3789,2026-02-13,00:00,Friday,Weekday,February,0,233.0,1.664,0.3876,0.3876,0.031,0.0465,0.2132,0.0969
3790,2026-10-30,21:00,Friday,Weekday,October,21,232.45,6.067,1.4102,1.4102,0.4795,0.4654,0.1833,0.282
3791,2026-02-22,16:00,Sunday,Weekend,February,16,226.33,4.456,1.0085,1.0085,0.3026,0.3429,0.1311,0.232
3792,2026-03-15,18:00,Sunday,Weekend,March,18,231.14,7.906,1.8273,1.8273,0.6213,0.603,0.2376,0.3655
3793,2026-02-15,05:00,Sunday,Weekend,February,5,224.17,1.545,0.3464,0.3464,0.0277,0.0416,0.1905,0.0866
3794,2026-01-13,02:00,Tuesday,Weekday,January,2,231.53,1.341,0.3104,0.3104,0.0248,0.0373,0.1707,0.0776
3795,2026-06-14,23:00,Sunday,Weekend,June,23,231.76,2.757,0.6391,0.6391,0.2173,0.2109,0.0831,0.1278
3796,2026-04-12,04:00,Sunday,Weekend,April,4,234.21,1.204,0.282,0.282,0.0226,0.0338,0.1551,0.0705
3797,2026-10-07,01:00,Wednesday,Weekday,October,1,230.57,1.058,0.2439,0.2439,0.0195,0.0293,0.1342,0.061
3798,2026-09-15,19:00,Tuesday,Weekday,September,19,226.49,8.355,1.8923,1.8923,0.6434,0.6245,0.246,0.3785
3799,2026-12-03,03:00,Thursday,Weekday,December,3,227.48,1.336,0.3038,0.3038,0.0243,0.0365,0.1671,0.076
3800,2026-12-22,09:00,Tuesday,Weekday,December,9,233.65,3.787,0.8847,0.8847,0.3716,0.1769,0.115,0.2212
3801,2026-05-18,09:00,Monday,Weekday,May,9,234.24,6.409,1.5013,1.5013,0.6305,0.3003,0.1952,0.3753
3802,2026-06-12,23:00,Friday,Weekday,June,23,228.88,2.671,0.6113,0.6113,0.2078,0.2017,0.0795,0.1223
3803,2026-04-21,20:00,Tuesday,Weekday,April,20,229.09,6.669,1.5278,1.5278,0.5194,0.5042,0.1986,0.3056
3804,2026-04-12,10:00,Sunday,Weekend,April,10,233.41,4.436,1.0353,1.0353,0.3106,0.352,0.1346,0.2381
3805,2026-01-17,15:00,Saturday,Weekend,January,15,231.92,3.497,0.8111,0.8111,0.2433,0.2758,0.1054,0.1865
3806,2026-09-25,16:00,Friday,Weekday,September,16,229.53,3.461,0.7943,0.7943,0.2383,0.2701,0.1033,0.1827
3807,2026-07-01,15:00,Wednesday,Weekday,July,15,228.1,4.699,1.0718,1.0718,0.3215,0.3644,0.1393,0.2465
3808,2026-01-24,06:00,Saturday,Weekend,January,6,227.9,2.23,0.5082,0.5082,0.2135,0.1016,0.0661,0.1271
3809,2026-01-29,15:00,Thursday,Weekday,January,15,232.38,3.337,0.7756,0.7756,0.2327,0.2637,0.1008,0.1784
3810,2026-06-20,02:00,Saturday,Weekend,June,2,229.08,1.313,0.3007,0.3007,0.0241,0.0361,0.1654,0.0752
3811,2026-08-16,15:00,Sunday,Weekend,August,15,228.98,4.121,0.9437,0.9437,0.2831,0.3209,0.1227,0.2171
3812,2026-07-07,07:00,Tuesday,Weekday,July,7,231.53,4.425,1.0244,1.0244,0.4303,0.2049,0.1332,0.2561
3813,2026-12-12,11:00,Saturday,Weekend,December,11,230.2,9.711,2.2356,2.2356,0.6707,0.7601,0.2906,0.5142
3814,2026-08-18,02:00,Tuesday,Weekday,August,2,230.97,1.552,0.3584,0.3584,0.0287,0.043,0.1971,0.0896
3815,2026-11-17,16:00,Tuesday,Weekday,November,16,229.19,3.298,0.7559,0.7559,0.2268,0.257,0.0983,0.1739
3816,2026-12-06,20:00,Sunday,Weekend,December,20,227.08,12.074,2.7418,2.7418,0.9322,0.9048,0.3564,0.5484
3817,2026-04-29,17:00,Wednesday,Weekday,April,17,228.16,5.173,1.1802,1.1802,0.4013,0.3895,0.1534,0.236
3818,2026-06-05,10:00,Friday,Weekday,June,10,231.77,4.08,0.9456,0.9456,0.2837,0.3215,0.1229,0.2175
3819,2026-09-29,03:00,Tuesday,Weekday,September,3,230.21,1.366,0.3145,0.3145,0.0252,0.0377,0.173,0.0786
3820,2026-06-24,15:00,Wednesday,Weekday,June,15,230.73,3.406,0.7859,0.7859,0.2358,0.2672,0.1022,0.1808
3821,2026-04-14,16:00,Tuesday,Weekday,April,16,227.45,3.48,0.7916,0.7916,0.2375,0.2692,0.1029,0.1821
3822,2026-04-02,08:00,Thursday,Weekday,April,8,231.74,4.926,1.1415,1.1415,0.4794,0.2283,0.1484,0.2854
3823,2026-07-05,05:00,Sunday,Weekend,July,5,230.78,1.587,0.3662,0.3662,0.0293,0.0439,0.2014,0.0915
3824,2026-10-10,23:00,Saturday,Weekend,October,23,231.83,2.023,0.469,0.469,0.1595,0.1548,0.061,0.0938
3825,2026-06-30,19:00,Tuesday,Weekday,June,19,230.55,8.043,1.8543,1.8543,0.6305,0.6119,0.2411,0.3709
3826,2026-06-19,01:00,Friday,Weekday,June,1,230.72,1.336,0.3082,0.3082,0.0247,0.037,0.1695,0.077
3827,2026-07-06,08:00,Monday,Weekday,July,8,225.45,5.635,1.2705,1.2705,0.5336,0.2541,0.1652,0.3176
3828,2026-06-24,20:00,Wednesday,Weekday,June,20,231.6,10.438,2.4174,2.4174,0.8219,0.7978,0.3143,0.4835
3829,2026-08-10,05:00,Monday,Weekday,August,5,226.7,1.662,0.3768,0.3768,0.0301,0.0452,0.2073,0.0942
3830,2026-08-21,02:00,Friday,Weekday,August,2,232.59,1.47,0.342,0.342,0.0274,0.041,0.1881,0.0855
3831,2026-06-11,19:00,Thursday,Weekday,June,19,227.57,9.907,2.2546,2.2546,0.7666,0.744,0.2931,0.4509
3832,2026-05-14,05:00,Thursday,Weekday,May,5,225.98,1.481,0.3348,0.3348,0.0268,0.0402,0.1841,0.0837
3833,2026-08-12,06:00,Wednesday,Weekday,August,6,229.78,3.882,0.8921,0.8921,0.3747,0.1784,0.116,0.223
3834,2026-06-02,00:00,Tuesday,Weekday,June,0,226.25,2.266,0.5126,0.5126,0.041,0.0615,0.2819,0.1281
3835,2026-02-02,22:00,Monday,Weekday,February,22,232.77,4.187,0.9746,0.9746,0.3314,0.3216,0.1267,0.1949
3836,2026-02-24,00:00,Tuesday,Weekday,February,0,228.71,1.656,0.3788,0.3788,0.0303,0.0455,0.2083,0.0947
3837,2026-01-07,04:00,Wednesday,Weekday,January,4,227.4,1.41,0.3207,0.3207,0.0257,0.0385,0.1764,0.0802
3838,2026-09-01,05:00,Tuesday,Weekday,September,5,231.65,1.432,0.3317,0.3317,0.0265,0.0398,0.1824,0.0829
3839,2026-11-09,12:00,Monday,Weekday,November,12,229.89,5.142,1.1821,1.1821,0.3546,0.4019,0.1537,0.2719
3840,2026-05-06,01:00,Wednesday,Weekday,May,1,231.3,1.033,0.2389,0.2389,0.0191,0.0287,0.1314,0.0597
3841,2026-01-12,14:00,Monday,Weekday,January,14,229.72,3.737,0.8585,0.8585,0.2576,0.2919,0.1116,0.1975
3842,2026-01-16,14:00,Friday,Weekday,January,14,232.89,3.016,0.7025,0.7025,0.2108,0.2389,0.0913,0.1616
3843,2026-07-27,12:00,Monday,Weekday,July,12,229.0,4.158,0.9521,0.9521,0.2856,0.3237,0.1238,0.219
3844,2026-02-12,13:00,Thursday,Weekday,February,13,226.06,3.768,0.8519,0.8519,0.2556,0.2896,0.1107,0.1959
3845,2026-05-15,21:00,Friday,Weekday,May,21,227.26,6.497,1.4765,1.4765,0.502,0.4872,0.1919,0.2953
3846,2026-08-16,06:00,Sunday,Weekend,August,6,231.09,2.818,0.6512,0.6512,0.2735,0.1302,0.0847,0.1628
3847,2026-04-21,13:00,Tuesday,Weekday,April,13,228.36,3.75,0.8564,0.8564,0.2569,0.2912,0.1113,0.197
3848,2026-11-03,23:00,Tuesday,Weekday,November,23,233.21,2.594,0.605,0.605,0.2057,0.1997,0.0787,0.121
3849,2026-06-09,09:00,Tuesday,Weekday,June,9,227.07,4.415,1.0024,1.0024,0.421,0.2005,0.1303,0.2506
3850,2026-11-27,16:00,Friday,Weekday,November,16,232.55,3.0,0.6975,0.6975,0.2093,0.2372,0.0907,0.1604
3851,2026-09-21,13:00,Monday,Weekday,September,13,228.92,2.846,0.6516,0.6516,0.1955,0.2215,0.0847,0.1499
3852,2026-08-13,07:00,Thursday,Weekday,August,7,233.27,5.847,1.3638,1.3638,0.5728,0.2728,0.1773,0.341
3853,2026-08-05,03:00,Wednesday,Weekday,August,3,231.26,1.546,0.3575,0.3575,0.0286,0.0429,0.1966,0.0894
3854,2026-02-14,15:00,Saturday,Weekend,February,15,230.48,3.817,0.8797,0.8797,0.2639,0.2991,0.1144,0.2023
3855,2026-08-02,23:00,Sunday,Weekend,August,23,231.66,2.924,0.6773,0.6773,0.2303,0.2235,0.0881,0.1355
3856,2026-02-28,12:00,Saturday,Weekend,February,12,230.47,7.761,1.7887,1.7887,0.5366,0.6082,0.2325,0.4114
3857,2026-05-12,21:00,Tuesday,Weekday,May,21,229.87,5.644,1.2974,1.2974,0.4411,0.4281,0.1687,0.2595
3858,2026-04-14,19:00,Tuesday,Weekday,April,19,223.26,7.125,1.5907,1.5907,0.5408,0.5249,0.2068,0.3181
3859,2026-07-14,17:00,Tuesday,Weekday,July,17,231.63,7.807,1.8082,1.8082,0.6148,0.5967,0.2351,0.3616
3860,2026-06-06,13:00,Saturday,Weekend,June,13,229.32,5.132,1.1769,1.1769,0.3531,0.4001,0.153,0.2707
3861,2026-04-08,17:00,Wednesday,Weekday,April,17,235.6,6.862,1.6166,1.6166,0.5497,0.5335,0.2102,0.3233
3862,2026-08-14,04:00,Friday,Weekday,August,4,228.49,1.446,0.3305,0.3305,0.0264,0.0397,0.1818,0.0826
3863,2026-07-24,08:00,Friday,Weekday,July,8,228.05,7.451,1.6992,1.6992,0.7137,0.3398,0.2209,0.4248
3864,2026-03-20,02:00,Friday,Weekday,March,2,231.86,1.095,0.2539,0.2539,0.0203,0.0305,0.1397,0.0635
3865,2026-05-04,07:00,Monday,Weekday,May,7,231.9,4.42,1.025,1.025,0.4305,0.205,0.1332,0.2562
3866,2026-08-06,19:00,Thursday,Weekday,August,19,230.79,8.194,1.8911,1.8911,0.643,0.6241,0.2458,0.3782
3867,2026-01-04,21:00,Sunday,Weekend,January,21,227.81,8.317,1.8947,1.8947,0.6442,0.6252,0.2463,0.3789
3868,2026-03-31,09:00,Tuesday,Weekday,March,9,227.1,4.223,0.959,0.959,0.4028,0.1918,0.1247,0.2398
3869,2026-04-14,21:00,Tuesday,Weekday,April,21,228.31,5.786,1.321,1.321,0.4492,0.4359,0.1717,0.2642
3870,2026-04-29,18:00,Wednesday,Weekday,April,18,226.21,6.404,1.4486,1.4486,0.4925,0.4781,0.1883,0.2897
3871,2026-05-13,20:00,Wednesday,Weekday,May,20,235.16,6.365,1.4968,1.4968,0.5089,0.4939,0.1946,0.2994
3872,2026-11-08,02:00,Sunday,Weekend,November,2,227.44,1.143,0.2599,0.2599,0.0208,0.0312,0.143,0.065
3873,2026-04-06,10:00,Monday,Weekday,April,10,229.26,3.482,0.7983,0.7983,0.2395,0.2714,0.1038,0.1836
3874,2026-11-27,10:00,Friday,Weekday,November,10,231.73,3.605,0.8355,0.8355,0.2506,0.2841,0.1086,0.1922
3875,2026-05-23,16:00,Saturday,Weekend,May,16,230.01,2.882,0.6629,0.6629,0.1989,0.2254,0.0862,0.1525
3876,2026-10-15,15:00,Thursday,Weekday,October,15,228.52,3.227,0.7375,0.7375,0.2213,0.2508,0.0959,0.1696
3877,2026-01-28,06:00,Wednesday,Weekday,January,6,229.63,4.045,0.9288,0.9288,0.3901,0.1858,0.1207,0.2322
3878,2026-10-05,03:00,Monday,Weekday,October,3,228.48,1.025,0.2341,0.2341,0.0187,0.0281,0.1288,0.0585
3879,2026-08-21,22:00,Friday,Weekday,August,22,229.36,5.92,1.3579,1.3579,0.4617,0.4481,0.1765,0.2716
3880,2026-01-17,18:00,Saturday,Weekend,January,18,230.3,13.493,3.1075,3.1075,1.0565,1.0255,0.404,0.6215
3881,2026-02-28,11:00,Saturday,Weekend,February,11,227.41,4.698,1.0685,1.0685,0.3205,0.3633,0.1389,0.2457
3882,2026-03-31,14:00,Tuesday,Weekday,March,14,232.7,3.936,0.916,0.916,0.2748,0.3114,0.1191,0.2107
3883,2026-07-18,10:00,Saturday,Weekend,July,10,230.18,6.341,1.4596,1.4596,0.4379,0.4963,0.1897,0.3357
3884,2026-12-28,04:00,Monday,Weekday,December,4,228.54,1.545,0.353,0.353,0.0282,0.0424,0.1942,0.0883
3885,2026-01-26,04:00,Monday,Weekday,January,4,229.21,1.569,0.3597,0.3597,0.0288,0.0432,0.1979,0.0899
3886,2026-01-25,14:00,Sunday,Weekend,January,14,232.92,3.374,0.7858,0.7858,0.2357,0.2672,0.1022,0.1807
3887,2026-10-28,17:00,Wednesday,Weekday,October,17,232.05,4.956,1.15,1.15,0.391,0.3795,0.1495,0.23
3888,2026-12-05,10:00,Saturday,Weekend,December,10,230.6,5.675,1.3088,1.3088,0.3926,0.445,0.1701,0.301
3889,2026-09-24,11:00,Thursday,Weekday,September,11,228.5,3.092,0.7066,0.7066,0.212,0.2402,0.0919,0.1625
3890,2026-06-30,01:00,Tuesday,Weekday,June,1,231.42,1.56,0.3609,0.3609,0.0289,0.0433,0.1985,0.0902
3891,2026-12-26,19:00,Saturday,Weekend,December,19,228.14,12.982,2.9616,2.9616,1.007,0.9773,0.385,0.5923
3892,2026-03-09,14:00,Monday,Weekday,March,14,234.36,2.967,0.6953,0.6953,0.2086,0.2364,0.0904,0.1599
3893,2026-12-17,19:00,Thursday,Weekday,December,19,226.97,9.403,2.1341,2.1341,0.7256,0.7043,0.2774,0.4268
3894,2026-11-17,03:00,Tuesday,Weekday,November,3,234.21,0.905,0.2119,0.2119,0.017,0.0254,0.1165,0.053
3895,2026-02-18,21:00,Wednesday,Weekday,February,21,228.16,7.75,1.7684,1.7684,0.6012,0.5836,0.2299,0.3537
3896,2026-06-24,17:00,Wednesday,Weekday,June,17,226.34,6.673,1.5103,1.5103,0.5135,0.4984,0.1963,0.3021
3897,2026-02-21,05:00,Saturday,Weekend,February,5,238.24,1.686,0.4016,0.4016,0.0321,0.0482,0.2209,0.1004
3898,2026-04-12,22:00,Sunday,Weekend,April,22,226.38,3.594,0.8135,0.8135,0.2766,0.2685,0.1058,0.1627
3899,2026-08-04,18:00,Tuesday,Weekday,August,18,222.06,12.495,2.7746,2.7746,0.9434,0.9156,0.3607,0.5549
3900,2026-07-07,10:00,Tuesday,Weekday,July,10,224.81,4.732,1.0639,1.0639,0.3192,0.3617,0.1383,0.2447
3901,2026-02-26,23:00,Thursday,Weekday,February,23,236.85,3.341,0.7913,0.7913,0.2691,0.2611,0.1029,0.1583
3902,2026-02-16,01:00,Monday,Weekday,February,1,235.31,1.379,0.3245,0.3245,0.026,0.0389,0.1785,0.0811
3903,2026-06-08,07:00,Monday,Weekday,June,7,230.36,6.068,1.3979,1.3979,0.5871,0.2796,0.1817,0.3495
3904,2026-06-23,10:00,Tuesday,Weekday,June,10,231.09,3.777,0.8728,0.8728,0.2618,0.2968,0.1135,0.2007
3905,2026-08-30,04:00,Sunday,Weekend,August,4,230.63,1.254,0.2892,0.2892,0.0231,0.0347,0.1591,0.0723
3906,2026-10-09,17:00,Friday,Weekday,October,17,225.57,6.162,1.39,1.39,0.4726,0.4587,0.1807,0.278
3907,2026-08-29,22:00,Saturday,Weekend,August,22,233.65,5.617,1.3125,1.3125,0.4462,0.4331,0.1706,0.2625
3908,2026-01-05,17:00,Monday,Weekday,January,17,230.6,7.745,1.7859,1.7859,0.6072,0.5894,0.2322,0.3572
3909,2026-03-25,13:00,Wednesday,Weekday,March,13,226.92,2.987,0.6779,0.6779,0.2034,0.2305,0.0881,0.1559
3910,2026-11-04,21:00,Wednesday,Weekday,November,21,230.81,5.676,1.31,1.31,0.4454,0.4323,0.1703,0.262
3911,2026-12-27,09:00,Sunday,Weekend,December,9,229.82,4.83,1.11,1.11,0.4662,0.222,0.1443,0.2775
3912,2026-09-05,02:00,Saturday,Weekend,September,2,229.47,1.088,0.2497,0.2497,0.02,0.03,0.1373,0.0624
3913,2026-02-23,08:00,Monday,Weekday,February,8,225.98,17.405,3.9332,3.9332,1.6519,0.7866,0.5113,0.9833
3914,2026-06-10,02:00,Wednesday,Weekday,June,2,229.72,1.494,0.3433,0.3433,0.0275,0.0412,0.1888,0.0858
3915,2026-08-14,10:00,Friday,Weekday,August,10,228.68,4.34,0.9925,0.9925,0.2978,0.3375,0.129,0.2283
3916,2026-01-15,11:00,Thursday,Weekday,January,11,232.66,4.514,1.0503,1.0503,0.3151,0.3571,0.1365,0.2416
3917,2026-08-12,11:00,Wednesday,Weekday,August,11,229.93,4.718,1.0847,1.0847,0.3254,0.3688,0.141,0.2495
3918,2026-03-02,02:00,Monday,Weekday,March,2,228.27,1.098,0.2505,0.2505,0.02,0.0301,0.1378,0.0626
3919,2026-05-02,20:00,Saturday,Weekend,May,20,227.99,8.995,2.0509,2.0509,0.6973,0.6768,0.2666,0.4102
3920,2026-10-04,06:00,Sunday,Weekend,October,6,229.65,1.618,0.3715,0.3715,0.156,0.0743,0.0483,0.0929
3921,2026-02-15,13:00,Sunday,Weekend,February,13,229.54,5.563,1.2769,1.2769,0.3831,0.4342,0.166,0.2937
3922,2026-10-21,23:00,Wednesday,Weekday,October,23,231.69,2.231,0.517,0.517,0.1758,0.1706,0.0672,0.1034
3923,2026-03-03,10:00,Tuesday,Weekday,March,10,229.31,2.862,0.6562,0.6562,0.1969,0.2231,0.0853,0.1509
3924,2026-03-27,06:00,Friday,Weekday,March,6,228.57,2.958,0.676,0.676,0.2839,0.1352,0.0879,0.169
3925,2026-07-29,20:00,Wednesday,Weekday,July,20,225.55,11.072,2.4972,2.4972,0.849,0.8241,0.3246,0.4994
3926,2026-03-19,09:00,Thursday,Weekday,March,9,229.98,4.504,1.0358,1.0358,0.435,0.2072,0.1347,0.2589
3927,2026-07-21,10:00,Tuesday,Weekday,July,10,233.11,4.276,0.9969,0.9969,0.2991,0.3389,0.1296,0.2293
3928,2026-10-29,14:00,Thursday,Weekday,October,14,229.69,2.33,0.5351,0.5351,0.1605,0.1819,0.0696,0.1231
3929,2026-08-11,18:00,Tuesday,Weekday,August,18,228.2,11.435,2.6095,2.6095,0.8872,0.8611,0.3392,0.5219
3930,2026-08-10,15:00,Monday,Weekday,August,15,228.11,3.54,0.8076,0.8076,0.2423,0.2746,0.105,0.1857
3931,2026-01-03,21:00,Saturday,Weekend,January,21,223.95,10.596,2.3729,2.3729,0.8068,0.7831,0.3085,0.4746
3932,2026-01-06,20:00,Tuesday,Weekday,January,20,231.0,10.03,2.3169,2.3169,0.7878,0.7646,0.3012,0.4634
3933,2026-04-03,19:00,Friday,Weekday,April,19,230.18,7.909,1.8205,1.8205,0.619,0.6008,0.2367,0.3641
3934,2026-01-08,11:00,Thursday,Weekday,January,11,231.92,4.04,0.937,0.937,0.2811,0.3186,0.1218,0.2155
3935,2026-08-23,17:00,Sunday,Weekend,August,17,230.24,6.59,1.5172,1.5172,0.5159,0.5007,0.1972,0.3034
3936,2026-04-18,22:00,Saturday,Weekend,April,22,227.99,3.253,0.7417,0.7417,0.2522,0.2448,0.0964,0.1483
3937,2026-06-10,12:00,Wednesday,Weekday,June,12,229.21,5.719,1.3109,1.3109,0.3933,0.4457,0.1704,0.3015
3938,2026-07-28,04:00,Tuesday,Weekday,July,4,228.75,1.743,0.3987,0.3987,0.0319,0.0478,0.2193,0.0997
3939,2026-08-28,03:00,Friday,Weekday,August,3,228.96,1.88,0.4304,0.4304,0.0344,0.0516,0.2367,0.1076
3940,2026-11-27,13:00,Friday,Weekday,November,13,228.97,3.431,0.7855,0.7855,0.2357,0.2671,0.1021,0.1807
3941,2026-11-29,07:00,Sunday,Weekend,November,7,232.76,2.34,0.5447,0.5447,0.2288,0.1089,0.0708,0.1362
3942,2026-02-19,08:00,Thursday,Weekday,February,8,232.83,7.65,1.781,1.781,0.748,0.3562,0.2315,0.4453
3943,2026-01-11,18:00,Sunday,Weekend,January,18,227.29,10.239,2.3273,2.3273,0.7913,0.768,0.3026,0.4655
3944,2026-12-17,02:00,Thursday,Weekday,December,2,229.58,1.413,0.3243,0.3243,0.0259,0.0389,0.1784,0.0811
3945,2026-06-05,04:00,Friday,Weekday,June,4,230.54,1.493,0.3443,0.3443,0.0275,0.0413,0.1894,0.0861
3946,2026-03-11,20:00,Wednesday,Weekday,March,20,226.24,7.379,1.6694,1.6694,0.5676,0.5509,0.217,0.3339
3947,2026-06-18,17:00,Thursday,Weekday,June,17,227.31,7.285,1.656,1.656,0.563,0.5465,0.2153,0.3312
3948,2026-09-29,00:00,Tuesday,Weekday,September,0,230.88,1.267,0.2925,0.2925,0.0234,0.0351,0.1609,0.0731
3949,2026-03-09,07:00,Monday,Weekday,March,7,229.8,5.423,1.2463,1.2463,0.5234,0.2493,0.162,0.3116
3950,2026-12-21,18:00,Monday,Weekday,December,18,228.79,8.096,1.8523,1.8523,0.6298,0.6113,0.2408,0.3705
3951,2026-09-09,16:00,Wednesday,Weekday,September,16,230.0,2.539,0.5839,0.5839,0.1752,0.1985,0.0759,0.1343
3952,2026-02-17,16:00,Tuesday,Weekday,February,16,222.84,4.272,0.9518,0.9518,0.2856,0.3236,0.1237,0.2189
3953,2026-07-03,10:00,Friday,Weekday,July,10,227.6,3.993,0.9089,0.9089,0.2727,0.309,0.1182,0.209
3954,2026-11-16,01:00,Monday,Weekday,November,1,233.58,1.302,0.3041,0.3041,0.0243,0.0365,0.1673,0.076
3955,2026-07-06,05:00,Monday,Weekday,July,5,231.3,1.995,0.4615,0.4615,0.0369,0.0554,0.2538,0.1154
3956,2026-03-31,21:00,Tuesday,Weekday,March,21,222.31,7.235,1.6084,1.6084,0.5469,0.5308,0.2091,0.3217
3957,2026-11-28,13:00,Saturday,Weekend,November,13,226.22,5.379,1.2169,1.2169,0.3651,0.4138,0.1582,0.2799
3958,2026-05-19,02:00,Tuesday,Weekday,May,2,231.8,1.001,0.2321,0.2321,0.0186,0.0279,0.1276,0.058
3959,2026-12-23,11:00,Wednesday,Weekday,December,11,228.56,4.256,0.9728,0.9728,0.2918,0.3308,0.1265,0.2238
3960,2026-03-30,03:00,Monday,Weekday,March,3,223.24,1.248,0.2786,0.2786,0.0223,0.0334,0.1532,0.0697
3961,2026-10-01,11:00,Thursday,Weekday,October,11,232.65,2.414,0.5617,0.5617,0.1685,0.191,0.073,0.1292
3962,2026-01-19,12:00,Monday,Weekday,January,12,231.81,4.811,1.1152,1.1152,0.3346,0.3792,0.145,0.2565
3963,2026-11-07,01:00,Saturday,Weekend,November,1,227.93,1.022,0.2328,0.2328,0.0186,0.0279,0.1281,0.0582
3964,2026-12-24,01:00,Thursday,Weekday,December,1,233.11,1.644,0.3833,0.3833,0.0307,0.046,0.2108,0.0958
3965,2026-06-03,14:00,Wednesday,Weekday,June,14,228.02,3.836,0.8747,0.8747,0.2624,0.2974,0.1137,0.2012
3966,2026-09-17,22:00,Thursday,Weekday,September,22,228.44,4.437,1.0135,1.0135,0.3446,0.3345,0.1318,0.2027
3967,2026-04-18,16:00,Saturday,Weekend,April,16,228.79,3.58,0.8192,0.8192,0.2457,0.2785,0.1065,0.1884
3968,2026-10-12,06:00,Monday,Weekday,October,6,225.26,2.278,0.5132,0.5132,0.2155,0.1026,0.0667,0.1283
3969,2026-02-28,13:00,Saturday,Weekend,February,13,231.03,5.107,1.1799,1.1799,0.354,0.4012,0.1534,0.2714
3970,2026-05-05,11:00,Tuesday,Weekday,May,11,231.3,3.343,0.7731,0.7731,0.2319,0.2629,0.1005,0.1778
3971,2026-12-20,16:00,Sunday,Weekend,December,16,228.85,5.292,1.2111,1.2111,0.3633,0.4118,0.1574,0.2786
3972,2026-09-30,13:00,Wednesday,Weekday,September,13,231.77,3.4,0.7879,0.7879,0.2364,0.2679,0.1024,0.1812
3973,2026-04-17,05:00,Friday,Weekday,April,5,226.02,1.207,0.2728,0.2728,0.0218,0.0327,0.15,0.0682
3974,2026-10-26,18:00,Monday,Weekday,October,18,231.65,7.41,1.7165,1.7165,0.5836,0.5665,0.2231,0.3433
3975,2026-09-02,23:00,Wednesday,Weekday,September,23,230.81,2.156,0.4975,0.4975,0.1692,0.1642,0.0647,0.0995
3976,2026-12-02,05:00,Wednesday,Weekday,December,5,228.27,1.337,0.3051,0.3051,0.0244,0.0366,0.1678,0.0763
3977,2026-09-04,17:00,Friday,Weekday,September,17,231.04,5.95,1.3746,1.3746,0.4674,0.4536,0.1787,0.2749
3978,2026-01-08,23:00,Thursday,Weekday,January,23,227.8,3.003,0.6841,0.6841,0.2326,0.2257,0.0889,0.1368
3979,2026-05-21,04:00,Thursday,Weekday,May,4,232.76,0.945,0.22,0.22,0.0176,0.0264,0.121,0.055
3980,2026-12-28,23:00,Monday,Weekday,December,23,231.32,2.69,0.6223,0.6223,0.2116,0.2054,0.0809,0.1245
3981,2026-01-08,23:00,Thursday,Weekday,January,23,230.91,2.822,0.6516,0.6516,0.2215,0.215,0.0847,0.1303
3982,2026-12-18,05:00,Friday,Weekday,December,5,228.84,1.742,0.3986,0.3986,0.0319,0.0478,0.2192,0.0997
3983,2026-04-04,01:00,Saturday,Weekend,April,1,231.94,1.008,0.2338,0.2338,0.0187,0.0281,0.1286,0.0584
3984,2026-11-17,07:00,Tuesday,Weekday,November,7,233.01,4.414,1.0286,1.0286,0.432,0.2057,0.1337,0.2572
3985,2026-02-08,14:00,Sunday,Weekend,February,14,234.02,4.247,0.9939,0.9939,0.2982,0.3379,0.1292,0.2286
3986,2026-03-22,14:00,Sunday,Weekend,March,14,228.64,3.71,0.8483,0.8483,0.2545,0.2884,0.1103,0.1951
3987,2026-07-06,10:00,Monday,Weekday,July,10,232.05,4.672,1.0841,1.0841,0.3252,0.3686,0.1409,0.2494
3988,2026-03-25,21:00,Wednesday,Weekday,March,21,233.49,5.319,1.2418,1.2418,0.4222,0.4098,0.1614,0.2484
3989,2026-03-29,21:00,Sunday,Weekend,March,21,226.87,7.258,1.6467,1.6467,0.5599,0.5434,0.2141,0.3293
3990,2026-08-30,23:00,Sunday,Weekend,August,23,233.51,2.817,0.6577,0.6577,0.2236,0.217,0.0855,0.1315
3991,2026-12-08,00:00,Tuesday,Weekday,December,0,230.4,1.695,0.3905,0.3905,0.0312,0.0469,0.2147,0.0976
3992,2026-04-03,17:00,Friday,Weekday,April,17,227.45,5.574,1.2678,1.2678,0.431,0.4184,0.1648,0.2536
3993,2026-03-27,11:00,Friday,Weekday,March,11,228.23,3.619,0.8258,0.8258,0.2478,0.2808,0.1074,0.1899
3994,2026-02-13,11:00,Friday,Weekday,February,11,226.39,4.473,1.0125,1.0125,0.3038,0.3443,0.1316,0.2329
3995,2026-05-17,10:00,Sunday,Weekend,May,10,229.9,3.927,0.9028,0.9028,0.2708,0.3069,0.1174,0.2076
3996,2026-03-15,07:00,Sunday,Weekend,March,7,229.6,2.776,0.6374,0.6374,0.2677,0.1275,0.0829,0.1593
3997,2026-02-05,06:00,Thursday,Weekday,February,6,230.47,3.469,0.7995,0.7995,0.3358,0.1599,0.1039,0.1999
3998,2026-04-11,22:00,Saturday,Weekend,April,22,233.4,3.032,0.7077,0.7077,0.2406,0.2335,0.092,0.1415
3999,2026-06-05,20:00,Friday,Weekday,June,20,228.8,10.757,2.4612,2.4612,0.8368,0.8122,0.32,0.4922
4000,2026-09-12,01:00,Saturday,Weekend,September,1,229.33,1.269,0.291,0.291,0.0233,0.0349,0.1601,0.0728
4001,2026-06-20,10:00,Saturday,Weekend,June,10,229.5,4.665,1.0706,1.0706,0.3212,0.364,0.1392,0.2462
4002,2026-08-04,21:00,Tuesday,Weekday,August,21,224.9,8.184,1.8406,1.8406,0.6258,0.6074,0.2393,0.3681
4003,2026-06-19,09:00,Friday,Weekday,June,9,231.71,4.035,0.935,0.935,0.3927,0.187,0.1216,0.2338
4004,2026-09-09,02:00,Wednesday,Weekday,September,2,229.62,1.184,0.2719,0.2719,0.0218,0.0326,0.1495,0.068
4005,2026-12-26,19:00,Saturday,Weekend,December,19,229.93,12.149,2.7933,2.7933,0.9497,0.9218,0.3631,0.5587
4006,2026-11-18,09:00,Wednesday,Weekday,November,9,229.5,3.417,0.7843,0.7843,0.3294,0.1569,0.102,0.1961
4007,2026-02-24,17:00,Tuesday,Weekday,February,17,230.32,5.555,1.2793,1.2793,0.435,0.4222,0.1663,0.2559
4008,2026-04-01,13:00,Wednesday,Weekday,April,13,226.72,3.581,0.8119,0.8119,0.2436,0.276,0.1055,0.1867
4009,2026-10-05,17:00,Monday,Weekday,October,17,230.0,4.623,1.0632,1.0632,0.3615,0.3508,0.1382,0.2126
4010,2026-04-11,23:00,Saturday,Weekend,April,23,228.49,2.335,0.5335,0.5335,0.1814,0.1761,0.0694,0.1067
4011,2026-06-04,07:00,Thursday,Weekday,June,7,230.09,4.985,1.1469,1.1469,0.4817,0.2294,0.1491,0.2867
4012,2026-12-15,09:00,Tuesday,Weekday,December,9,227.46,5.645,1.2839,1.2839,0.5393,0.2568,0.1669,0.321
4013,2026-12-30,21:00,Wednesday,Weekday,December,21,228.34,7.093,1.6195,1.6195,0.5506,0.5344,0.2105,0.3239
4014,2026-05-21,12:00,Thursday,Weekday,May,12,230.05,3.554,0.8175,0.8175,0.2453,0.278,0.1063,0.188
4015,2026-06-22,20:00,Monday,Weekday,June,20,226.7,8.986,2.0371,2.0371,0.6926,0.6722,0.2648,0.4074
4016,2026-01-10,07:00,Saturday,Weekend,January,7,232.37,2.69,0.625,0.625,0.2625,0.125,0.0813,0.1563
4017,2026-08-16,03:00,Sunday,Weekend,August,3,228.71,1.324,0.3027,0.3027,0.0242,0.0363,0.1665,0.0757
4018,2026-09-22,03:00,Tuesday,Weekday,September,3,229.1,1.119,0.2563,0.2563,0.0205,0.0308,0.141,0.0641
4019,2026-09-05,04:00,Saturday,Weekend,September,4,232.0,0.979,0.2271,0.2271,0.0182,0.0272,0.1249,0.0568
4020,2026-09-04,00:00,Friday,Weekday,September,0,232.68,1.754,0.4081,0.4081,0.0326,0.049,0.2244,0.102
4021,2026-06-04,16:00,Thursday,Weekday,June,16,228.84,4.719,1.0798,1.0798,0.324,0.3671,0.1404,0.2484
4022,2026-02-03,01:00,Tuesday,Weekday,February,1,230.28,1.531,0.3526,0.3526,0.0282,0.0423,0.194,0.0882
4023,2026-05-09,07:00,Saturday,Weekend,May,7,231.7,2.166,0.5019,0.5019,0.2108,0.1004,0.0652,0.1255
4024,2026-06-09,06:00,Tuesday,Weekday,June,6,233.16,2.93,0.6831,0.6831,0.2869,0.1366,0.0888,0.1708
4025,2026-03-30,14:00,Monday,Weekday,March,14,230.22,2.978,0.6855,0.6855,0.2057,0.2331,0.0891,0.1577
4026,2026-04-03,04:00,Friday,Weekday,April,4,231.18,1.007,0.2327,0.2327,0.0186,0.0279,0.128,0.0582
4027,2026-11-23,01:00,Monday,Weekday,November,1,227.72,1.374,0.313,0.313,0.025,0.0376,0.1721,0.0782
4028,2026-08-29,06:00,Saturday,Weekend,August,6,226.22,2.48,0.561,0.561,0.2356,0.1122,0.0729,0.1402
4029,2026-11-19,07:00,Thursday,Weekday,November,7,231.39,4.861,1.1248,1.1248,0.4724,0.225,0.1462,0.2812
4030,2026-04-27,06:00,Monday,Weekday,April,6,227.98,3.053,0.696,0.696,0.2923,0.1392,0.0905,0.174
4031,2026-04-04,06:00,Saturday,Weekend,April,6,227.69,1.622,0.3694,0.3694,0.1552,0.0739,0.048,0.0924
4032,2026-06-12,13:00,Friday,Weekday,June,13,231.6,4.298,0.9954,0.9954,0.2986,0.3384,0.1294,0.2289
4033,2026-04-09,20:00,Thursday,Weekday,April,20,227.17,7.039,1.599,1.599,0.5437,0.5277,0.2079,0.3198
4034,2026-04-23,17:00,Thursday,Weekday,April,17,230.49,6.539,1.5071,1.5071,0.5124,0.4973,0.1959,0.3014
4035,2026-12-25,05:00,Friday,Weekday,December,5,226.79,1.963,0.4451,0.4451,0.0356,0.0534,0.2448,0.1113
4036,2026-04-01,03:00,Wednesday,Weekday,April,3,227.72,1.051,0.2393,0.2393,0.0191,0.0287,0.1316,0.0598
4037,2026-12-12,09:00,Saturday,Weekend,December,9,234.08,4.904,1.148,1.148,0.4821,0.2296,0.1492,0.287
4038,2026-07-25,17:00,Saturday,Weekend,July,17,225.5,9.541,2.1515,2.1515,0.7315,0.71,0.2797,0.4303
4039,2026-01-17,11:00,Saturday,Weekend,January,11,229.49,5.136,1.1787,1.1787,0.3536,0.4008,0.1532,0.2711
4040,2026-10-01,15:00,Thursday,Weekday,October,15,230.59,2.815,0.6492,0.6492,0.1948,0.2207,0.0844,0.1493
4041,2026-06-22,06:00,Monday,Weekday,June,6,227.33,2.829,0.643,0.643,0.2701,0.1286,0.0836,0.1607
4042,2026-04-26,05:00,Sunday,Weekend,April,5,233.38,1.512,0.3529,0.3529,0.0282,0.0423,0.1941,0.0882
4043,2026-12-15,04:00,Tuesday,Weekday,December,4,230.02,1.414,0.3253,0.3253,0.026,0.039,0.1789,0.0813
4044,2026-06-30,02:00,Tuesday,Weekday,June,2,229.41,1.472,0.3376,0.3376,0.027,0.0405,0.1857,0.0844
4045,2026-04-01,11:00,Wednesday,Weekday,April,11,232.67,3.913,0.9103,0.9103,0.2731,0.3095,0.1183,0.2094
4046,2026-03-23,14:00,Monday,Weekday,March,14,232.28,3.121,0.725,0.725,0.2175,0.2465,0.0942,0.1667
4047,2026-11-20,09:00,Friday,Weekday,November,9,234.92,4.123,0.9687,0.9687,0.4068,0.1937,0.1259,0.2422
4048,2026-04-24,19:00,Friday,Weekday,April,19,227.01,9.233,2.096,2.096,0.7126,0.6917,0.2725,0.4192
4049,2026-09-14,18:00,Monday,Weekday,September,18,235.48,5.798,1.3654,1.3654,0.4642,0.4506,0.1775,0.2731
4050,2026-02-27,15:00,Friday,Weekday,February,15,231.62,4.674,1.0826,1.0826,0.3248,0.3681,0.1407,0.249
4051,2026-06-03,10:00,Wednesday,Weekday,June,10,234.23,3.734,0.8745,0.8745,0.2624,0.2973,0.1137,0.2011
4052,2026-12-31,07:00,Thursday,Weekday,December,7,232.46,4.138,0.9619,0.9619,0.404,0.1924,0.125,0.2405
4053,2026-04-26,02:00,Sunday,Weekend,April,2,228.4,1.123,0.2566,0.2566,0.0205,0.0308,0.1411,0.0641
4054,2026-12-09,22:00,Wednesday,Weekday,December,22,227.92,4.492,1.0238,1.0238,0.3481,0.3379,0.1331,0.2048
4055,2026-09-23,06:00,Wednesday,Weekday,September,6,225.49,3.267,0.7366,0.7366,0.3094,0.1473,0.0958,0.1842
4056,2026-11-11,22:00,Wednesday,Weekday,November,22,224.97,3.845,0.865,0.865,0.2941,0.2854,0.1124,0.173
4057,2026-07-22,06:00,Wednesday,Weekday,July,6,228.47,2.532,0.5785,0.5785,0.243,0.1157,0.0752,0.1446
4058,2026-02-10,13:00,Tuesday,Weekday,February,13,233.17,3.878,0.9043,0.9043,0.2713,0.3075,0.1176,0.208
4059,2026-04-15,01:00,Wednesday,Weekday,April,1,228.75,1.333,0.305,0.305,0.0244,0.0366,0.1677,0.0762
4060,2026-07-12,09:00,Sunday,Weekend,July,9,226.77,6.792,1.5403,1.5403,0.6469,0.3081,0.2002,0.3851
4061,2026-10-05,18:00,Monday,Weekday,October,18,230.77,6.633,1.5306,1.5306,0.5204,0.5051,0.199,0.3061
4062,2026-12-20,08:00,Sunday,Weekend,December,8,227.85,3.96,0.9022,0.9022,0.3789,0.1804,0.1173,0.2256
4063,2026-08-25,15:00,Tuesday,Weekday,August,15,234.6,4.082,0.9576,0.9576,0.2873,0.3256,0.1245,0.2202
4064,2026-08-09,18:00,Sunday,Weekend,August,18,228.86,11.98,2.7417,2.7417,0.9322,0.9048,0.3564,0.5483
4065,2026-03-09,17:00,Monday,Weekday,March,17,230.03,7.149,1.6444,1.6444,0.5591,0.5427,0.2138,0.3289
4066,2026-07-16,08:00,Thursday,Weekday,July,8,227.75,6.696,1.525,1.525,0.6405,0.305,0.1983,0.3813
4067,2026-09-13,15:00,Sunday,Weekend,September,15,230.06,3.325,0.7649,0.7649,0.2295,0.2601,0.0994,0.1759
4068,2026-05-19,12:00,Tuesday,Weekday,May,12,232.82,3.302,0.7688,0.7688,0.2306,0.2614,0.0999,0.1768
4069,2026-11-08,09:00,Sunday,Weekend,November,9,230.57,3.897,0.8985,0.8985,0.3774,0.1797,0.1168,0.2246
4070,2026-05-29,19:00,Friday,Weekday,May,19,232.01,6.941,1.6104,1.6104,0.5475,0.5314,0.2093,0.3221
4071,2026-04-09,13:00,Thursday,Weekday,April,13,228.04,3.53,0.8049,0.8049,0.2415,0.2737,0.1046,0.1851
4072,2026-03-17,11:00,Tuesday,Weekday,March,11,226.75,3.117,0.7067,0.7067,0.212,0.2403,0.0919,0.1625
4073,2026-10-09,18:00,Friday,Weekday,October,18,223.44,8.379,1.8723,1.8723,0.6366,0.6179,0.2434,0.3745
4074,2026-04-19,06:00,Sunday,Weekend,April,6,233.14,1.96,0.457,0.457,0.1919,0.0914,0.0594,0.1143
4075,2026-07-07,22:00,Tuesday,Weekday,July,22,232.25,5.674,1.3178,1.3178,0.4481,0.4349,0.1713,0.2636
4076,2026-07-18,14:00,Saturday,Weekend,July,14,229.34,4.603,1.0557,1.0557,0.3167,0.3589,0.1372,0.2428
4077,2026-10-30,15:00,Friday,Weekday,October,15,230.75,2.336,0.5391,0.5391,0.1617,0.1833,0.0701,0.124
4078,2026-11-23,07:00,Monday,Weekday,November,7,232.67,5.466,1.2718,1.2718,0.5341,0.2544,0.1653,0.3179
4079,2026-06-03,09:00,Wednesday,Weekday,June,9,229.52,4.516,1.0365,1.0365,0.4353,0.2073,0.1347,0.2591
4080,2026-02-09,03:00,Monday,Weekday,February,3,225.6,1.451,0.3273,0.3273,0.0262,0.0393,0.18,0.0818
4081,2026-05-13,18:00,Wednesday,Weekday,May,18,225.45,7.283,1.6419,1.6419,0.5583,0.5418,0.2135,0.3284
4082,2026-05-12,18:00,Tuesday,Weekday,May,18,224.81,8.498,1.9105,1.9105,0.6496,0.6305,0.2484,0.3821
4083,2026-10-06,20:00,Tuesday,Weekday,October,20,230.13,7.791,1.7929,1.7929,0.6096,0.5917,0.2331,0.3586
4084,2026-12-28,14:00,Monday,Weekday,December,14,227.65,3.56,0.8103,0.8103,0.2431,0.2755,0.1053,0.1864
4085,2026-03-25,13:00,Wednesday,Weekday,March,13,232.58,2.725,0.6338,0.6338,0.1901,0.2155,0.0824,0.1458
4086,2026-08-30,00:00,Sunday,Weekend,August,0,226.82,1.602,0.3635,0.3635,0.0291,0.0436,0.1999,0.0909
4087,2026-04-26,15:00,Sunday,Weekend,April,15,228.27,3.135,0.7157,0.7157,0.2147,0.2433,0.093,0.1646
4088,2026-04-19,09:00,Sunday,Weekend,April,9,225.45,3.022,0.6812,0.6812,0.2861,0.1362,0.0886,0.1703
4089,2026-08-09,18:00,Sunday,Weekend,August,18,228.46,10.146,2.3179,2.3179,0.7881,0.7649,0.3013,0.4636
4090,2026-02-10,21:00,Tuesday,Weekday,February,21,228.91,6.869,1.5723,1.5723,0.5346,0.5189,0.2044,0.3145
4091,2026-05-27,02:00,Wednesday,Weekday,May,2,232.69,1.055,0.2455,0.2455,0.0196,0.0295,0.135,0.0614
4092,2026-04-22,04:00,Wednesday,Weekday,April,4,230.3,1.312,0.3021,0.3021,0.0242,0.0363,0.1661,0.0755
4093,2026-04-13,08:00,Monday,Weekday,April,8,231.85,5.468,1.2678,1.2678,0.5325,0.2536,0.1648,0.317
4094,2026-02-15,17:00,Sunday,Weekend,February,17,230.83,8.279,1.9111,1.9111,0.6498,0.6307,0.2484,0.3822
4095,2026-11-20,10:00,Friday,Weekday,November,10,230.98,3.561,0.8225,0.8225,0.2467,0.2796,0.1069,0.1892
4096,2026-09-28,15:00,Monday,Weekday,September,15,227.76,3.443,0.7841,0.7841,0.2352,0.2666,0.1019,0.1804
4097,2026-07-14,01:00,Tuesday,Weekday,July,1,231.01,1.85,0.4275,0.4275,0.0342,0.0513,0.2351,0.1069
4098,2026-10-07,11:00,Wednesday,Weekday,October,11,233.72,3.512,0.8209,0.8209,0.2463,0.2791,0.1067,0.1888
4099,2026-10-10,21:00,Saturday,Weekend,October,21,229.21,5.638,1.2923,1.2923,0.4394,0.4265,0.168,0.2585
4100,2026-02-09,05:00,Monday,Weekday,February,5,231.39,1.828,0.4231,0.4231,0.0338,0.0508,0.2327,0.1058
4101,2026-07-08,10:00,Wednesday,Weekday,July,10,231.32,4.723,1.0925,1.0925,0.3277,0.3714,0.142,0.2513
4102,2026-06-13,07:00,Saturday,Weekend,June,7,229.08,2.508,0.5746,0.5746,0.2413,0.1149,0.0747,0.1436
4103,2026-01-24,11:00,Saturday,Weekend,January,11,231.97,6.528,1.5143,1.5143,0.4543,0.5149,0.1969,0.3483
4104,2026-01-24,01:00,Saturday,Weekend,January,1,229.04,1.666,0.3815,0.3815,0.0305,0.0458,0.2098,0.0954
4105,2026-01-04,08:00,Sunday,Weekend,January,8,231.13,3.559,0.8226,0.8226,0.3455,0.1645,0.1069,0.2056
4106,2026-11-19,14:00,Thursday,Weekday,November,14,229.4,3.2,0.7341,0.7341,0.2202,0.2496,0.0954,0.1689
4107,2026-10-17,01:00,Saturday,Weekend,October,1,230.11,1.044,0.2403,0.2403,0.0192,0.0288,0.1322,0.0601
4108,2026-06-30,00:00,Tuesday,Weekday,June,0,232.33,1.638,0.3805,0.3805,0.0304,0.0457,0.2093,0.0951
4109,2026-09-05,09:00,Saturday,Weekend,September,9,225.13,4.59,1.0334,1.0334,0.434,0.2067,0.1343,0.2583
4110,2026-04-26,01:00,Sunday,Weekend,April,1,231.54,1.159,0.2683,0.2683,0.0215,0.0322,0.1476,0.0671
4111,2026-10-06,11:00,Tuesday,Weekday,October,11,231.77,3.163,0.7331,0.7331,0.2199,0.2493,0.0953,0.1686
4112,2026-12-31,22:00,Thursday,Weekday,December,22,228.56,5.057,1.1557,1.1557,0.393,0.3814,0.1502,0.2311
4113,2026-03-10,07:00,Tuesday,Weekday,March,7,229.92,5.114,1.1759,1.1759,0.4939,0.2352,0.1529,0.294
4114,2026-12-17,04:00,Thursday,Weekday,December,4,227.56,1.503,0.342,0.342,0.0274,0.041,0.1881,0.0855
4115,2026-09-11,21:00,Friday,Weekday,September,21,228.0,6.268,1.4291,1.4291,0.4859,0.4716,0.1858,0.2858
4116,2026-06-30,00:00,Tuesday,Weekday,June,0,230.68,2.01,0.4636,0.4636,0.0371,0.0556,0.255,0.1159
4117,2026-11-14,14:00,Saturday,Weekend,November,14,236.56,3.796,0.898,0.898,0.2694,0.3053,0.1167,0.2065
4118,2026-06-18,05:00,Thursday,Weekday,June,5,231.66,1.637,0.3792,0.3792,0.0303,0.0455,0.2086,0.0948
4119,2026-11-09,11:00,Monday,Weekday,November,11,227.88,4.196,0.9563,0.9563,0.2869,0.3251,0.1243,0.2199
4120,2026-09-06,07:00,Sunday,Weekend,September,7,231.94,2.777,0.6441,0.6441,0.2705,0.1288,0.0837,0.161
4121,2026-07-07,12:00,Tuesday,Weekday,July,12,231.45,4.926,1.1401,1.1401,0.342,0.3876,0.1482,0.2622
4122,2026-02-23,18:00,Monday,Weekday,February,18,223.42,7.278,1.6261,1.6261,0.5529,0.5366,0.2114,0.3252
4123,2026-11-22,00:00,Sunday,Weekend,November,0,229.21,1.454,0.3332,0.3332,0.0267,0.04,0.1833,0.0833
4124,2026-12-23,10:00,Wednesday,Weekday,December,10,229.64,3.382,0.7766,0.7766,0.233,0.264,0.101,0.1786
4125,2026-11-09,19:00,Monday,Weekday,November,19,229.1,8.564,1.9619,1.9619,0.6671,0.6474,0.2551,0.3924
4126,2026-05-18,00:00,Monday,Weekday,May,0,229.92,1.513,0.3479,0.3479,0.0278,0.0417,0.1913,0.087
4127,2026-06-17,07:00,Wednesday,Weekday,June,7,230.37,5.929,1.3659,1.3659,0.5737,0.2732,0.1776,0.3415
4128,2026-04-13,04:00,Monday,Weekday,April,4,227.66,1.003,0.2282,0.2282,0.0183,0.0274,0.1255,0.0571
4129,2026-03-26,16:00,Thursday,Weekday,March,16,229.19,3.425,0.7849,0.7849,0.2355,0.2669,0.102,0.1805
4130,2026-11-13,07:00,Friday,Weekday,November,7,229.34,5.23,1.1994,1.1994,0.5037,0.2399,0.1559,0.2998
4131,2026-07-31,09:00,Friday,Weekday,July,9,232.9,4.436,1.0332,1.0332,0.434,0.2066,0.1343,0.2583
4132,2026-01-03,01:00,Saturday,Weekend,January,1,228.26,1.676,0.3827,0.3827,0.0306,0.0459,0.2105,0.0957
4133,2026-06-28,08:00,Sunday,Weekend,June,8,229.39,4.823,1.1065,1.1065,0.4647,0.2213,0.1438,0.2766
4134,2026-12-08,23:00,Tuesday,Weekday,December,23,229.11,2.202,0.5046,0.5046,0.1715,0.1665,0.0656,0.1009
4135,2026-10-30,22:00,Friday,Weekday,October,22,233.97,3.366,0.7876,0.7876,0.2678,0.2599,0.1024,0.1575
4136,2026-11-28,02:00,Saturday,Weekend,November,2,231.66,1.205,0.2791,0.2791,0.0223,0.0335,0.1535,0.0698
4137,2026-02-07,17:00,Saturday,Weekend,February,17,227.15,10.375,2.3566,2.3566,0.8012,0.7777,0.3064,0.4713
4138,2026-08-27,06:00,Thursday,Weekday,August,6,230.99,3.012,0.6957,0.6957,0.2922,0.1391,0.0904,0.1739
4139,2026-06-18,14:00,Thursday,Weekday,June,14,227.47,3.156,0.7179,0.7179,0.2154,0.2441,0.0933,0.1651
4140,2026-12-09,20:00,Wednesday,Weekday,December,20,228.4,8.115,1.8535,1.8535,0.6302,0.6116,0.241,0.3707
4141,2026-11-10,21:00,Tuesday,Weekday,November,21,233.19,7.604,1.7733,1.7733,0.6029,0.5852,0.2305,0.3547
4142,2026-11-02,19:00,Monday,Weekday,November,19,222.53,8.694,1.9348,1.9348,0.6578,0.6385,0.2515,0.387
4143,2026-01-30,17:00,Friday,Weekday,January,17,227.48,6.323,1.4385,1.4385,0.4891,0.4747,0.187,0.2877
4144,2026-07-09,02:00,Thursday,Weekday,July,2,230.39,1.478,0.3406,0.3406,0.0272,0.0409,0.1873,0.0851
4145,2026-12-23,22:00,Wednesday,Weekday,December,22,229.01,5.249,1.2021,1.2021,0.4087,0.3967,0.1563,0.2404
4146,2026-01-25,13:00,Sunday,Weekend,January,13,230.53,5.762,1.3284,1.3284,0.3985,0.4516,0.1727,0.3055
4147,2026-04-22,23:00,Wednesday,Weekday,April,23,229.79,2.128,0.4889,0.4889,0.1662,0.1613,0.0636,0.0978
4148,2026-07-25,01:00,Saturday,Weekend,July,1,225.8,1.605,0.3624,0.3624,0.029,0.0435,0.1993,0.0906
4149,2026-07-04,13:00,Saturday,Weekend,July,13,231.55,5.438,1.2593,1.2593,0.3778,0.4281,0.1637,0.2896
4150,2026-02-16,21:00,Monday,Weekday,February,21,223.84,7.027,1.5731,1.5731,0.5348,0.5191,0.2045,0.3146
4151,2026-08-16,10:00,Sunday,Weekend,August,10,230.51,5.222,1.2037,1.2037,0.3611,0.4093,0.1565,0.2768
4152,2026-02-08,15:00,Sunday,Weekend,February,15,228.86,4.437,1.0154,1.0154,0.3046,0.3452,0.132,0.2335
4153,2026-01-16,07:00,Friday,Weekday,January,7,236.0,5.515,1.3016,1.3016,0.5467,0.2603,0.1692,0.3254
4154,2026-01-22,06:00,Thursday,Weekday,January,6,229.7,2.74,0.6294,0.6294,0.2644,0.1259,0.0818,0.1574
4155,2026-08-01,10:00,Saturday,Weekend,August,10,230.88,3.974,0.9175,0.9175,0.2753,0.312,0.1193,0.211
4156,2026-11-06,02:00,Friday,Weekday,November,2,231.38,2.478,0.5734,0.5734,0.0459,0.0688,0.3154,0.1433
4157,2026-05-29,16:00,Friday,Weekday,May,16,230.84,3.384,0.7811,0.7811,0.2343,0.2656,0.1015,0.1797
4158,2026-08-29,13:00,Saturday,Weekend,August,13,227.34,16.857,3.8323,3.8323,1.1497,1.303,0.4982,0.8814
4159,2026-09-29,05:00,Tuesday,Weekday,September,5,227.52,1.468,0.3341,0.3341,0.0267,0.0401,0.1837,0.0835
4160,2026-02-28,07:00,Saturday,Weekend,February,7,229.72,2.595,0.5961,0.5961,0.2504,0.1192,0.0775,0.149
4161,2026-10-14,21:00,Wednesday,Weekday,October,21,225.34,5.731,1.2913,1.2913,0.439,0.4261,0.1679,0.2583
4162,2026-07-21,04:00,Tuesday,Weekday,July,4,231.22,1.474,0.3409,0.3409,0.0273,0.0409,0.1875,0.0852
4163,2026-02-01,07:00,Sunday,Weekend,February,7,237.3,2.631,0.6244,0.6244,0.2623,0.1249,0.0812,0.1561
4164,2026-06-11,01:00,Thursday,Weekday,June,1,230.44,1.863,0.4293,0.4293,0.0343,0.0515,0.2361,0.1073
4165,2026-09-12,14:00,Saturday,Weekend,September,14,230.85,3.677,0.8488,0.8488,0.2546,0.2886,0.1103,0.1952
4166,2026-09-11,11:00,Friday,Weekday,September,11,226.12,3.385,0.7653,0.7653,0.2296,0.2602,0.0995,0.176
4167,2026-01-09,16:00,Friday,Weekday,January,16,227.96,4.669,1.0644,1.0644,0.3193,0.3619,0.1384,0.2448
4168,2026-05-19,00:00,Tuesday,Weekday,May,0,232.24,1.435,0.3332,0.3332,0.0267,0.04,0.1833,0.0833
4169,2026-01-10,14:00,Saturday,Weekend,January,14,226.38,4.542,1.0282,1.0282,0.3085,0.3496,0.1337,0.2365
4170,2026-08-02,13:00,Sunday,Weekend,August,13,228.18,6.389,1.4577,1.4577,0.4373,0.4956,0.1895,0.3353
4171,2026-09-30,19:00,Wednesday,Weekday,September,19,230.84,7.388,1.7055,1.7055,0.5799,0.5628,0.2217,0.3411
4172,2026-11-20,21:00,Friday,Weekday,November,21,232.02,5.825,1.3516,1.3516,0.4595,0.446,0.1757,0.2703
4173,2026-02-17,15:00,Tuesday,Weekday,February,15,229.73,3.742,0.8597,0.8597,0.2579,0.2923,0.1118,0.1977
4174,2026-04-21,08:00,Tuesday,Weekday,April,8,230.31,5.803,1.3365,1.3365,0.5613,0.2673,0.1737,0.3341
4175,2026-06-02,00:00,Tuesday,Weekday,June,0,230.3,1.553,0.3578,0.3578,0.0286,0.0429,0.1968,0.0894
4176,2026-05-03,16:00,Sunday,Weekend,May,16,226.92,4.733,1.074,1.074,0.3222,0.3652,0.1396,0.247
4177,2026-12-23,12:00,Wednesday,Weekday,December,12,229.82,4.771,1.0964,1.0964,0.3289,0.3728,0.1425,0.2522
4178,2026-04-12,20:00,Sunday,Weekend,April,20,230.58,8.92,2.0567,2.0567,0.6993,0.6787,0.2674,0.4113
4179,2026-08-29,20:00,Saturday,Weekend,August,20,228.18,12.607,2.8767,2.8767,0.9781,0.9493,0.374,0.5753
4180,2026-11-17,04:00,Tuesday,Weekday,November,4,225.19,1.501,0.3381,0.3381,0.027,0.0406,0.1859,0.0845
4181,2026-07-10,09:00,Friday,Weekday,July,9,233.84,4.856,1.1356,1.1356,0.477,0.2271,0.1476,0.2839
4182,2026-08-05,05:00,Wednesday,Weekday,August,5,227.27,1.844,0.419,0.419,0.0335,0.0503,0.2305,0.1048
4183,2026-02-20,23:00,Friday,Weekday,February,23,230.18,2.998,0.6901,0.6901,0.2346,0.2277,0.0897,0.138
4184,2026-10-19,18:00,Monday,Weekday,October,18,228.22,7.497,1.7109,1.7109,0.5817,0.5646,0.2224,0.3422
4185,2026-03-22,12:00,Sunday,Weekend,March,12,228.86,5.432,1.2433,1.2433,0.373,0.4227,0.1616,0.286
4186,2026-03-29,00:00,Sunday,Weekend,March,0,230.61,1.548,0.357,0.357,0.0286,0.0428,0.1963,0.0892
4187,2026-07-13,19:00,Monday,Weekday,July,19,227.13,13.605,3.0902,3.0902,1.0507,1.0198,0.4017,0.618
4188,2026-04-14,14:00,Tuesday,Weekday,April,14,235.37,4.463,1.0504,1.0504,0.3151,0.3571,0.1366,0.2416
4189,2026-09-28,13:00,Monday,Weekday,September,13,229.35,2.866,0.6574,0.6574,0.1972,0.2235,0.0855,0.1512
4190,2026-04-06,07:00,Monday,Weekday,April,7,232.25,5.123,1.1897,1.1897,0.4997,0.2379,0.1547,0.2974
4191,2026-07-17,09:00,Friday,Weekday,July,9,227.27,6.205,1.4101,1.4101,0.5922,0.282,0.1833,0.3525
4192,2026-01-01,08:00,Thursday,Weekday,January,8,230.56,6.509,1.5007,1.5007,0.6303,0.3001,0.1951,0.3752
4193,2026-06-16,16:00,Tuesday,Weekday,June,16,228.21,4.057,0.9259,0.9259,0.2778,0.3148,0.1204,0.213
4194,2026-05-06,08:00,Wednesday,Weekday,May,8,226.52,4.881,1.1057,1.1057,0.4644,0.2211,0.1437,0.2764
4195,2026-11-09,02:00,Monday,Weekday,November,2,227.34,1.084,0.2465,0.2465,0.0197,0.0296,0.1356,0.0616
4196,2026-03-22,10:00,Sunday,Weekend,March,10,227.88,4.57,1.0414,1.0414,0.3124,0.3541,0.1354,0.2395
4197,2026-09-08,11:00,Tuesday,Weekday,September,11,230.28,3.383,0.7791,0.7791,0.2337,0.2649,0.1013,0.1792
4198,2026-06-18,09:00,Thursday,Weekday,June,9,237.19,4.171,0.9894,0.9894,0.4155,0.1979,0.1286,0.2473
4199,2026-03-14,16:00,Saturday,Weekend,March,16,236.84,3.155,0.7471,0.7471,0.2241,0.254,0.0971,0.1718
4200,2026-05-21,16:00,Thursday,Weekday,May,16,229.2,3.693,0.8464,0.8464,0.2539,0.2878,0.11,0.1947
4201,2026-03-11,10:00,Wednesday,Weekday,March,10,232.4,3.263,0.7583,0.7583,0.2275,0.2578,0.0986,0.1744
4202,2026-09-19,21:00,Saturday,Weekend,September,21,226.87,5.905,1.3397,1.3397,0.4555,0.4421,0.1742,0.2679
4203,2026-12-06,03:00,Sunday,Weekend,December,3,224.74,1.263,0.2838,0.2838,0.0227,0.0341,0.1561,0.0709
4204,2026-11-04,06:00,Wednesday,Weekday,November,6,230.08,2.758,0.6345,0.6345,0.2665,0.1269,0.0825,0.1586
4205,2026-09-02,20:00,Wednesday,Weekday,September,20,230.3,7.157,1.6483,1.6483,0.5604,0.5439,0.2143,0.3297
4206,2026-01-03,13:00,Saturday,Weekend,January,13,231.96,3.749,0.8697,0.8697,0.2609,0.2957,0.1131,0.2
4207,2026-12-03,06:00,Thursday,Weekday,December,6,232.7,3.031,0.7054,0.7054,0.2963,0.1411,0.0917,0.1764
4208,2026-03-04,23:00,Wednesday,Weekday,March,23,229.17,2.55,0.5845,0.5845,0.1987,0.1929,0.076,0.1169
4209,2026-02-18,07:00,Wednesday,Weekday,February,7,230.18,5.617,1.293,1.293,0.5431,0.2586,0.1681,0.3233
4210,2026-03-17,00:00,Tuesday,Weekday,March,0,232.05,1.473,0.3419,0.3419,0.0274,0.041,0.188,0.0855
4211,2026-06-24,23:00,Wednesday,Weekday,June,23,232.98,3.292,0.7669,0.7669,0.2608,0.2531,0.0997,0.1534
4212,2026-04-19,21:00,Sunday,Weekend,April,21,227.73,6.573,1.4969,1.4969,0.5089,0.494,0.1946,0.2994
4213,2026-07-02,03:00,Thursday,Weekday,July,3,230.53,1.235,0.2846,0.2846,0.0228,0.0342,0.1565,0.0711
4214,2026-07-11,11:00,Saturday,Weekend,July,11,231.62,5.661,1.3111,1.3111,0.3933,0.4458,0.1704,0.3016
4215,2026-03-06,23:00,Friday,Weekday,March,23,230.37,2.397,0.5523,0.5523,0.1878,0.1822,0.0718,0.1105
4216,2026-12-03,02:00,Thursday,Weekday,December,2,228.44,1.523,0.3479,0.3479,0.0278,0.0417,0.1913,0.087
4217,2026-09-28,12:00,Monday,Weekday,September,12,230.01,4.669,1.0738,1.0738,0.3221,0.3651,0.1396,0.247
4218,2026-04-10,19:00,Friday,Weekday,April,19,228.59,7.157,1.6361,1.6361,0.5563,0.5399,0.2127,0.3272
4219,2026-02-01,05:00,Sunday,Weekend,February,5,228.1,1.792,0.4088,0.4088,0.0327,0.0491,0.2248,0.1022
4220,2026-12-18,10:00,Friday,Weekday,December,10,227.01,3.003,0.6816,0.6816,0.2045,0.2317,0.0886,0.1568
4221,2026-05-08,22:00,Friday,Weekday,May,22,235.15,3.123,0.7344,0.7344,0.2497,0.2424,0.0955,0.1469
4222,2026-12-05,03:00,Saturday,Weekend,December,3,230.47,1.54,0.355,0.355,0.0284,0.0426,0.1953,0.0888
4223,2026-02-12,19:00,Thursday,Weekday,February,19,232.23,10.486,2.4352,2.4352,0.828,0.8036,0.3166,0.487
4224,2026-03-19,15:00,Thursday,Weekday,March,15,230.52,2.953,0.6808,0.6808,0.2042,0.2315,0.0885,0.1566
4225,2026-11-10,06:00,Tuesday,Weekday,November,6,232.63,2.63,0.6118,0.6118,0.2569,0.1224,0.0795,0.1529
4226,2026-10-16,21:00,Friday,Weekday,October,21,230.2,6.033,1.3888,1.3888,0.4722,0.4583,0.1805,0.2778
4227,2026-09-27,10:00,Sunday,Weekend,September,10,231.47,4.497,1.0408,1.0408,0.3123,0.3539,0.1353,0.2394
4228,2026-06-11,23:00,Thursday,Weekday,June,23,227.23,3.058,0.6949,0.6949,0.2363,0.2293,0.0903,0.139
4229,2026-07-08,00:00,Wednesday,Weekday,July,0,225.59,2.512,0.5668,0.5668,0.0453,0.068,0.3117,0.1417
4230,2026-09-04,06:00,Friday,Weekday,September,6,228.81,2.536,0.5802,0.5802,0.2437,0.116,0.0754,0.1451
4231,2026-08-04,11:00,Tuesday,Weekday,August,11,226.44,3.532,0.7997,0.7997,0.2399,0.2719,0.104,0.1839
4232,2026-11-11,06:00,Wednesday,Weekday,November,6,224.71,3.286,0.7383,0.7383,0.3101,0.1477,0.096,0.1846
4233,2026-12-05,22:00,Saturday,Weekend,December,22,230.75,6.128,1.414,1.414,0.4808,0.4666,0.1838,0.2828
4234,2026-06-17,06:00,Wednesday,Weekday,June,6,225.58,4.163,0.939,0.939,0.3944,0.1878,0.1221,0.2348
4235,2026-12-05,09:00,Saturday,Weekend,December,9,232.07,6.479,1.5036,1.5036,0.6315,0.3007,0.1955,0.3759
4236,2026-07-12,15:00,Sunday,Weekend,July,15,233.6,4.197,0.9805,0.9805,0.2942,0.3334,0.1275,0.2255
4237,2026-10-10,07:00,Saturday,Weekend,October,7,226.39,2.271,0.5142,0.5142,0.216,0.1028,0.0668,0.1285
4238,2026-12-02,08:00,Wednesday,Weekday,December,8,228.49,6.706,1.5322,1.5322,0.6435,0.3064,0.1992,0.3831
4239,2026-01-13,08:00,Tuesday,Weekday,January,8,232.93,6.614,1.5406,1.5406,0.647,0.3081,0.2003,0.3851
4240,2026-08-28,01:00,Friday,Weekday,August,1,228.82,1.753,0.4012,0.4012,0.0321,0.0481,0.2207,0.1003
4241,2026-11-16,12:00,Monday,Weekday,November,12,231.53,5.585,1.2931,1.2931,0.3879,0.4397,0.1681,0.2974
4242,2026-05-27,12:00,Wednesday,Weekday,May,12,235.98,3.013,0.7109,0.7109,0.2133,0.2417,0.0924,0.1635
4243,2026-07-23,22:00,Thursday,Weekday,July,22,225.81,4.108,0.9276,0.9276,0.3154,0.3061,0.1206,0.1855
4244,2026-03-21,22:00,Saturday,Weekend,March,22,227.45,4.519,1.0278,1.0278,0.3494,0.3392,0.1336,0.2056
4245,2026-02-12,03:00,Thursday,Weekday,February,3,231.41,1.53,0.3542,0.3542,0.0283,0.0425,0.1948,0.0885
4246,2026-03-30,23:00,Monday,Weekday,March,23,235.43,2.154,0.5072,0.5072,0.1724,0.1674,0.0659,0.1014
4247,2026-05-28,11:00,Thursday,Weekday,May,11,228.22,3.757,0.8574,0.8574,0.2572,0.2915,0.1115,0.1972
4248,2026-04-05,16:00,Sunday,Weekend,April,16,236.09,4.447,1.05,1.05,0.315,0.357,0.1365,0.2415
4249,2026-05-31,01:00,Sunday,Weekend,May,1,230.33,1.063,0.2449,0.2449,0.0196,0.0294,0.1347,0.0612
4250,2026-01-02,12:00,Friday,Weekday,January,12,225.08,4.086,0.9198,0.9198,0.2759,0.3127,0.1196,0.2115
4251,2026-01-22,17:00,Thursday,Weekday,January,17,233.98,5.912,1.3834,1.3834,0.4703,0.4565,0.1798,0.2767
4252,2026-11-09,14:00,Monday,Weekday,November,14,228.84,7.862,1.7992,1.7992,0.5398,0.6117,0.2339,0.4138
4253,2026-11-24,07:00,Tuesday,Weekday,November,7,231.12,5.632,1.3017,1.3017,0.5467,0.2603,0.1692,0.3254
4254,2026-01-07,14:00,Wednesday,Weekday,January,14,225.85,4.593,1.0373,1.0373,0.3112,0.3527,0.1349,0.2386
4255,2026-07-25,00:00,Saturday,Weekend,July,0,228.12,1.588,0.3622,0.3622,0.029,0.0435,0.1992,0.0905
4256,2026-04-24,19:00,Friday,Weekday,April,19,226.2,8.463,1.9143,1.9143,0.6509,0.6317,0.2489,0.3829
4257,2026-09-29,09:00,Tuesday,Weekday,September,9,225.99,3.716,0.8398,0.8398,0.3527,0.168,0.1092,0.21
4258,2026-03-24,11:00,Tuesday,Weekday,March,11,230.25,3.612,0.8316,0.8316,0.2495,0.2828,0.1081,0.1913
4259,2026-06-28,04:00,Sunday,Weekend,June,4,231.42,1.531,0.3542,0.3542,0.0283,0.0425,0.1948,0.0885
4260,2026-07-29,08:00,Wednesday,Weekday,July,8,226.03,7.814,1.7662,1.7662,0.7418,0.3532,0.2296,0.4416
4261,2026-11-24,22:00,Tuesday,Weekday,November,22,226.41,3.318,0.7512,0.7512,0.2554,0.2479,0.0977,0.1502
4262,2026-05-04,07:00,Monday,Weekday,May,7,226.81,4.324,0.9807,0.9807,0.4119,0.1961,0.1275,0.2452
4263,2026-04-23,15:00,Thursday,Weekday,April,15,230.93,2.868,0.6624,0.6624,0.1987,0.2252,0.0861,0.1523
4264,2026-01-12,13:00,Monday,Weekday,January,13,230.28,4.926,1.1343,1.1343,0.3403,0.3857,0.1475,0.2609
4265,2026-05-06,12:00,Wednesday,Weekday,May,12,230.97,3.424,0.7908,0.7908,0.2372,0.2689,0.1028,0.1819
4266,2026-02-22,22:00,Sunday,Weekend,February,22,233.9,4.871,1.1393,1.1393,0.3874,0.376,0.1481,0.2279
4267,2026-11-27,20:00,Friday,Weekday,November,20,229.52,9.574,2.1975,2.1975,0.7472,0.7252,0.2857,0.4395
4268,2026-10-10,12:00,Saturday,Weekend,October,12,231.02,4.976,1.1496,1.1496,0.3449,0.3909,0.1495,0.2644
4269,2026-05-20,04:00,Wednesday,Weekday,May,4,235.92,1.688,0.3982,0.3982,0.0319,0.0478,0.219,0.0996
4270,2026-04-07,15:00,Tuesday,Weekday,April,15,229.31,3.318,0.7608,0.7608,0.2283,0.2587,0.0989,0.175
4271,2026-01-05,10:00,Monday,Weekday,January,10,235.96,4.192,0.9892,0.9892,0.2968,0.3363,0.1286,0.2275
4272,2026-02-26,21:00,Thursday,Weekday,February,21,230.97,8.24,1.9033,1.9033,0.6471,0.6281,0.2474,0.3807
4273,2026-11-30,04:00,Monday,Weekday,November,4,229.26,1.349,0.3093,0.3093,0.0247,0.0371,0.1701,0.0773
4274,2026-03-10,12:00,Tuesday,Weekday,March,12,232.01,3.687,0.8553,0.8553,0.2566,0.2908,0.1112,0.1967
4275,2026-04-28,10:00,Tuesday,Weekday,April,10,229.46,3.459,0.7936,0.7936,0.2381,0.2698,0.1032,0.1825
4276,2026-02-28,18:00,Saturday,Weekend,February,18,225.02,12.908,2.9047,2.9047,0.9876,0.9585,0.3776,0.5809
4277,2026-02-02,02:00,Monday,Weekday,February,2,229.98,1.258,0.2893,0.2893,0.0231,0.0347,0.1591,0.0723
4278,2026-11-14,14:00,Saturday,Weekend,November,14,226.33,4.216,0.9541,0.9541,0.2862,0.3244,0.124,0.2194
4279,2026-02-19,06:00,Thursday,Weekday,February,6,230.58,3.701,0.8534,0.8534,0.3584,0.1707,0.1109,0.2134
4280,2026-01-19,06:00,Monday,Weekday,January,6,232.0,2.445,0.5671,0.5671,0.2382,0.1134,0.0737,0.1418
4281,2026-08-02,05:00,Sunday,Weekend,August,5,229.46,1.851,0.4247,0.4247,0.034,0.051,0.2336,0.1062
4282,2026-07-16,02:00,Thursday,Weekday,July,2,230.58,1.405,0.3239,0.3239,0.0259,0.0389,0.1781,0.081
4283,2026-02-16,12:00,Monday,Weekday,February,12,230.54,4.256,0.9813,0.9813,0.2944,0.3336,0.1276,0.2257
4284,2026-06-16,06:00,Tuesday,Weekday,June,6,232.11,3.372,0.7828,0.7828,0.3288,0.1566,0.1018,0.1957
4285,2026-10-16,04:00,Friday,Weekday,October,4,230.22,0.978,0.2251,0.2251,0.018,0.027,0.1238,0.0563
4286,2026-05-21,22:00,Thursday,Weekday,May,22,229.21,3.633,0.8328,0.8328,0.2831,0.2748,0.1083,0.1666
4287,2026-03-25,17:00,Wednesday,Weekday,March,17,232.0,5.602,1.2996,1.2996,0.4419,0.4289,0.1689,0.2599
4288,2026-07-01,21:00,Wednesday,Weekday,July,21,229.68,8.696,1.9972,1.9972,0.6791,0.6591,0.2596,0.3994
4289,2026-03-20,07:00,Friday,Weekday,March,7,224.66,4.928,1.1072,1.1072,0.465,0.2214,0.1439,0.2768
4290,2026-08-03,16:00,Monday,Weekday,August,16,229.12,4.015,0.9199,0.9199,0.276,0.3128,0.1196,0.2116
4291,2026-01-14,19:00,Wednesday,Weekday,January,19,225.99,10.607,2.3972,2.3972,0.815,0.7911,0.3116,0.4794
4292,2026-08-03,00:00,Monday,Weekday,August,0,230.37,2.087,0.4808,0.4808,0.0385,0.0577,0.2644,0.1202
4293,2026-05-08,13:00,Friday,Weekday,May,13,230.1,3.65,0.8399,0.8399,0.252,0.2856,0.1092,0.1932
4294,2026-11-06,16:00,Friday,Weekday,November,16,225.12,3.745,0.843,0.843,0.2529,0.2866,0.1096,0.1939
4295,2026-09-05,09:00,Saturday,Weekend,September,9,226.27,4.165,0.9424,0.9424,0.3958,0.1885,0.1225,0.2356
4296,2026-01-29,11:00,Thursday,Weekday,January,11,227.62,3.861,0.8787,0.8787,0.2636,0.2988,0.1142,0.2021
4297,2026-10-07,15:00,Wednesday,Weekday,October,15,230.16,4.649,1.0699,1.0699,0.321,0.3638,0.1391,0.2461
4298,2026-12-04,13:00,Friday,Weekday,December,13,232.68,3.458,0.8046,0.8046,0.2414,0.2736,0.1046,0.1851
4299,2026-11-15,15:00,Sunday,Weekend,November,15,225.99,3.616,0.8171,0.8171,0.2451,0.2778,0.1062,0.1879
4300,2026-07-21,07:00,Tuesday,Weekday,July,7,227.38,8.695,1.9772,1.9772,0.8304,0.3954,0.257,0.4943
4301,2026-12-27,22:00,Sunday,Weekend,December,22,229.88,4.437,1.02,1.02,0.3468,0.3366,0.1326,0.204
4302,2026-02-26,09:00,Thursday,Weekday,February,9,227.67,4.897,1.1148,1.1148,0.4682,0.223,0.1449,0.2787
4303,2026-08-06,16:00,Thursday,Weekday,August,16,230.22,4.969,1.1441,1.1441,0.3432,0.389,0.1487,0.2631
4304,2026-03-03,17:00,Tuesday,Weekday,March,17,231.6,4.881,1.1306,1.1306,0.3844,0.3731,0.147,0.2261
4305,2026-06-06,19:00,Saturday,Weekend,June,19,225.57,12.804,2.8883,2.8883,0.982,0.9531,0.3755,0.5777
4306,2026-07-21,15:00,Tuesday,Weekday,July,15,230.82,4.491,1.0367,1.0367,0.311,0.3525,0.1348,0.2384
4307,2026-01-17,16:00,Saturday,Weekend,January,16,229.71,5.264,1.2091,1.2091,0.3627,0.4111,0.1572,0.2781
4308,2026-11-18,15:00,Wednesday,Weekday,November,15,227.13,2.578,0.5856,0.5856,0.1757,0.1991,0.0761,0.1347
4309,2026-01-06,18:00,Tuesday,Weekday,January,18,228.45,9.896,2.2608,2.2608,0.7687,0.746,0.2939,0.4522
4310,2026-02-27,23:00,Friday,Weekday,February,23,231.14,2.824,0.6526,0.6526,0.2219,0.2154,0.0848,0.1305
4311,2026-11-21,23:00,Saturday,Weekend,November,23,233.53,2.138,0.4993,0.4993,0.1698,0.1648,0.0649,0.0999
4312,2026-11-14,07:00,Saturday,Weekend,November,7,234.11,2.552,0.5974,0.5974,0.2509,0.1195,0.0777,0.1493
4313,2026-06-18,05:00,Thursday,Weekday,June,5,228.58,1.913,0.4372,0.4372,0.035,0.0525,0.2405,0.1093
4314,2026-03-23,05:00,Monday,Weekday,March,5,228.43,1.167,0.2665,0.2665,0.0213,0.032,0.1466,0.0666
4315,2026-08-07,20:00,Friday,Weekday,August,20,227.65,12.762,2.9052,2.9052,0.9878,0.9587,0.3777,0.581
4316,2026-06-26,08:00,Friday,Weekday,June,8,228.64,5.001,1.1434,1.1434,0.4802,0.2287,0.1486,0.2859
4317,2026-07-23,03:00,Thursday,Weekday,July,3,233.03,1.432,0.3336,0.3336,0.0267,0.04,0.1835,0.0834
4318,2026-03-12,11:00,Thursday,Weekday,March,11,230.25,3.361,0.7739,0.7739,0.2322,0.2631,0.1006,0.178
4319,2026-09-23,11:00,Wednesday,Weekday,September,11,230.14,3.408,0.7842,0.7842,0.2353,0.2666,0.1019,0.1804
4320,2026-04-08,22:00,Wednesday,Weekday,April,22,231.61,3.66,0.8477,0.8477,0.2882,0.2798,0.1102,0.1695
4321,2026-12-11,16:00,Friday,Weekday,December,16,230.4,3.572,0.823,0.823,0.2469,0.2798,0.107,0.1893
4322,2026-10-18,14:00,Sunday,Weekend,October,14,230.76,2.842,0.6558,0.6558,0.1967,0.223,0.0853,0.1508
4323,2026-07-27,08:00,Monday,Weekday,July,8,230.66,5.643,1.3016,1.3016,0.5467,0.2603,0.1692,0.3254
4324,2026-01-02,06:00,Friday,Weekday,January,6,229.64,2.639,0.6061,0.6061,0.2545,0.1212,0.0788,0.1515
4325,2026-05-04,09:00,Monday,Weekday,May,9,227.74,3.9,0.8883,0.8883,0.3731,0.1777,0.1155,0.2221
4326,2026-10-07,15:00,Wednesday,Weekday,October,15,234.4,2.358,0.5526,0.5526,0.1658,0.1879,0.0718,0.1271
4327,2026-03-15,11:00,Sunday,Weekend,March,11,227.74,4.677,1.0651,1.0651,0.3195,0.3621,0.1385,0.245
4328,2026-06-15,06:00,Monday,Weekday,June,6,234.14,3.26,0.7632,0.7632,0.3206,0.1526,0.0992,0.1908
4329,2026-01-22,17:00,Thursday,Weekday,January,17,228.45,7.177,1.6396,1.6396,0.5575,0.5411,0.2131,0.3279
4330,2026-06-03,14:00,Wednesday,Weekday,June,14,228.5,3.715,0.8488,0.8488,0.2546,0.2886,0.1103,0.1952
4331,2026-10-22,05:00,Thursday,Weekday,October,5,231.39,1.29,0.2985,0.2985,0.0239,0.0358,0.1641,0.0746
4332,2026-08-07,11:00,Friday,Weekday,August,11,231.86,6.559,1.5208,1.5208,0.4562,0.5171,0.1977,0.3498
4333,2026-06-06,10:00,Saturday,Weekend,June,10,234.3,3.158,0.74,0.74,0.222,0.2516,0.0962,0.1702
4334,2026-08-18,19:00,Tuesday,Weekday,August,19,225.94,9.492,2.1446,2.1446,0.7292,0.7077,0.2788,0.4289
4335,2026-01-20,02:00,Tuesday,Weekday,January,2,229.65,3.602,0.8273,0.8273,0.0662,0.0993,0.455,0.2068
4336,2026-02-10,01:00,Tuesday,Weekday,February,1,233.44,3.753,0.8762,0.8762,0.0701,0.1051,0.4819,0.2191
4337,2026-05-28,05:00,Thursday,Weekday,May,5,231.87,2.959,0.6861,0.6861,0.0549,0.0823,0.3774,0.1715
4338,2026-04-18,23:00,Saturday,Weekend,April,23,231.22,2.116,0.4891,0.4891,0.1663,0.1614,0.0636,0.0978
4339,2026-03-25,21:00,Wednesday,Weekday,March,21,233.7,6.327,1.4785,1.4785,0.5027,0.4879,0.1922,0.2957
4340,2026-11-18,04:00,Wednesday,Weekday,November,4,229.55,1.152,0.2644,0.2644,0.0212,0.0317,0.1454,0.0661
4341,2026-11-05,17:00,Thursday,Weekday,November,17,224.0,5.924,1.327,1.327,0.4512,0.4379,0.1725,0.2654
4342,2026-10-17,15:00,Saturday,Weekend,October,15,229.08,3.473,0.7955,0.7955,0.2387,0.2705,0.1034,0.183
4343,2026-11-19,07:00,Thursday,Weekday,November,7,235.03,5.185,1.2185,1.2185,0.5118,0.2437,0.1584,0.3046
4344,2026-05-14,19:00,Thursday,Weekday,May,19,228.82,8.291,1.8971,1.8971,0.645,0.6261,0.2466,0.3794
4345,2026-07-26,21:00,Sunday,Weekend,July,21,224.95,11.332,2.549,2.549,0.8667,0.8412,0.3314,0.5098
4346,2026-10-10,10:00,Saturday,Weekend,October,10,233.34,3.115,0.7269,0.7269,0.2181,0.2471,0.0945,0.1672
4347,2026-09-23,09:00,Wednesday,Weekday,September,9,232.11,4.056,0.9415,0.9415,0.3954,0.1883,0.1224,0.2354
4348,2026-03-14,23:00,Saturday,Weekend,March,23,230.37,1.872,0.4313,0.4313,0.1467,0.1423,0.0561,0.0863
4349,2026-12-18,11:00,Friday,Weekday,December,11,231.46,4.538,1.0503,1.0503,0.3151,0.3571,0.1365,0.2416
4350,2026-02-17,20:00,Tuesday,Weekday,February,20,226.7,9.261,2.0995,2.0995,0.7138,0.6928,0.2729,0.4199
4351,2026-11-22,05:00,Sunday,Weekend,November,5,229.09,1.212,0.2776,0.2776,0.0222,0.0333,0.1527,0.0694
4352,2026-08-21,19:00,Friday,Weekday,August,19,227.91,10.997,2.5064,2.5064,0.8522,0.8271,0.3258,0.5013
4353,2026-04-10,04:00,Friday,Weekday,April,4,232.75,1.155,0.2687,0.2687,0.0215,0.0322,0.1478,0.0672
4354,2026-02-28,22:00,Saturday,Weekend,February,22,228.63,5.179,1.1841,1.1841,0.4026,0.3907,0.1539,0.2368
4355,2026-09-15,08:00,Tuesday,Weekday,September,8,227.81,7.376,1.6803,1.6803,0.7057,0.3361,0.2184,0.4201
4356,2026-03-06,15:00,Friday,Weekday,March,15,233.6,3.266,0.763,0.763,0.2289,0.2594,0.0992,0.1755
4357,2026-03-24,21:00,Tuesday,Weekday,March,21,234.64,6.527,1.5315,1.5315,0.5207,0.5054,0.1991,0.3063
4358,2026-06-03,13:00,Wednesday,Weekday,June,13,227.82,4.117,0.938,0.938,0.2814,0.3189,0.1219,0.2157
4359,2026-09-23,21:00,Wednesday,Weekday,September,21,230.35,5.525,1.2727,1.2727,0.4327,0.42,0.1654,0.2545
4360,2026-11-05,07:00,Thursday,Weekday,November,7,226.23,13.567,3.0693,3.0693,1.2891,0.6139,0.399,0.7673
4361,2026-03-20,19:00,Friday,Weekday,March,19,227.19,9.876,2.2438,2.2438,0.7629,0.7405,0.2917,0.4488
4362,2026-11-11,18:00,Wednesday,Weekday,November,18,227.74,7.266,1.6547,1.6547,0.5626,0.5461,0.2151,0.3309
4363,2026-05-30,13:00,Saturday,Weekend,May,13,233.13,3.89,0.9068,0.9068,0.272,0.3083,0.1179,0.2086
4364,2026-02-17,06:00,Tuesday,Weekday,February,6,227.07,3.906,0.8868,0.8868,0.3725,0.1774,0.1153,0.2217
4365,2026-09-05,04:00,Saturday,Weekend,September,4,226.73,0.955,0.2166,0.2166,0.0173,0.026,0.1191,0.0542
4366,2026-10-05,17:00,Monday,Weekday,October,17,233.8,10.247,2.3958,2.3958,0.8146,0.7906,0.3115,0.4792
4367,2026-12-22,01:00,Tuesday,Weekday,December,1,228.42,1.259,0.2877,0.2877,0.023,0.0345,0.1582,0.0719
4368,2026-04-08,10:00,Wednesday,Weekday,April,10,230.49,3.168,0.7302,0.7302,0.2191,0.2483,0.0949,0.1679
4369,2026-01-25,21:00,Sunday,Weekend,January,21,228.76,9.219,2.109,2.109,0.7171,0.696,0.2742,0.4218
4370,2026-10-11,07:00,Sunday,Weekend,October,7,228.03,2.269,0.5175,0.5175,0.2174,0.1035,0.0673,0.1294
4371,2026-10-28,00:00,Wednesday,Weekday,October,0,228.03,1.182,0.2695,0.2695,0.0216,0.0323,0.1482,0.0674
4372,2026-03-09,21:00,Monday,Weekday,March,21,232.82,5.408,1.2592,1.2592,0.4281,0.4155,0.1637,0.2518
4373,2026-01-07,11:00,Wednesday,Weekday,January,11,231.69,5.04,1.1678,1.1678,0.3503,0.3971,0.1518,0.2686
4374,2026-11-01,01:00,Sunday,Weekend,November,1,229.96,1.204,0.2769,0.2769,0.0222,0.0332,0.1523,0.0692
4375,2026-05-17,17:00,Sunday,Weekend,May,17,229.34,7.277,1.669,1.669,0.5674,0.5508,0.217,0.3338
4376,2026-06-13,06:00,Saturday,Weekend,June,6,230.79,2.256,0.5207,0.5207,0.2187,0.1041,0.0677,0.1302
4377,2026-03-24,16:00,Tuesday,Weekday,March,16,230.96,3.438,0.794,0.794,0.2382,0.27,0.1032,0.1826
4378,2026-05-18,21:00,Monday,Weekday,May,21,233.15,5.67,1.322,1.322,0.4495,0.4363,0.1719,0.2644
4379,2026-03-14,22:00,Saturday,Weekend,March,22,229.95,3.501,0.8052,0.8052,0.2738,0.2657,0.1047,0.161
4380,2026-08-25,13:00,Tuesday,Weekday,August,13,231.11,4.283,0.9899,0.9899,0.297,0.3366,0.1287,0.2277
4381,2026-02-15,23:00,Sunday,Weekend,February,23,231.8,2.806,0.6504,0.6504,0.2211,0.2146,0.0846,0.1301
4382,2026-04-16,06:00,Thursday,Weekday,April,6,231.84,2.494,0.5783,0.5783,0.2429,0.1157,0.0752,0.1446
4383,2026-10-15,21:00,Thursday,Weekday,October,21,233.62,5.564,1.3,1.3,0.442,0.429,0.169,0.26
4384,2026-09-19,02:00,Saturday,Weekend,September,2,229.97,1.206,0.2773,0.2773,0.0222,0.0333,0.1525,0.0693
4385,2026-06-25,05:00,Thursday,Weekday,June,5,228.59,1.708,0.3904,0.3904,0.0312,0.0468,0.2147,0.0976
4386,2026-06-15,19:00,Monday,Weekday,June,19,226.8,9.966,2.2604,2.2604,0.7685,0.7459,0.2938,0.4521
4387,2026-05-25,01:00,Monday,Weekday,May,1,231.6,0.835,0.1933,0.1933,0.0155,0.0232,0.1063,0.0483
4388,2026-11-26,16:00,Thursday,Weekday,November,16,229.73,3.288,0.7553,0.7553,0.2266,0.2568,0.0982,0.1737
4389,2026-10-10,11:00,Saturday,Weekend,October,11,235.72,3.662,0.8632,0.8632,0.259,0.2935,0.1122,0.1985
4390,2026-02-23,11:00,Monday,Weekday,February,11,230.03,4.151,0.9548,0.9548,0.2864,0.3246,0.1241,0.2196
4391,2026-06-27,16:00,Saturday,Weekend,June,16,227.61,3.693,0.8405,0.8405,0.2521,0.2858,0.1093,0.1933
4392,2026-09-01,09:00,Tuesday,Weekday,September,9,230.81,4.12,0.9509,0.9509,0.3994,0.1902,0.1236,0.2377
4393,2026-12-07,02:00,Monday,Weekday,December,2,233.85,1.261,0.2949,0.2949,0.0236,0.0354,0.1622,0.0737
4394,2026-05-07,19:00,Thursday,Weekday,May,19,227.32,7.449,1.6932,1.6932,0.5757,0.5588,0.2201,0.3386
4395,2026-09-28,17:00,Monday,Weekday,September,17,227.89,5.235,1.193,1.193,0.4056,0.3937,0.1551,0.2386
4396,2026-05-12,12:00,Tuesday,Weekday,May,12,229.53,3.296,0.7566,0.7566,0.227,0.2572,0.0984,0.174
4397,2026-04-03,11:00,Friday,Weekday,April,11,228.39,4.036,0.9217,0.9217,0.2765,0.3134,0.1198,0.212
4398,2026-03-14,16:00,Saturday,Weekend,March,16,226.62,4.482,1.0156,1.0156,0.3047,0.3453,0.132,0.2336
4399,2026-09-05,03:00,Saturday,Weekend,September,3,226.15,0.949,0.2146,0.2146,0.0172,0.0258,0.118,0.0537
4400,2026-12-14,22:00,Monday,Weekday,December,22,230.58,5.05,1.1644,1.1644,0.3959,0.3843,0.1514,0.2329
4401,2026-09-30,09:00,Wednesday,Weekday,September,9,231.79,4.299,0.9964,0.9964,0.4185,0.1993,0.1295,0.2491
4402,2026-02-12,10:00,Thursday,Weekday,February,10,228.25,3.264,0.745,0.745,0.2235,0.2533,0.0968,0.1713
4403,2026-02-10,05:00,Tuesday,Weekday,February,5,229.82,1.404,0.3226,0.3226,0.0258,0.0387,0.1774,0.0806
4404,2026-06-19,05:00,Friday,Weekday,June,5,230.46,3.251,0.7491,0.7491,0.0599,0.0899,0.412,0.1873
4405,2026-07-31,08:00,Friday,Weekday,July,8,224.77,6.735,1.5137,1.5137,0.6358,0.3027,0.1968,0.3784
4406,2026-06-17,14:00,Wednesday,Weekday,June,14,232.15,2.952,0.6853,0.6853,0.2056,0.233,0.0891,0.1576
4407,2026-02-08,01:00,Sunday,Weekend,February,1,230.53,1.479,0.3408,0.3408,0.0273,0.0409,0.1875,0.0852
4408,2026-09-02,03:00,Wednesday,Weekday,September,3,231.31,1.146,0.2651,0.2651,0.0212,0.0318,0.1458,0.0663
4409,2026-05-31,04:00,Sunday,Weekend,May,4,231.7,1.103,0.2556,0.2556,0.0204,0.0307,0.1406,0.0639
4410,2026-04-21,16:00,Tuesday,Weekday,April,16,236.06,3.072,0.7252,0.7252,0.2176,0.2466,0.0943,0.1668
4411,2026-02-16,07:00,Monday,Weekday,February,7,227.44,5.168,1.1755,1.1755,0.4937,0.2351,0.1528,0.2939
4412,2026-03-04,07:00,Wednesday,Weekday,March,7,227.77,4.393,1.0006,1.0006,0.4203,0.2001,0.1301,0.2502
4413,2026-08-13,21:00,Thursday,Weekday,August,21,231.71,8.709,2.018,2.018,0.6861,0.6659,0.2623,0.4036
4414,2026-03-10,11:00,Tuesday,Weekday,March,11,231.63,3.931,0.9104,0.9104,0.2731,0.3096,0.1184,0.2094
4415,2026-10-26,20:00,Monday,Weekday,October,20,228.4,6.817,1.5571,1.5571,0.5294,0.5138,0.2024,0.3114
4416,2026-10-17,07:00,Saturday,Weekend,October,7,228.8,1.812,0.4146,0.4146,0.1741,0.0829,0.0539,0.1037
4417,2026-10-23,18:00,Friday,Weekday,October,18,226.65,7.926,1.7964,1.7964,0.6108,0.5928,0.2335,0.3593
4418,2026-07-22,02:00,Wednesday,Weekday,July,2,229.47,1.317,0.3022,0.3022,0.0242,0.0363,0.1662,0.0756
4419,2026-03-02,17:00,Monday,Weekday,March,17,226.26,5.35,1.2105,1.2105,0.4116,0.3994,0.1574,0.2421
4420,2026-11-14,20:00,Saturday,Weekend,November,20,232.41,11.563,2.6873,2.6873,0.9137,0.8868,0.3493,0.5375
4421,2026-11-10,18:00,Tuesday,Weekday,November,18,224.66,7.281,1.6358,1.6358,0.5562,0.5398,0.2127,0.3272
4422,2026-06-10,18:00,Wednesday,Weekday,June,18,225.3,11.076,2.4955,2.4955,0.8485,0.8235,0.3244,0.4991
4423,2026-11-27,14:00,Friday,Weekday,November,14,228.92,2.88,0.6593,0.6593,0.1978,0.2241,0.0857,0.1516
4424,2026-01-16,05:00,Friday,Weekday,January,5,235.36,1.889,0.4445,0.4445,0.0356,0.0533,0.2445,0.1111
4425,2026-12-04,15:00,Friday,Weekday,December,15,229.75,3.731,0.8571,0.8571,0.2571,0.2914,0.1114,0.1971
4426,2026-04-04,07:00,Saturday,Weekend,April,7,230.79,2.238,0.5165,0.5165,0.2169,0.1033,0.0671,0.1291
4427,2026-10-31,15:00,Saturday,Weekend,October,15,227.81,2.864,0.6525,0.6525,0.1958,0.2219,0.0848,0.1501
4428,2026-05-18,17:00,Monday,Weekday,May,17,232.17,3.528,0.8191,0.8191,0.2785,0.2703,0.1065,0.1638
4429,2026-12-04,19:00,Friday,Weekday,December,19,236.76,9.889,2.3414,2.3414,0.7961,0.7727,0.3044,0.4683
4430,2026-02-07,15:00,Saturday,Weekend,February,15,231.23,4.3,0.9942,0.9942,0.2983,0.338,0.1292,0.2287
4431,2026-05-07,10:00,Thursday,Weekday,May,10,229.16,2.951,0.6763,0.6763,0.2029,0.2299,0.0879,0.1555
4432,2026-10-02,06:00,Friday,Weekday,October,6,224.92,2.404,0.5407,0.5407,0.2271,0.1081,0.0703,0.1352
4433,2026-06-13,16:00,Saturday,Weekend,June,16,231.73,4.822,1.1175,1.1175,0.3352,0.3799,0.1453,0.257
4434,2026-11-15,16:00,Sunday,Weekend,November,16,227.54,5.185,1.1798,1.1798,0.3539,0.4011,0.1534,0.2714
4435,2026-03-18,11:00,Wednesday,Weekday,March,11,228.11,3.574,0.8154,0.8154,0.2446,0.2772,0.106,0.1875
4436,2026-06-23,12:00,Tuesday,Weekday,June,12,232.33,4.44,1.0314,1.0314,0.3094,0.3507,0.1341,0.2372
4437,2026-12-24,09:00,Thursday,Weekday,December,9,228.82,4.998,1.1436,1.1436,0.4803,0.2287,0.1487,0.2859
4438,2026-11-17,06:00,Tuesday,Weekday,November,6,229.76,2.921,0.6711,0.6711,0.2819,0.1342,0.0872,0.1678
4439,2026-04-01,13:00,Wednesday,Weekday,April,13,231.87,2.667,0.6183,0.6183,0.1855,0.2102,0.0804,0.1422
4440,2026-08-26,22:00,Wednesday,Weekday,August,22,228.23,4.587,1.0468,1.0468,0.3559,0.3455,0.1361,0.2094
4441,2026-09-21,00:00,Monday,Weekday,September,0,226.78,1.457,0.3304,0.3304,0.0264,0.0397,0.1817,0.0826
4442,2026-06-28,16:00,Sunday,Weekend,June,16,231.16,5.046,1.1664,1.1664,0.3499,0.3966,0.1516,0.2683
4443,2026-07-28,03:00,Tuesday,Weekday,July,3,231.89,1.359,0.315,0.315,0.0252,0.0378,0.1733,0.0788
4444,2026-03-14,20:00,Saturday,Weekend,March,20,225.67,10.054,2.2688,2.2688,0.7714,0.7487,0.2949,0.4538
4445,2026-04-17,04:00,Friday,Weekday,April,4,228.43,1.434,0.3276,0.3276,0.0262,0.0393,0.1802,0.0819
4446,2026-12-11,19:00,Friday,Weekday,December,19,225.15,11.476,2.5838,2.5838,0.8785,0.8527,0.3359,0.5168
4447,2026-10-22,23:00,Thursday,Weekday,October,23,231.78,2.037,0.4723,0.4723,0.1606,0.1558,0.0614,0.0945
4448,2026-10-11,22:00,Sunday,Weekend,October,22,234.8,3.627,0.8515,0.8515,0.2895,0.281,0.1107,0.1703
4449,2026-12-19,06:00,Saturday,Weekend,December,6,232.33,2.265,0.5262,0.5262,0.221,0.1052,0.0684,0.1315
4450,2026-07-01,09:00,Wednesday,Weekday,July,9,229.77,5.027,1.155,1.155,0.4851,0.231,0.1501,0.2887
4451,2026-02-06,16:00,Friday,Weekday,February,16,231.79,3.486,0.8079,0.8079,0.2424,0.2747,0.105,0.1858
4452,2026-05-17,06:00,Sunday,Weekend,May,6,227.92,1.653,0.3768,0.3768,0.1583,0.0754,0.049,0.0942
4453,2026-12-04,00:00,Friday,Weekday,December,0,230.92,1.868,0.4313,0.4313,0.0345,0.0518,0.2372,0.1078
4454,2026-02-25,06:00,Wednesday,Weekday,February,6,227.29,2.987,0.6789,0.6789,0.2851,0.1358,0.0883,0.1697
4455,2026-07-06,23:00,Monday,Weekday,July,23,229.69,3.32,0.7627,0.7627,0.2593,0.2517,0.0991,0.1525
4456,2026-12-07,10:00,Monday,Weekday,December,10,232.69,4.701,1.0939,1.0939,0.3282,0.3719,0.1422,0.2516
4457,2026-09-15,08:00,Tuesday,Weekday,September,8,232.03,5.84,1.3551,1.3551,0.5692,0.271,0.1762,0.3388
4458,2026-02-27,11:00,Friday,Weekday,February,11,231.42,5.293,1.2248,1.2248,0.3675,0.4164,0.1592,0.2817
4459,2026-12-29,02:00,Tuesday,Weekday,December,2,231.04,1.54,0.3559,0.3559,0.0285,0.0427,0.1958,0.089
4460,2026-05-03,03:00,Sunday,Weekend,May,3,228.16,0.847,0.1933,0.1933,0.0155,0.0232,0.1063,0.0483
4461,2026-07-07,03:00,Tuesday,Weekday,July,3,230.36,1.706,0.3929,0.3929,0.0314,0.0471,0.2161,0.0982
4462,2026-08-18,12:00,Tuesday,Weekday,August,12,231.96,6.085,1.4116,1.4116,0.4235,0.4799,0.1835,0.3247
4463,2026-06-17,22:00,Wednesday,Weekday,June,22,229.39,5.543,1.2714,1.2714,0.4323,0.4196,0.1653,0.2543
4464,2026-04-24,18:00,Friday,Weekday,April,18,227.48,7.677,1.7464,1.7464,0.5938,0.5763,0.227,0.3493
4465,2026-09-09,09:00,Wednesday,Weekday,September,9,228.82,4.499,1.0295,1.0295,0.4324,0.2059,0.1338,0.2574
4466,2026-04-17,04:00,Friday,Weekday,April,4,229.29,1.322,0.3031,0.3031,0.0242,0.0364,0.1667,0.0758
4467,2026-02-06,06:00,Friday,Weekday,February,6,228.07,3.797,0.866,0.866,0.3637,0.1732,0.1126,0.2165
4468,2026-12-01,23:00,Tuesday,Weekday,December,23,230.06,3.018,0.6943,0.6943,0.2361,0.2291,0.0903,0.1389
4469,2026-04-02,15:00,Thursday,Weekday,April,15,229.2,2.973,0.6815,0.6815,0.2044,0.2317,0.0886,0.1567
4470,2026-01-18,00:00,Sunday,Weekend,January,0,226.31,1.493,0.3379,0.3379,0.027,0.0405,0.1858,0.0845
4471,2026-12-20,11:00,Sunday,Weekend,December,11,236.5,5.192,1.228,1.228,0.3684,0.4175,0.1596,0.2824
4472,2026-03-04,01:00,Wednesday,Weekday,March,1,227.41,1.525,0.3469,0.3469,0.0277,0.0416,0.1908,0.0867
4473,2026-05-30,06:00,Saturday,Weekend,May,6,229.66,1.743,0.4004,0.4004,0.1682,0.0801,0.052,0.1001
4474,2026-05-19,10:00,Tuesday,Weekday,May,10,230.15,3.483,0.8017,0.8017,0.2405,0.2726,0.1042,0.1844
4475,2026-07-05,12:00,Sunday,Weekend,July,12,227.1,7.724,1.7542,1.7542,0.5263,0.5964,0.228,0.4035
4476,2026-07-04,01:00,Saturday,Weekend,July,1,229.78,1.492,0.3428,0.3428,0.0274,0.0411,0.1885,0.0857
4477,2026-07-24,06:00,Friday,Weekday,July,6,227.95,3.476,0.7924,0.7924,0.3328,0.1585,0.103,0.1981
4478,2026-09-17,14:00,Thursday,Weekday,September,14,231.82,2.868,0.6649,0.6649,0.1995,0.2261,0.0864,0.1529
4479,2026-08-02,10:00,Sunday,Weekend,August,10,229.94,5.129,1.1794,1.1794,0.3538,0.401,0.1533,0.2713
4480,2026-09-13,01:00,Sunday,Weekend,September,1,231.8,0.95,0.2203,0.2203,0.0176,0.0264,0.1212,0.0551
4481,2026-05-15,06:00,Friday,Weekday,May,6,233.67,2.262,0.5286,0.5286,0.222,0.1057,0.0687,0.1321
4482,2026-03-02,03:00,Monday,Weekday,March,3,229.3,1.063,0.2437,0.2437,0.0195,0.0292,0.134,0.0609
4483,2026-12-29,10:00,Tuesday,Weekday,December,10,231.93,2.886,0.6694,0.6694,0.2008,0.2276,0.087,0.154
4484,2026-11-06,01:00,Friday,Weekday,November,1,233.84,1.16,0.2712,0.2712,0.0217,0.0325,0.1492,0.0678
4485,2026-03-29,15:00,Sunday,Weekend,March,15,229.69,3.747,0.8607,0.8607,0.2582,0.2926,0.1119,0.198
4486,2026-11-20,06:00,Friday,Weekday,November,6,231.73,2.62,0.607,0.607,0.2549,0.1214,0.0789,0.1518
4487,2026-07-26,12:00,Sunday,Weekend,July,12,228.84,6.532,1.4947,1.4947,0.4484,0.5082,0.1943,0.3438
4488,2026-05-09,04:00,Saturday,Weekend,May,4,232.99,1.19,0.2773,0.2773,0.0222,0.0333,0.1525,0.0693
4489,2026-11-07,16:00,Saturday,Weekend,November,16,228.75,3.874,0.8862,0.8862,0.2659,0.3013,0.1152,0.2038
4490,2026-01-03,20:00,Saturday,Weekend,January,20,230.79,12.422,2.8669,2.8669,0.9747,0.9461,0.3727,0.5734
4491,2026-08-30,11:00,Sunday,Weekend,August,11,232.49,5.773,1.3421,1.3421,0.4026,0.4563,0.1745,0.3087
4492,2026-05-01,18:00,Friday,Weekday,May,18,225.63,7.48,1.6877,1.6877,0.5738,0.5569,0.2194,0.3375
4493,2026-04-12,06:00,Sunday,Weekend,April,6,228.33,1.467,0.335,0.335,0.1407,0.067,0.0436,0.0838
4494,2026-02-07,05:00,Saturday,Weekend,February,5,228.23,2.116,0.4829,0.4829,0.0386,0.0579,0.2656,0.1207
4495,2026-12-07,07:00,Monday,Weekday,December,7,232.7,5.617,1.3071,1.3071,0.549,0.2614,0.1699,0.3268
4496,2026-05-13,12:00,Wednesday,Weekday,May,12,227.06,3.628,0.8239,0.8239,0.2472,0.2801,0.1071,0.1895
4497,2026-07-21,04:00,Tuesday,Weekday,July,4,230.81,2.012,0.4644,0.4644,0.0372,0.0557,0.2554,0.1161
4498,2026-12-14,01:00,Monday,Weekday,December,1,231.82,1.196,0.2773,0.2773,0.0222,0.0333,0.1525,0.0693
4499,2026-01-21,08:00,Wednesday,Weekday,January,8,230.42,5.537,1.2758,1.2758,0.5358,0.2552,0.1658,0.3189
4500,2026-08-30,10:00,Sunday,Weekend,August,10,233.19,4.945,1.153,1.153,0.3459,0.392,0.1499,0.2652
4501,2026-04-19,23:00,Sunday,Weekend,April,23,225.19,1.447,0.3259,0.3259,0.1108,0.1076,0.0424,0.0652
4502,2026-10-30,05:00,Friday,Weekday,October,5,231.52,0.893,0.2067,0.2067,0.0165,0.0248,0.1137,0.0517
4503,2026-03-25,06:00,Wednesday,Weekday,March,6,229.55,3.195,0.7334,0.7334,0.308,0.1467,0.0953,0.1833
4504,2026-03-24,06:00,Tuesday,Weekday,March,6,226.24,2.536,0.5737,0.5737,0.241,0.1147,0.0746,0.1434
4505,2026-10-18,18:00,Sunday,Weekend,October,18,225.27,10.292,2.3183,2.3183,0.7882,0.7651,0.3014,0.4637
4506,2026-03-10,05:00,Tuesday,Weekday,March,5,233.91,1.095,0.2561,0.2561,0.0205,0.0307,0.1408,0.064
4507,2026-05-09,10:00,Saturday,Weekend,May,10,231.58,3.407,0.789,0.789,0.2367,0.2682,0.1026,0.1815
4508,2026-07-15,10:00,Wednesday,Weekday,July,10,232.0,4.807,1.1153,1.1153,0.3346,0.3792,0.145,0.2565
4509,2026-05-20,06:00,Wednesday,Weekday,May,6,232.4,2.471,0.5744,0.5744,0.2412,0.1149,0.0747,0.1436
4510,2026-10-10,01:00,Saturday,Weekend,October,1,226.61,1.028,0.233,0.233,0.0186,0.028,0.1282,0.0583
4511,2026-11-08,18:00,Sunday,Weekend,November,18,228.98,9.902,2.2673,2.2673,0.7709,0.7482,0.2948,0.4535
4512,2026-08-22,03:00,Saturday,Weekend,August,3,232.75,1.308,0.3044,0.3044,0.0244,0.0365,0.1674,0.0761
4513,2026-01-23,05:00,Friday,Weekday,January,5,228.99,1.937,0.4435,0.4435,0.0355,0.0532,0.2439,0.1109
4514,2026-06-02,16:00,Tuesday,Weekday,June,16,233.41,4.407,1.0286,1.0286,0.3086,0.3497,0.1337,0.2366
4515,2026-10-04,04:00,Sunday,Weekend,October,4,228.47,0.993,0.2268,0.2268,0.0181,0.0272,0.1247,0.0567
4516,2026-03-02,06:00,Monday,Weekday,March,6,230.31,2.214,0.51,0.51,0.2142,0.102,0.0663,0.1275
4517,2026-11-15,08:00,Sunday,Weekend,November,8,230.99,3.095,0.715,0.715,0.3003,0.143,0.0929,0.1787
4518,2026-02-21,00:00,Saturday,Weekend,February,0,231.89,1.417,0.3287,0.3287,0.0263,0.0394,0.1808,0.0822
4519,2026-12-10,00:00,Thursday,Weekday,December,0,229.28,1.816,0.4163,0.4163,0.0333,0.05,0.229,0.1041
4520,2026-06-02,18:00,Tuesday,Weekday,June,18,232.47,8.427,1.959,1.959,0.6661,0.6465,0.2547,0.3918
4521,2026-08-25,05:00,Tuesday,Weekday,August,5,231.07,1.736,0.4012,0.4012,0.0321,0.0481,0.2206,0.1003
4522,2026-11-07,17:00,Saturday,Weekend,November,17,223.58,9.313,2.0821,2.0821,0.7079,0.6871,0.2707,0.4164
4523,2026-10-29,09:00,Thursday,Weekday,October,9,234.59,4.141,0.9713,0.9713,0.408,0.1943,0.1263,0.2428
4524,2026-02-01,10:00,Sunday,Weekend,February,10,227.61,5.29,1.2041,1.2041,0.3612,0.4094,0.1565,0.277
4525,2026-02-24,00:00,Tuesday,Weekday,February,0,234.8,1.818,0.4268,0.4268,0.0341,0.0512,0.2347,0.1067
4526,2026-12-18,00:00,Friday,Weekday,December,0,229.61,1.693,0.3887,0.3887,0.0311,0.0466,0.2138,0.0972
4527,2026-02-05,12:00,Thursday,Weekday,February,12,229.14,4.723,1.0822,1.0822,0.3247,0.368,0.1407,0.2489
4528,2026-04-20,04:00,Monday,Weekday,April,4,231.0,1.352,0.3122,0.3122,0.025,0.0375,0.1717,0.0781
4529,2026-06-26,19:00,Friday,Weekday,June,19,226.92,9.866,2.2387,2.2387,0.7612,0.7388,0.291,0.4477
4530,2026-12-28,00:00,Monday,Weekday,December,0,225.29,2.21,0.4979,0.4979,0.0398,0.0597,0.2738,0.1245
4531,2026-11-10,19:00,Tuesday,Weekday,November,19,229.57,9.6,2.2039,2.2039,0.7493,0.7273,0.2865,0.4408
4532,2026-10-22,02:00,Thursday,Weekday,October,2,230.94,1.105,0.2551,0.2551,0.0204,0.0306,0.1403,0.0638
4533,2026-12-02,17:00,Wednesday,Weekday,December,17,233.84,6.28,1.4686,1.4686,0.4993,0.4846,0.1909,0.2937
4534,2026-04-07,08:00,Tuesday,Weekday,April,8,227.02,4.995,1.134,1.134,0.4763,0.2268,0.1474,0.2835
4535,2026-08-01,13:00,Saturday,Weekend,August,13,231.45,6.085,1.4085,1.4085,0.4225,0.4789,0.1831,0.3239
4536,2026-11-13,16:00,Friday,Weekday,November,16,229.74,3.247,0.7459,0.7459,0.2238,0.2536,0.097,0.1716
4537,2026-05-17,22:00,Sunday,Weekend,May,22,230.08,3.233,0.7438,0.7438,0.2529,0.2455,0.0967,0.1488
4538,2026-01-06,13:00,Tuesday,Weekday,January,13,232.43,4.541,1.0554,1.0554,0.3166,0.3588,0.1372,0.2427
4539,2026-04-19,03:00,Sunday,Weekend,April,3,228.72,1.036,0.237,0.237,0.019,0.0284,0.1304,0.0593
4540,2026-02-04,04:00,Wednesday,Weekday,February,4,230.42,1.584,0.3651,0.3651,0.0292,0.0438,0.2008,0.0913
4541,2026-02-08,20:00,Sunday,Weekend,February,20,230.98,9.488,2.1916,2.1916,0.7451,0.7232,0.2849,0.4383
4542,2026-05-30,16:00,Saturday,Weekend,May,16,232.57,3.316,0.7713,0.7713,0.2314,0.2622,0.1003,0.1774
4543,2026-04-28,21:00,Tuesday,Weekday,April,21,226.95,6.187,1.4041,1.4041,0.4774,0.4634,0.1825,0.2808
4544,2026-09-18,01:00,Friday,Weekday,September,1,228.47,1.059,0.242,0.242,0.0194,0.029,0.1331,0.0605
4545,2026-03-28,22:00,Saturday,Weekend,March,22,229.64,3.726,0.8555,0.8555,0.2909,0.2823,0.1112,0.1711
4546,2026-03-17,21:00,Tuesday,Weekday,March,21,232.03,6.123,1.4207,1.4207,0.483,0.4688,0.1847,0.2841
4547,2026-11-09,04:00,Monday,Weekday,November,4,229.37,1.177,0.2701,0.2701,0.0216,0.0324,0.1485,0.0675
4548,2026-08-02,03:00,Sunday,Weekend,August,3,230.21,1.512,0.3481,0.3481,0.0279,0.0418,0.1915,0.087
4549,2026-10-12,03:00,Monday,Weekday,October,3,233.13,1.264,0.2947,0.2947,0.0236,0.0354,0.1621,0.0737
4550,2026-08-27,05:00,Thursday,Weekday,August,5,229.15,2.039,0.4672,0.4672,0.0374,0.0561,0.257,0.1168
4551,2026-06-14,19:00,Sunday,Weekend,June,19,232.18,11.368,2.6394,2.6394,0.8974,0.871,0.3431,0.5279
4552,2026-03-28,20:00,Saturday,Weekend,March,20,223.1,13.135,2.9303,2.9303,0.9963,0.967,0.3809,0.5861
4553,2026-05-21,12:00,Thursday,Weekday,May,12,229.02,4.306,0.9861,0.9861,0.2958,0.3353,0.1282,0.2268
4554,2026-06-09,21:00,Tuesday,Weekday,June,21,225.99,6.666,1.5064,1.5064,0.5122,0.4971,0.1958,0.3013
4555,2026-02-15,04:00,Sunday,Weekend,February,4,230.29,1.108,0.2552,0.2552,0.0204,0.0306,0.1404,0.0638
4556,2026-04-22,22:00,Wednesday,Weekday,April,22,231.88,4.015,0.9311,0.9311,0.3166,0.3073,0.121,0.1862
4557,2026-02-14,22:00,Saturday,Weekend,February,22,229.6,4.087,0.9384,0.9384,0.3191,0.3097,0.122,0.1877
4558,2026-09-04,06:00,Friday,Weekday,September,6,228.81,2.194,0.5021,0.5021,0.2109,0.1004,0.0653,0.1255
4559,2026-04-14,19:00,Tuesday,Weekday,April,19,224.67,8.578,1.9273,1.9273,0.6553,0.636,0.2505,0.3855
4560,2026-03-26,00:00,Thursday,Weekday,March,0,234.2,1.437,0.3365,0.3365,0.0269,0.0404,0.1851,0.0841
4561,2026-05-14,13:00,Thursday,Weekday,May,13,229.94,2.825,0.6496,0.6496,0.1949,0.2209,0.0845,0.1494
4562,2026-04-18,23:00,Saturday,Weekend,April,23,228.87,2.468,0.5649,0.5649,0.1921,0.1864,0.0734,0.113
4563,2026-01-18,03:00,Sunday,Weekend,January,3,233.91,1.358,0.3177,0.3177,0.0254,0.0381,0.1747,0.0794
4564,2026-04-04,16:00,Saturday,Weekend,April,16,229.12,4.37,1.0013,1.0013,0.3004,0.3404,0.1302,0.2303
4565,2026-05-30,20:00,Saturday,Weekend,May,20,224.99,9.935,2.2353,2.2353,0.76,0.7376,0.2906,0.4471
4566,2026-09-03,13:00,Thursday,Weekday,September,13,228.22,3.172,0.7239,0.7239,0.2172,0.2461,0.0941,0.1665
4567,2026-10-16,15:00,Friday,Weekday,October,15,227.86,2.588,0.5897,0.5897,0.1769,0.2005,0.0767,0.1356
4568,2026-07-28,13:00,Tuesday,Weekday,July,13,227.33,5.442,1.2373,1.2373,0.3712,0.4207,0.1608,0.2846
4569,2026-05-06,15:00,Wednesday,Weekday,May,15,228.27,2.731,0.6234,0.6234,0.187,0.2119,0.081,0.1434
4570,2026-08-23,23:00,Sunday,Weekend,August,23,236.04,2.2,0.5193,0.5193,0.1766,0.1714,0.0675,0.1039
4571,2026-05-02,19:00,Saturday,Weekend,May,19,224.85,10.932,2.4582,2.4582,0.8358,0.8112,0.3196,0.4916
4572,2026-05-18,07:00,Monday,Weekday,May,7,226.27,4.314,0.9761,0.9761,0.41,0.1952,0.1269,0.244
4573,2026-04-25,23:00,Saturday,Weekend,April,23,230.7,2.277,0.5253,0.5253,0.1786,0.1733,0.0683,0.1051
4574,2026-06-11,02:00,Thursday,Weekday,June,2,229.81,1.151,0.2646,0.2646,0.0212,0.0317,0.1455,0.0661
4575,2026-07-20,18:00,Monday,Weekday,July,18,229.3,25.266,5.7936,5.7936,1.9698,1.9119,0.7532,1.1587
4576,2026-08-22,00:00,Saturday,Weekend,August,0,228.61,1.353,0.3093,0.3093,0.0247,0.0371,0.1701,0.0773
4577,2026-01-28,01:00,Wednesday,Weekday,January,1,227.83,1.728,0.3936,0.3936,0.0315,0.0472,0.2165,0.0984
4578,2026-01-11,14:00,Sunday,Weekend,January,14,234.18,5.49,1.2856,1.2856,0.3857,0.4371,0.1671,0.2957
4579,2026-07-25,21:00,Saturday,Weekend,July,21,225.66,10.851,2.4486,2.4486,0.8325,0.808,0.3183,0.4897
4580,2026-06-16,09:00,Tuesday,Weekday,June,9,230.9,4.596,1.0612,1.0612,0.4457,0.2122,0.138,0.2653
4581,2026-09-04,17:00,Friday,Weekday,September,17,231.73,4.747,1.1,1.1,0.374,0.363,0.143,0.22
4582,2026-02-16,21:00,Monday,Weekday,February,21,231.15,7.113,1.6443,1.6443,0.5591,0.5426,0.2138,0.3289
4583,2026-09-03,13:00,Thursday,Weekday,September,13,229.24,3.283,0.7526,0.7526,0.2258,0.2559,0.0978,0.1731
4584,2026-05-07,16:00,Thursday,Weekday,May,16,226.88,2.522,0.5723,0.5723,0.1717,0.1946,0.0744,0.1316
4585,2026-05-27,12:00,Wednesday,Weekday,May,12,233.75,4.253,0.9942,0.9942,0.2983,0.338,0.1292,0.2287
4586,2026-04-28,00:00,Tuesday,Weekday,April,0,228.89,1.495,0.3422,0.3422,0.0274,0.0411,0.1882,0.0855
4587,2026-06-01,04:00,Monday,Weekday,June,4,233.82,1.319,0.3084,0.3084,0.0247,0.037,0.1696,0.0771
4588,2026-03-13,12:00,Friday,Weekday,March,12,230.92,3.942,0.9102,0.9102,0.2731,0.3095,0.1183,0.2094
4589,2026-12-29,13:00,Tuesday,Weekday,December,13,228.79,8.534,1.9524,1.9524,0.5857,0.6638,0.2538,0.4491
4590,2026-05-17,23:00,Sunday,Weekend,May,23,230.98,1.815,0.4191,0.4191,0.1425,0.1383,0.0545,0.0838
4591,2026-06-24,02:00,Wednesday,Weekday,June,2,232.88,1.207,0.281,0.281,0.0225,0.0337,0.1546,0.0703
4592,2026-10-16,14:00,Friday,Weekday,October,14,230.21,3.146,0.7243,0.7243,0.2173,0.2463,0.0942,0.1666
4593,2026-01-19,18:00,Monday,Weekday,January,18,225.81,8.481,1.915,1.915,0.6511,0.632,0.249,0.383
4594,2026-07-14,16:00,Tuesday,Weekday,July,16,225.53,4.016,0.9058,0.9058,0.2717,0.308,0.1178,0.2083
4595,2026-11-26,02:00,Thursday,Weekday,November,2,228.94,1.34,0.3068,0.3068,0.0245,0.0368,0.1687,0.0767
4596,2026-06-24,15:00,Wednesday,Weekday,June,15,232.02,3.099,0.7189,0.7189,0.2157,0.2444,0.0935,0.1654
4597,2026-12-20,13:00,Sunday,Weekend,December,13,227.47,4.816,1.0955,1.0955,0.3286,0.3725,0.1424,0.252
4598,2026-05-21,11:00,Thursday,Weekday,May,11,231.7,3.388,0.7849,0.7849,0.2355,0.2669,0.102,0.1805
4599,2026-09-03,11:00,Thursday,Weekday,September,11,230.07,4.16,0.9571,0.9571,0.2871,0.3254,0.1244,0.2201
4600,2026-04-03,10:00,Friday,Weekday,April,10,231.86,3.433,0.796,0.796,0.2388,0.2706,0.1035,0.1831
4601,2026-08-27,16:00,Thursday,Weekday,August,16,224.15,4.236,0.9495,0.9495,0.2848,0.3228,0.1234,0.2184
4602,2026-07-24,07:00,Friday,Weekday,July,7,226.45,5.528,1.2519,1.2519,0.5258,0.2504,0.1627,0.313
4603,2026-02-17,16:00,Tuesday,Weekday,February,16,228.84,3.99,0.913,0.913,0.2739,0.3104,0.1187,0.21
4604,2026-09-02,20:00,Wednesday,Weekday,September,20,232.4,9.516,2.2115,2.2115,0.7519,0.7298,0.2875,0.4423
4605,2026-11-16,22:00,Monday,Weekday,November,22,228.11,3.896,0.8888,0.8888,0.3022,0.2933,0.1155,0.1778
4606,2026-11-13,19:00,Friday,Weekday,November,19,227.25,11.216,2.5487,2.5487,0.8666,0.8411,0.3313,0.5097
4607,2026-10-22,10:00,Thursday,Weekday,October,10,235.38,2.298,0.5409,0.5409,0.1623,0.1839,0.0703,0.1244
4608,2026-05-08,01:00,Friday,Weekday,May,1,231.07,1.12,0.2588,0.2588,0.0207,0.0311,0.1423,0.0647
4609,2026-12-10,09:00,Thursday,Weekday,December,9,232.15,5.571,1.2932,1.2932,0.5432,0.2586,0.1681,0.3233
4610,2026-10-09,09:00,Friday,Weekday,October,9,228.39,3.121,0.7129,0.7129,0.2994,0.1426,0.0927,0.1782
4611,2026-01-17,10:00,Saturday,Weekend,January,10,232.95,4.411,1.0275,1.0275,0.3083,0.3494,0.1336,0.2363
4612,2026-03-12,05:00,Thursday,Weekday,March,5,233.33,1.263,0.2948,0.2948,0.0236,0.0354,0.1621,0.0737
4613,2026-09-26,03:00,Saturday,Weekend,September,3,231.25,0.823,0.1903,0.1903,0.0152,0.0228,0.1047,0.0476
4614,2026-11-21,23:00,Saturday,Weekend,November,23,229.79,2.093,0.481,0.481,0.1636,0.1587,0.0625,0.0962
4615,2026-10-09,11:00,Friday,Weekday,October,11,231.4,3.612,0.8357,0.8357,0.2507,0.2841,0.1086,0.1922
4616,2026-11-01,10:00,Sunday,Weekend,November,10,225.94,4.655,1.0518,1.0518,0.3155,0.3576,0.1367,0.2419
4617,2026-01-07,22:00,Wednesday,Weekday,January,22,232.72,5.109,1.1889,1.1889,0.4042,0.3923,0.1546,0.2378
4618,2026-11-10,22:00,Tuesday,Weekday,November,22,227.88,4.834,1.1015,1.1015,0.3745,0.3635,0.1432,0.2203
4619,2026-11-01,12:00,Sunday,Weekend,November,12,229.3,5.368,1.2309,1.2309,0.3693,0.4185,0.16,0.2831
4620,2026-04-13,04:00,Monday,Weekday,April,4,233.29,1.408,0.3285,0.3285,0.0263,0.0394,0.1807,0.0821
4621,2026-11-05,05:00,Thursday,Weekday,November,5,232.74,1.357,0.3158,0.3158,0.0253,0.0379,0.1737,0.079
4622,2026-07-12,00:00,Sunday,Weekend,July,0,225.95,1.642,0.3709,0.3709,0.0297,0.0445,0.204,0.0927
4623,2026-08-29,05:00,Saturday,Weekend,August,5,227.63,1.756,0.3997,0.3997,0.032,0.048,0.2199,0.0999
4624,2026-03-03,17:00,Tuesday,Weekday,March,17,231.6,5.531,1.2811,1.2811,0.4356,0.4228,0.1665,0.2562
4625,2026-01-17,21:00,Saturday,Weekend,January,21,223.66,10.51,2.3506,2.3506,0.7992,0.7757,0.3056,0.4701
4626,2026-06-20,08:00,Saturday,Weekend,June,8,233.55,3.395,0.793,0.793,0.333,0.1586,0.1031,0.1982
4627,2026-01-25,23:00,Sunday,Weekend,January,23,230.29,2.656,0.6118,0.6118,0.208,0.2019,0.0795,0.1224
4628,2026-09-08,14:00,Tuesday,Weekday,September,14,233.53,2.866,0.6692,0.6692,0.2008,0.2275,0.087,0.1539
4629,2026-09-10,07:00,Thursday,Weekday,September,7,228.14,4.722,1.0773,1.0773,0.4525,0.2155,0.14,0.2693
4630,2026-07-26,18:00,Sunday,Weekend,July,18,227.69,11.357,2.5858,2.5858,0.8792,0.8533,0.3362,0.5172
4631,2026-01-29,23:00,Thursday,Weekday,January,23,232.59,2.926,0.6806,0.6806,0.2314,0.2246,0.0885,0.1361
4632,2026-04-27,15:00,Monday,Weekday,April,15,229.26,3.437,0.7879,0.7879,0.2364,0.2679,0.1024,0.1812
4633,2026-10-09,05:00,Friday,Weekday,October,5,226.9,1.209,0.2742,0.2742,0.0219,0.0329,0.1508,0.0686
4634,2026-05-24,05:00,Sunday,Weekend,May,5,231.4,1.394,0.3226,0.3226,0.0258,0.0387,0.1774,0.0807
4635,2026-01-25,21:00,Sunday,Weekend,January,21,225.06,7.875,1.7724,1.7724,0.6026,0.5849,0.2304,0.3545
4636,2026-11-06,02:00,Friday,Weekday,November,2,233.61,1.178,0.2752,0.2752,0.022,0.033,0.1514,0.0688
4637,2026-06-05,09:00,Friday,Weekday,June,9,230.46,7.245,1.6698,1.6698,0.7013,0.334,0.2171,0.4174
4638,2026-03-14,00:00,Saturday,Weekend,March,0,227.78,1.378,0.3139,0.3139,0.0251,0.0377,0.1726,0.0785
4639,2026-04-30,13:00,Thursday,Weekday,April,13,232.86,3.821,0.8897,0.8897,0.2669,0.3025,0.1157,0.2046
4640,2026-11-08,03:00,Sunday,Weekend,November,3,232.91,1.162,0.2706,0.2706,0.0216,0.0325,0.1488,0.0677
4641,2026-11-17,11:00,Tuesday,Weekday,November,11,230.01,9.646,2.2186,2.2186,0.6656,0.7543,0.2884,0.5103
4642,2026-04-03,05:00,Friday,Weekday,April,5,235.69,1.423,0.3354,0.3354,0.0268,0.0403,0.1845,0.0839
4643,2026-03-27,10:00,Friday,Weekday,March,10,235.63,3.207,0.7557,0.7557,0.2267,0.2569,0.0982,0.1738
4644,2026-12-02,11:00,Wednesday,Weekday,December,11,230.81,8.502,1.9623,1.9623,0.5887,0.6672,0.2551,0.4513
4645,2026-12-30,09:00,Wednesday,Weekday,December,9,232.66,5.605,1.304,1.304,0.5477,0.2608,0.1695,0.326
4646,2026-04-28,17:00,Tuesday,Weekday,April,17,233.27,4.895,1.1418,1.1418,0.3882,0.3768,0.1484,0.2284
4647,2026-08-21,06:00,Friday,Weekday,August,6,227.16,2.615,0.5939,0.5939,0.2494,0.1188,0.0772,0.1485
4648,2026-07-18,06:00,Saturday,Weekend,July,6,230.72,2.528,0.5833,0.5833,0.245,0.1167,0.0758,0.1458
4649,2026-07-25,10:00,Saturday,Weekend,July,10,228.3,5.315,1.2133,1.2133,0.364,0.4125,0.1577,0.2791
4650,2026-12-05,03:00,Saturday,Weekend,December,3,227.94,0.987,0.2251,0.2251,0.018,0.027,0.1238,0.0563
4651,2026-05-27,19:00,Wednesday,Weekday,May,19,228.44,6.715,1.534,1.534,0.5216,0.5062,0.1994,0.3068
4652,2026-09-28,00:00,Monday,Weekday,September,0,230.49,1.49,0.3434,0.3434,0.0275,0.0412,0.1889,0.0859
4653,2026-05-19,12:00,Tuesday,Weekday,May,12,225.97,4.226,0.9549,0.9549,0.2865,0.3247,0.1241,0.2196
4654,2026-06-30,17:00,Tuesday,Weekday,June,17,230.86,6.09,1.4059,1.4059,0.478,0.4639,0.1828,0.2812
4655,2026-01-30,08:00,Friday,Weekday,January,8,228.92,18.129,4.15,4.15,1.743,0.83,0.5395,1.0375
4656,2026-02-26,23:00,Thursday,Weekday,February,23,233.49,2.43,0.5675,0.5675,0.1929,0.1873,0.0738,0.1135
4657,2026-08-20,23:00,Thursday,Weekday,August,23,232.91,3.208,0.7472,0.7472,0.254,0.2466,0.0971,0.1494
4658,2026-05-26,08:00,Tuesday,Weekday,May,8,227.86,4.038,0.92,0.92,0.3864,0.184,0.1196,0.23
4659,2026-02-17,22:00,Tuesday,Weekday,February,22,233.28,4.588,1.0704,1.0704,0.3639,0.3532,0.1391,0.2141
4660,2026-07-13,08:00,Monday,Weekday,July,8,229.32,7.41,1.6992,1.6992,0.7137,0.3398,0.2209,0.4248
4661,2026-08-12,09:00,Wednesday,Weekday,August,9,229.45,4.084,0.937,0.937,0.3936,0.1874,0.1218,0.2343
4662,2026-05-16,01:00,Saturday,Weekend,May,1,228.72,0.958,0.2191,0.2191,0.0175,0.0263,0.1205,0.0548
4663,2026-01-22,05:00,Thursday,Weekday,January,5,227.13,1.949,0.4426,0.4426,0.0354,0.0531,0.2435,0.1107
4664,2026-01-06,14:00,Tuesday,Weekday,January,14,226.96,3.884,0.8814,0.8814,0.2644,0.2997,0.1146,0.2027
4665,2026-07-23,02:00,Thursday,Weekday,July,2,225.43,1.599,0.3606,0.3606,0.0288,0.0433,0.1983,0.0901
4666,2026-08-27,10:00,Thursday,Weekday,August,10,230.05,3.907,0.8988,0.8988,0.2696,0.3056,0.1168,0.2067
4667,2026-07-04,05:00,Saturday,Weekend,July,5,224.85,2.607,0.5861,0.5861,0.0469,0.0703,0.3224,0.1465
4668,2026-12-26,02:00,Saturday,Weekend,December,2,227.83,1.178,0.2684,0.2684,0.0215,0.0322,0.1476,0.0671
4669,2026-10-19,23:00,Monday,Weekday,October,23,231.64,2.525,0.5849,0.5849,0.1989,0.193,0.076,0.117
4670,2026-12-01,10:00,Tuesday,Weekday,December,10,233.73,2.859,0.6682,0.6682,0.2005,0.2272,0.0869,0.1537
4671,2026-08-08,14:00,Saturday,Weekend,August,14,227.13,4.708,1.0694,1.0694,0.3208,0.3636,0.139,0.246
4672,2026-04-26,12:00,Sunday,Weekend,April,12,231.52,4.732,1.0956,1.0956,0.3287,0.3725,0.1424,0.252
4673,2026-11-09,19:00,Monday,Weekday,November,19,228.6,7.922,1.8111,1.8111,0.6158,0.5977,0.2354,0.3622
4674,2026-02-18,09:00,Wednesday,Weekday,February,9,228.71,5.088,1.1638,1.1638,0.4888,0.2328,0.1513,0.2909
4675,2026-06-22,05:00,Monday,Weekday,June,5,230.39,1.482,0.3414,0.3414,0.0273,0.041,0.1877,0.0853
4676,2026-03-23,14:00,Monday,Weekday,March,14,228.36,5.853,1.3366,1.3366,0.401,0.4544,0.1738,0.3074
4677,2026-11-18,17:00,Wednesday,Weekday,November,17,229.79,4.649,1.0683,1.0683,0.3632,0.3525,0.1389,0.2137
4678,2026-11-29,17:00,Sunday,Weekend,November,17,227.33,7.347,1.6701,1.6701,0.5678,0.5511,0.2171,0.334
4679,2026-02-14,06:00,Saturday,Weekend,February,6,232.9,1.913,0.4456,0.4456,0.1872,0.0891,0.0579,0.1114
4680,2026-12-01,14:00,Tuesday,Weekday,December,14,233.44,4.032,0.9413,0.9413,0.2824,0.32,0.1224,0.2165
4681,2026-01-20,17:00,Tuesday,Weekday,January,17,226.0,8.487,1.9182,1.9182,0.6522,0.633,0.2494,0.3836
4682,2026-08-09,17:00,Sunday,Weekend,August,17,227.28,7.435,1.6898,1.6898,0.5745,0.5576,0.2197,0.338
4683,2026-05-03,19:00,Sunday,Weekend,May,19,229.27,10.232,2.346,2.346,0.7976,0.7742,0.305,0.4692
4684,2026-08-22,08:00,Saturday,Weekend,August,8,229.55,4.641,1.0654,1.0654,0.4475,0.2131,0.1385,0.2663
4685,2026-08-09,23:00,Sunday,Weekend,August,23,231.79,2.296,0.5322,0.5322,0.181,0.1756,0.0692,0.1064
4686,2026-11-19,01:00,Thursday,Weekday,November,1,232.26,1.334,0.3097,0.3097,0.0248,0.0372,0.1703,0.0774
4687,2026-12-05,07:00,Saturday,Weekend,December,7,232.55,2.633,0.6123,0.6123,0.2572,0.1225,0.0796,0.1531
4688,2026-01-03,19:00,Saturday,Weekend,January,19,229.29,14.857,3.4066,3.4066,1.1582,1.1242,0.4429,0.6813
4689,2026-07-01,01:00,Wednesday,Weekday,July,1,227.09,1.663,0.3777,0.3777,0.0302,0.0453,0.2077,0.0944
4690,2026-07-25,10:00,Saturday,Weekend,July,10,229.58,5.132,1.1782,1.1782,0.3535,0.4006,0.1532,0.271
4691,2026-11-16,06:00,Monday,Weekday,November,6,228.73,2.749,0.6288,0.6288,0.2641,0.1258,0.0817,0.1572
4692,2026-02-09,05:00,Monday,Weekday,February,5,231.94,1.505,0.3492,0.3492,0.0279,0.0419,0.1921,0.0873
4693,2026-02-28,09:00,Saturday,Weekend,February,9,233.81,5.33,1.2463,1.2463,0.5234,0.2493,0.162,0.3116
4694,2026-03-03,04:00,Tuesday,Weekday,March,4,233.88,1.137,0.2658,0.2658,0.0213,0.0319,0.1462,0.0665
4695,2026-05-12,10:00,Tuesday,Weekday,May,10,232.21,2.758,0.6405,0.6405,0.1922,0.2178,0.0833,0.1473
4696,2026-03-01,00:00,Sunday,Weekend,March,0,227.66,2.365,0.5385,0.5385,0.0431,0.0646,0.2962,0.1346
4697,2026-11-27,01:00,Friday,Weekday,November,1,233.51,1.338,0.3123,0.3123,0.025,0.0375,0.1718,0.0781
4698,2026-05-02,23:00,Saturday,Weekend,May,23,231.07,1.794,0.4146,0.4146,0.141,0.1368,0.0539,0.0829
4699,2026-04-17,00:00,Friday,Weekday,April,0,227.94,1.16,0.2644,0.2644,0.0212,0.0317,0.1454,0.0661
4700,2026-04-06,18:00,Monday,Weekday,April,18,229.28,7.063,1.6194,1.6194,0.5506,0.5344,0.2105,0.3239
4701,2026-12-13,01:00,Sunday,Weekend,December,1,229.45,1.469,0.337,0.337,0.027,0.0404,0.1853,0.0842
4702,2026-08-23,20:00,Sunday,Weekend,August,20,224.19,12.473,2.7963,2.7963,0.9507,0.9228,0.3635,0.5593
4703,2026-03-03,19:00,Tuesday,Weekday,March,19,224.63,7.926,1.7804,1.7804,0.6053,0.5875,0.2314,0.3561
4704,2026-09-13,22:00,Sunday,Weekend,September,22,229.84,3.704,0.8512,0.8512,0.2894,0.2809,0.1107,0.1702
4705,2026-02-18,20:00,Wednesday,Weekday,February,20,227.81,10.462,2.3833,2.3833,0.8103,0.7865,0.3098,0.4767
4706,2026-12-14,23:00,Monday,Weekday,December,23,227.34,2.76,0.6274,0.6274,0.2133,0.207,0.0816,0.1255
4707,2026-06-08,03:00,Monday,Weekday,June,3,231.88,1.006,0.2332,0.2332,0.0187,0.028,0.1282,0.0583
4708,2026-05-04,11:00,Monday,Weekday,May,11,231.3,3.763,0.8703,0.8703,0.2611,0.2959,0.1131,0.2002
4709,2026-11-13,21:00,Friday,Weekday,November,21,225.25,6.89,1.552,1.552,0.5277,0.5122,0.2018,0.3104
4710,2026-07-26,19:00,Sunday,Weekend,July,19,236.11,12.638,2.9838,2.9838,1.0145,0.9847,0.3879,0.5968
4711,2026-02-17,17:00,Tuesday,Weekday,February,17,225.39,7.654,1.7252,1.7252,0.5866,0.5693,0.2243,0.345
4712,2026-05-16,00:00,Saturday,Weekend,May,0,228.86,1.22,0.2791,0.2791,0.0223,0.0335,0.1535,0.0698
4713,2026-07-20,00:00,Monday,Weekday,July,0,230.94,3.456,0.7982,0.7982,0.0639,0.0958,0.439,0.1995
4714,2026-09-07,23:00,Monday,Weekday,September,23,228.86,2.615,0.5986,0.5986,0.2035,0.1975,0.0778,0.1197
4715,2026-11-10,13:00,Tuesday,Weekday,November,13,233.64,4.138,0.9668,0.9668,0.29,0.3287,0.1257,0.2224
4716,2026-12-23,03:00,Wednesday,Weekday,December,3,229.56,1.344,0.3084,0.3084,0.0247,0.037,0.1696,0.0771
4717,2026-11-14,04:00,Saturday,Weekend,November,4,227.7,0.974,0.2218,0.2218,0.0177,0.0266,0.122,0.0554
4718,2026-10-22,10:00,Thursday,Weekday,October,10,231.54,3.194,0.7396,0.7396,0.2219,0.2515,0.0961,0.1701
4719,2026-11-10,23:00,Tuesday,Weekday,November,23,222.75,2.779,0.619,0.619,0.2105,0.2043,0.0805,0.1238
4720,2026-07-28,22:00,Tuesday,Weekday,July,22,231.33,4.363,1.0094,1.0094,0.3432,0.3331,0.1312,0.2019
4721,2026-12-21,12:00,Monday,Weekday,December,12,233.22,4.275,0.997,0.997,0.2991,0.339,0.1296,0.2293
4722,2026-07-30,15:00,Thursday,Weekday,July,15,224.23,5.419,1.215,1.215,0.3645,0.4131,0.158,0.2795
4723,2026-07-11,23:00,Saturday,Weekend,July,23,228.99,2.663,0.6097,0.6097,0.2073,0.2012,0.0793,0.1219
4724,2026-02-13,12:00,Friday,Weekday,February,12,225.88,4.768,1.077,1.077,0.3231,0.3662,0.14,0.2477
4725,2026-01-29,23:00,Thursday,Weekday,January,23,230.03,3.156,0.726,0.726,0.2468,0.2396,0.0944,0.1452
4726,2026-02-28,21:00,Saturday,Weekend,February,21,233.94,8.948,2.0934,2.0934,0.7118,0.6908,0.2721,0.4187
4727,2026-03-12,01:00,Thursday,Weekday,March,1,230.57,1.228,0.2832,0.2832,0.0227,0.034,0.1558,0.0708
4728,2026-04-02,15:00,Thursday,Weekday,April,15,229.45,2.103,0.4825,0.4825,0.1448,0.1641,0.0627,0.111
4729,2026-09-22,05:00,Tuesday,Weekday,September,5,222.94,1.417,0.3158,0.3158,0.0253,0.0379,0.1737,0.079
4730,2026-08-08,13:00,Saturday,Weekend,August,13,227.23,6.394,1.453,1.453,0.4359,0.494,0.1889,0.3342
4731,2026-08-03,00:00,Monday,Weekday,August,0,229.67,1.803,0.4141,0.4141,0.0331,0.0497,0.2278,0.1035
4732,2026-10-04,16:00,Sunday,Weekend,October,16,230.23,3.107,0.7154,0.7154,0.2146,0.2432,0.093,0.1645
4733,2026-03-05,10:00,Thursday,Weekday,March,10,230.86,3.481,0.8037,0.8037,0.2411,0.2732,0.1045,0.1848
4734,2026-12-12,18:00,Saturday,Weekend,December,18,231.18,11.169,2.5819,2.5819,0.8779,0.852,0.3357,0.5164
4735,2026-10-19,02:00,Monday,Weekday,October,2,227.74,1.067,0.2429,0.2429,0.0194,0.0292,0.1336,0.0607
4736,2026-09-02,10:00,Wednesday,Weekday,September,10,230.1,3.639,0.8372,0.8372,0.2512,0.2847,0.1088,0.1926
4737,2026-03-03,04:00,Tuesday,Weekday,March,4,228.76,1.509,0.3451,0.3451,0.0276,0.0414,0.1898,0.0863
4738,2026-11-28,16:00,Saturday,Weekend,November,16,227.65,3.804,0.866,0.866,0.2598,0.2944,0.1126,0.1992
4739,2026-06-19,21:00,Friday,Weekday,June,21,227.15,7.716,1.7527,1.7527,0.5959,0.5784,0.2279,0.3505
4740,2026-09-26,06:00,Saturday,Weekend,September,6,231.35,2.26,0.5228,0.5228,0.2196,0.1046,0.068,0.1307
4741,2026-09-24,09:00,Thursday,Weekday,September,9,223.59,4.214,0.9423,0.9423,0.3958,0.1885,0.1225,0.2356
4742,2026-02-23,10:00,Monday,Weekday,February,10,225.36,3.577,0.8062,0.8062,0.2418,0.2741,0.1048,0.1854
4743,2026-01-16,02:00,Friday,Weekday,January,2,237.92,1.538,0.3658,0.3658,0.0293,0.0439,0.2012,0.0915
4744,2026-01-08,19:00,Thursday,Weekday,January,19,226.35,13.678,3.096,3.096,1.0527,1.0217,0.4025,0.6192
4745,2026-04-14,09:00,Tuesday,Weekday,April,9,233.67,3.269,0.7639,0.7639,0.3209,0.1528,0.0993,0.191
4746,2026-02-28,09:00,Saturday,Weekend,February,9,229.84,5.343,1.228,1.228,0.5158,0.2456,0.1596,0.307
4747,2026-11-09,13:00,Monday,Weekday,November,13,228.6,3.569,0.816,0.816,0.2448,0.2774,0.1061,0.1877
4748,2026-02-09,11:00,Monday,Weekday,February,11,231.64,4.189,0.9703,0.9703,0.2911,0.3299,0.1261,0.2232
4749,2026-08-25,14:00,Tuesday,Weekday,August,14,230.2,4.154,0.9562,0.9562,0.2869,0.3251,0.1243,0.2199
4750,2026-04-04,09:00,Saturday,Weekend,April,9,229.55,4.504,1.0339,1.0339,0.4342,0.2068,0.1344,0.2585
4751,2026-08-10,09:00,Monday,Weekday,August,9,229.89,5.654,1.2999,1.2999,0.546,0.26,0.169,0.325
4752,2026-07-23,18:00,Thursday,Weekday,July,18,228.6,10.955,2.5043,2.5043,0.8515,0.8264,0.3256,0.5009
4753,2026-05-18,00:00,Monday,Weekday,May,0,228.28,1.249,0.2852,0.2852,0.0228,0.0342,0.1569,0.0713
4754,2026-10-27,23:00,Tuesday,Weekday,October,23,228.8,2.253,0.5155,0.5155,0.1753,0.1701,0.067,0.1031
4755,2026-07-26,09:00,Sunday,Weekend,July,9,227.56,5.415,1.2322,1.2322,0.5175,0.2464,0.1602,0.3081
4756,2026-12-02,01:00,Wednesday,Weekday,December,1,226.98,1.68,0.3812,0.3812,0.0305,0.0457,0.2097,0.0953
4757,2026-03-22,16:00,Sunday,Weekend,March,16,234.63,3.649,0.8561,0.8561,0.2568,0.2911,0.1113,0.1969
4758,2026-08-06,23:00,Thursday,Weekday,August,23,227.73,2.754,0.6271,0.6271,0.2132,0.207,0.0815,0.1254
4759,2026-01-02,06:00,Friday,Weekday,January,6,232.5,4.187,0.9735,0.9735,0.4089,0.1947,0.1266,0.2434
4760,2026-06-27,06:00,Saturday,Weekend,June,6,229.11,2.711,0.6212,0.6212,0.2609,0.1242,0.0808,0.1553
4761,2026-12-12,19:00,Saturday,Weekend,December,19,230.67,15.448,3.5635,3.5635,1.2116,1.1759,0.4633,0.7127
4762,2026-10-06,08:00,Tuesday,Weekday,October,8,230.0,10.897,2.5063,2.5063,1.0527,0.5013,0.3258,0.6266
4763,2026-05-26,21:00,Tuesday,Weekday,May,21,225.52,6.256,1.4108,1.4108,0.4797,0.4656,0.1834,0.2822
4764,2026-11-14,01:00,Saturday,Weekend,November,1,230.07,1.433,0.3297,0.3297,0.0264,0.0396,0.1814,0.0824
4765,2026-08-12,13:00,Wednesday,Weekday,August,13,231.51,2.997,0.6939,0.6939,0.2082,0.2359,0.0902,0.1596
4766,2026-03-03,16:00,Tuesday,Weekday,March,16,227.61,3.657,0.8324,0.8324,0.2497,0.283,0.1082,0.1915
4767,2026-10-21,00:00,Wednesday,Weekday,October,0,235.8,1.278,0.3014,0.3014,0.0241,0.0362,0.1657,0.0753
4768,2026-08-27,08:00,Thursday,Weekday,August,8,231.91,7.427,1.7224,1.7224,0.7234,0.3445,0.2239,0.4306
4769,2026-07-14,19:00,Tuesday,Weekday,July,19,231.01,11.944,2.7591,2.7591,0.9381,0.9105,0.3587,0.5518
4770,2026-06-15,20:00,Monday,Weekday,June,20,230.92,10.21,2.3577,2.3577,0.8016,0.778,0.3065,0.4715
4771,2026-08-10,18:00,Monday,Weekday,August,18,222.46,9.386,2.088,2.088,0.7099,0.6891,0.2714,0.4176
4772,2026-03-02,03:00,Monday,Weekday,March,3,231.76,0.962,0.2229,0.2229,0.0178,0.0268,0.1226,0.0557
4773,2026-05-09,07:00,Saturday,Weekend,May,7,235.69,2.061,0.4858,0.4858,0.204,0.0972,0.0631,0.1214
4774,2026-06-22,12:00,Monday,Weekday,June,12,231.9,5.347,1.2399,1.2399,0.372,0.4216,0.1612,0.2852
4775,2026-06-05,03:00,Friday,Weekday,June,3,229.34,1.157,0.2653,0.2653,0.0212,0.0318,0.1459,0.0663
4776,2026-04-20,08:00,Monday,Weekday,April,8,227.21,4.423,1.005,1.005,0.4221,0.201,0.1307,0.2513
4777,2026-09-26,08:00,Saturday,Weekend,September,8,226.97,4.627,1.0502,1.0502,0.4411,0.21,0.1365,0.2626
4778,2026-12-22,21:00,Tuesday,Weekday,December,21,223.8,8.883,1.9881,1.9881,0.676,0.6561,0.2585,0.3976
4779,2026-10-05,17:00,Monday,Weekday,October,17,229.0,5.425,1.2423,1.2423,0.4224,0.41,0.1615,0.2485
4780,2026-03-15,11:00,Sunday,Weekend,March,11,227.33,5.516,1.254,1.254,0.3762,0.4263,0.163,0.2884
4781,2026-07-26,09:00,Sunday,Weekend,July,9,229.62,5.134,1.1788,1.1788,0.4951,0.2358,0.1532,0.2947
4782,2026-10-06,10:00,Tuesday,Weekday,October,10,230.51,3.525,0.8124,0.8124,0.2437,0.2762,0.1056,0.1869
4783,2026-11-22,06:00,Sunday,Weekend,November,6,225.7,2.326,0.525,0.525,0.2205,0.105,0.0682,0.1312
4784,2026-12-06,08:00,Sunday,Weekend,December,8,228.09,3.8,0.8668,0.8668,0.364,0.1734,0.1127,0.2167
4785,2026-12-23,05:00,Wednesday,Weekday,December,5,228.55,1.888,0.4315,0.4315,0.0345,0.0518,0.2373,0.1079
4786,2026-12-06,18:00,Sunday,Weekend,December,18,227.8,13.62,3.1027,3.1027,1.0549,1.0239,0.4033,0.6205
4787,2026-07-23,15:00,Thursday,Weekday,July,15,230.04,3.452,0.794,0.794,0.2382,0.27,0.1032,0.1826
4788,2026-06-10,14:00,Wednesday,Weekday,June,14,230.31,3.267,0.7525,0.7525,0.2257,0.2558,0.0978,0.1731
4789,2026-01-28,06:00,Wednesday,Weekday,January,6,228.94,2.484,0.5687,0.5687,0.2389,0.1137,0.0739,0.1422
4790,2026-09-14,15:00,Monday,Weekday,September,15,228.32,3.443,0.786,0.786,0.2358,0.2672,0.1022,0.1808
4791,2026-06-14,04:00,Sunday,Weekend,June,4,229.95,1.454,0.3343,0.3343,0.0267,0.0401,0.1839,0.0836
4792,2026-03-04,15:00,Wednesday,Weekday,March,15,233.61,2.284,0.5335,0.5335,0.16,0.1814,0.0694,0.1227
4793,2026-01-22,00:00,Thursday,Weekday,January,0,226.36,1.966,0.445,0.445,0.0356,0.0534,0.2447,0.1112
4794,2026-03-11,18:00,Wednesday,Weekday,March,18,232.4,7.219,1.6778,1.6778,0.5704,0.5537,0.2181,0.3356
4795,2026-04-06,04:00,Monday,Weekday,April,4,225.92,1.256,0.2837,0.2837,0.0227,0.034,0.156,0.0709
4796,2026-06-12,06:00,Friday,Weekday,June,6,230.9,2.761,0.6375,0.6375,0.2677,0.1275,0.0829,0.1594
4797,2026-03-20,18:00,Friday,Weekday,March,18,231.79,7.33,1.6991,1.6991,0.5777,0.5607,0.2209,0.3398
4798,2026-01-05,21:00,Monday,Weekday,January,21,226.15,10.018,2.2655,2.2655,0.7703,0.7476,0.2945,0.4531
4799,2026-11-12,04:00,Thursday,Weekday,November,4,230.88,1.275,0.2943,0.2943,0.0235,0.0353,0.1619,0.0736
4800,2026-04-30,16:00,Thursday,Weekday,April,16,227.38,2.538,0.5772,0.5772,0.1732,0.1962,0.075,0.1328
4801,2026-10-29,21:00,Thursday,Weekday,October,21,232.8,6.526,1.5193,1.5193,0.5166,0.5014,0.1975,0.3039
4802,2026-06-27,07:00,Saturday,Weekend,June,7,226.0,3.053,0.6899,0.6899,0.2897,0.138,0.0897,0.1725
4803,2026-06-25,00:00,Thursday,Weekday,June,0,227.77,1.773,0.4039,0.4039,0.0323,0.0485,0.2222,0.101
4804,2026-08-05,01:00,Wednesday,Weekday,August,1,230.33,1.394,0.321,0.321,0.0257,0.0385,0.1766,0.0803
4805,2026-02-25,14:00,Wednesday,Weekday,February,14,231.78,3.79,0.8785,0.8785,0.2636,0.2987,0.1142,0.2021
4806,2026-07-06,19:00,Monday,Weekday,July,19,229.36,12.902,2.9592,2.9592,1.0061,0.9765,0.3847,0.5918
4807,2026-08-20,17:00,Thursday,Weekday,August,17,228.53,7.157,1.6355,1.6355,0.5561,0.5397,0.2126,0.3271
4808,2026-09-12,10:00,Saturday,Weekend,September,10,228.63,2.939,0.6719,0.6719,0.2016,0.2285,0.0874,0.1545
4809,2026-04-14,09:00,Tuesday,Weekday,April,9,227.27,3.797,0.8629,0.8629,0.3624,0.1726,0.1122,0.2157
4810,2026-03-18,23:00,Wednesday,Weekday,March,23,233.66,2.124,0.4963,0.4963,0.1687,0.1638,0.0645,0.0993
4811,2026-08-18,23:00,Tuesday,Weekday,August,23,231.25,2.687,0.6212,0.6212,0.2112,0.205,0.0808,0.1242
4812,2026-09-15,03:00,Tuesday,Weekday,September,3,228.78,1.212,0.2773,0.2773,0.0222,0.0333,0.1525,0.0693
4813,2026-09-21,04:00,Monday,Weekday,September,4,225.87,1.143,0.2582,0.2582,0.0207,0.031,0.142,0.0645
4814,2026-11-27,03:00,Friday,Weekday,November,3,233.06,1.059,0.2468,0.2468,0.0197,0.0296,0.1357,0.0617
4815,2026-07-01,12:00,Wednesday,Weekday,July,12,233.16,4.882,1.1383,1.1383,0.3415,0.387,0.148,0.2618
4816,2026-09-13,12:00,Sunday,Weekend,September,12,229.46,5.866,1.3461,1.3461,0.4038,0.4577,0.175,0.3096
4817,2026-02-07,17:00,Saturday,Weekend,February,17,226.09,8.523,1.927,1.927,0.6552,0.6359,0.2505,0.3854
4818,2026-06-25,23:00,Thursday,Weekday,June,23,229.35,2.729,0.6258,0.6258,0.2128,0.2065,0.0814,0.1252
4819,2026-01-27,01:00,Tuesday,Weekday,January,1,229.47,1.57,0.3602,0.3602,0.0288,0.0432,0.1981,0.0901
4820,2026-10-03,15:00,Saturday,Weekend,October,15,231.92,3.157,0.7322,0.7322,0.2197,0.249,0.0952,0.1684
4821,2026-05-20,00:00,Wednesday,Weekday,May,0,227.16,1.342,0.3048,0.3048,0.0244,0.0366,0.1677,0.0762
4822,2026-10-26,18:00,Monday,Weekday,October,18,228.54,5.61,1.2821,1.2821,0.4359,0.4231,0.1667,0.2564
4823,2026-10-14,08:00,Wednesday,Weekday,October,8,229.54,5.125,1.1764,1.1764,0.4941,0.2353,0.1529,0.2941
4824,2026-04-01,02:00,Wednesday,Weekday,April,2,230.65,1.202,0.2773,0.2773,0.0222,0.0333,0.1525,0.0693
4825,2026-03-02,06:00,Monday,Weekday,March,6,232.17,2.174,0.5047,0.5047,0.212,0.1009,0.0656,0.1262
4826,2026-12-31,09:00,Thursday,Weekday,December,9,230.78,4.925,1.1366,1.1366,0.4774,0.2273,0.1478,0.2841
4827,2026-12-13,00:00,Sunday,Weekend,December,0,234.38,1.615,0.3785,0.3785,0.0303,0.0454,0.2082,0.0946
4828,2026-06-12,09:00,Friday,Weekday,June,9,227.52,3.89,0.885,0.885,0.3717,0.177,0.115,0.2212
4829,2026-12-17,20:00,Thursday,Weekday,December,20,230.94,11.283,2.6057,2.6057,0.886,0.8599,0.3387,0.5211
4830,2026-05-23,08:00,Saturday,Weekend,May,8,227.62,3.245,0.7387,0.7387,0.3102,0.1477,0.096,0.1847
4831,2026-09-10,14:00,Thursday,Weekday,September,14,229.01,3.066,0.7022,0.7022,0.2106,0.2387,0.0913,0.1615
4832,2026-09-26,14:00,Saturday,Weekend,September,14,230.97,3.314,0.7655,0.7655,0.2296,0.2603,0.0995,0.1761
4833,2026-10-18,02:00,Sunday,Weekend,October,2,232.94,0.688,0.1602,0.1602,0.0128,0.0192,0.0881,0.04
4834,2026-07-06,04:00,Monday,Weekday,July,4,229.02,1.958,0.4485,0.4485,0.0359,0.0538,0.2467,0.1121
4835,2026-10-31,08:00,Saturday,Weekend,October,8,230.98,3.068,0.7087,0.7087,0.2976,0.1417,0.0921,0.1772
4836,2026-10-18,21:00,Sunday,Weekend,October,21,227.16,7.561,1.7175,1.7175,0.5839,0.5668,0.2233,0.3435
4837,2026-03-27,08:00,Friday,Weekday,March,8,224.26,5.737,1.2866,1.2866,0.5404,0.2573,0.1673,0.3216
4838,2026-06-15,22:00,Monday,Weekday,June,22,229.9,5.642,1.2972,1.2972,0.441,0.4281,0.1686,0.2594
4839,2026-04-24,06:00,Friday,Weekday,April,6,226.9,2.248,0.5101,0.5101,0.2143,0.102,0.0663,0.1275
4840,2026-12-22,23:00,Tuesday,Weekday,December,23,233.18,2.536,0.5912,0.5912,0.201,0.1951,0.0769,0.1182
4841,2026-07-02,22:00,Thursday,Weekday,July,22,233.2,4.706,1.0974,1.0974,0.3731,0.3622,0.1427,0.2195
4842,2026-07-26,11:00,Sunday,Weekend,July,11,227.91,5.244,1.1952,1.1952,0.3586,0.4064,0.1554,0.2749
4843,2026-09-13,08:00,Sunday,Weekend,September,8,227.53,2.747,0.6249,0.6249,0.2625,0.125,0.0812,0.1562
4844,2026-08-23,05:00,Sunday,Weekend,August,5,228.43,1.438,0.3286,0.3286,0.0263,0.0394,0.1807,0.0821
4845,2026-12-21,22:00,Monday,Weekday,December,22,231.33,4.697,1.0865,1.0865,0.3694,0.3585,0.1412,0.2173
4846,2026-01-03,01:00,Saturday,Weekend,January,1,231.34,1.65,0.3818,0.3818,0.0305,0.0458,0.21,0.0954
4847,2026-07-27,08:00,Monday,Weekday,July,8,236.84,16.266,3.8523,3.8523,1.618,0.7705,0.5008,0.9631
4848,2026-07-16,16:00,Thursday,Weekday,July,16,229.23,4.573,1.0482,1.0482,0.3145,0.3564,0.1363,0.2411
4849,2026-12-07,00:00,Monday,Weekday,December,0,230.23,1.893,0.4358,0.4358,0.0349,0.0523,0.2397,0.109
4850,2026-05-05,18:00,Tuesday,Weekday,May,18,231.96,6.657,1.5441,1.5441,0.525,0.5096,0.2007,0.3088
4851,2026-05-18,05:00,Monday,Weekday,May,5,230.72,1.298,0.2995,0.2995,0.024,0.0359,0.1647,0.0749
4852,2026-12-05,04:00,Saturday,Weekend,December,4,227.28,1.417,0.3221,0.3221,0.0258,0.0387,0.1772,0.0805
4853,2026-01-25,01:00,Sunday,Weekend,January,1,230.85,1.394,0.3219,0.3219,0.0258,0.0386,0.177,0.0805
4854,2026-03-09,08:00,Monday,Weekday,March,8,231.76,6.147,1.4247,1.4247,0.5984,0.2849,0.1852,0.3562
4855,2026-03-02,13:00,Monday,Weekday,March,13,229.15,3.178,0.7282,0.7282,0.2185,0.2476,0.0947,0.1675
4856,2026-01-29,03:00,Thursday,Weekday,January,3,231.99,1.626,0.3772,0.3772,0.0302,0.0453,0.2074,0.0943
4857,2026-01-19,03:00,Monday,Weekday,January,3,231.77,1.612,0.3736,0.3736,0.0299,0.0448,0.2055,0.0934
4858,2026-06-20,20:00,Saturday,Weekend,June,20,226.68,12.352,2.7998,2.7998,0.9519,0.9239,0.364,0.56
4859,2026-03-15,14:00,Sunday,Weekend,March,14,233.88,4.075,0.953,0.953,0.2859,0.324,0.1239,0.2192
4860,2026-03-02,07:00,Monday,Weekday,March,7,228.04,4.743,1.0816,1.0816,0.4543,0.2163,0.1406,0.2704
4861,2026-06-02,03:00,Tuesday,Weekday,June,3,231.09,2.227,0.5146,0.5146,0.0412,0.0618,0.283,0.1286
4862,2026-10-03,15:00,Saturday,Weekend,October,15,228.49,2.898,0.6621,0.6621,0.1986,0.2251,0.0861,0.1523
4863,2026-02-17,20:00,Tuesday,Weekday,February,20,224.94,7.781,1.7501,1.7501,0.5951,0.5775,0.2275,0.35
4864,2026-07-30,03:00,Thursday,Weekday,July,3,230.9,1.612,0.3723,0.3723,0.0298,0.0447,0.2048,0.0931
4865,2026-12-09,15:00,Wednesday,Weekday,December,15,234.82,3.646,0.8561,0.8561,0.2568,0.2911,0.1113,0.1969
4866,2026-05-19,21:00,Tuesday,Weekday,May,21,229.87,5.043,1.1593,1.1593,0.3942,0.3826,0.1507,0.2319
4867,2026-04-20,11:00,Monday,Weekday,April,11,226.27,3.113,0.7045,0.7045,0.2113,0.2395,0.0916,0.162
4868,2026-07-02,15:00,Thursday,Weekday,July,15,230.56,3.843,0.886,0.886,0.2658,0.3012,0.1152,0.2038
4869,2026-01-28,18:00,Wednesday,Weekday,January,18,227.95,9.437,2.1512,2.1512,0.7314,0.7099,0.2797,0.4302
4870,2026-07-16,07:00,Thursday,Weekday,July,7,232.63,5.979,1.391,1.391,0.5842,0.2782,0.1808,0.3478
4871,2026-07-10,05:00,Friday,Weekday,July,5,229.43,2.171,0.498,0.498,0.0398,0.0598,0.2739,0.1245
4872,2026-11-11,09:00,Wednesday,Weekday,November,9,225.57,4.544,1.0251,1.0251,0.4305,0.205,0.1333,0.2563
4873,2026-02-20,04:00,Friday,Weekday,February,4,231.27,1.515,0.3504,0.3504,0.028,0.042,0.1927,0.0876
4874,2026-05-29,17:00,Friday,Weekday,May,17,230.52,4.637,1.069,1.069,0.3635,0.3528,0.139,0.2138
4875,2026-09-25,09:00,Friday,Weekday,September,9,229.25,3.579,0.8205,0.8205,0.3446,0.1641,0.1067,0.2051
4876,2026-02-19,09:00,Thursday,Weekday,February,9,227.4,5.61,1.2757,1.2757,0.5358,0.2551,0.1658,0.3189
4877,2026-09-03,06:00,Thursday,Weekday,September,6,234.47,2.459,0.5767,0.5767,0.2422,0.1153,0.075,0.1442
4878,2026-04-23,17:00,Thursday,Weekday,April,17,228.87,5.848,1.3384,1.3384,0.4551,0.4417,0.174,0.2677
4879,2026-06-19,00:00,Friday,Weekday,June,0,232.24,1.752,0.4069,0.4069,0.0326,0.0488,0.2238,0.1017
4880,2026-06-15,06:00,Monday,Weekday,June,6,228.84,3.123,0.7146,0.7146,0.3001,0.1429,0.0929,0.1786
4881,2026-01-14,20:00,Wednesday,Weekday,January,20,231.5,13.067,3.025,3.025,1.0285,0.9982,0.3932,0.605
4882,2026-07-22,00:00,Wednesday,Weekday,July,0,230.13,1.962,0.4516,0.4516,0.0361,0.0542,0.2484,0.1129
4883,2026-10-15,14:00,Thursday,Weekday,October,14,230.07,2.776,0.6386,0.6386,0.1916,0.2171,0.083,0.1469
4884,2026-07-08,03:00,Wednesday,Weekday,July,3,227.93,1.5,0.3419,0.3419,0.0274,0.041,0.1881,0.0855
4885,2026-06-04,19:00,Thursday,Weekday,June,19,230.37,10.17,2.3429,2.3429,0.7966,0.7732,0.3046,0.4686
4886,2026-02-24,09:00,Tuesday,Weekday,February,9,233.51,5.155,1.2038,1.2038,0.5056,0.2408,0.1565,0.3009
4887,2026-07-01,22:00,Wednesday,Weekday,July,22,227.41,5.629,1.2801,1.2801,0.4352,0.4224,0.1664,0.256
4888,2026-07-29,08:00,Wednesday,Weekday,July,8,226.19,6.64,1.502,1.502,0.6308,0.3004,0.1953,0.3755
4889,2026-03-16,01:00,Monday,Weekday,March,1,237.36,1.171,0.2779,0.2779,0.0222,0.0333,0.1528,0.0695
4890,2026-10-04,13:00,Sunday,Weekend,October,13,227.5,4.428,1.0073,1.0073,0.3022,0.3425,0.1309,0.2317
4891,2026-05-13,15:00,Wednesday,Weekday,May,15,228.61,2.441,0.5581,0.5581,0.1674,0.1897,0.0725,0.1284
4892,2026-12-09,00:00,Wednesday,Weekday,December,0,233.46,1.743,0.4069,0.4069,0.0326,0.0488,0.2238,0.1017
4893,2026-02-28,01:00,Saturday,Weekend,February,1,233.53,1.154,0.2696,0.2696,0.0216,0.0324,0.1483,0.0674
4894,2026-12-11,06:00,Friday,Weekday,December,6,223.93,3.351,0.7504,0.7504,0.3152,0.1501,0.0976,0.1876
4895,2026-07-01,09:00,Wednesday,Weekday,July,9,231.91,5.348,1.2402,1.2402,0.5209,0.248,0.1612,0.3101
4896,2026-12-05,21:00,Saturday,Weekend,December,21,226.8,8.277,1.8773,1.8773,0.6383,0.6195,0.244,0.3755
4897,2026-11-17,19:00,Tuesday,Weekday,November,19,227.33,7.952,1.8078,1.8078,0.6146,0.5966,0.235,0.3616
4898,2026-03-05,00:00,Thursday,Weekday,March,0,232.91,1.598,0.3722,0.3722,0.0298,0.0447,0.2047,0.0931
4899,2026-11-23,12:00,Monday,Weekday,November,12,229.13,4.157,0.9525,0.9525,0.2858,0.3239,0.1238,0.2191
4900,2026-09-17,00:00,Thursday,Weekday,September,0,228.72,1.396,0.3193,0.3193,0.0255,0.0383,0.1756,0.0798
4901,2026-07-12,04:00,Sunday,Weekend,July,4,229.2,1.784,0.4088,0.4088,0.0327,0.0491,0.2249,0.1022
4902,2026-05-23,15:00,Saturday,Weekend,May,15,229.13,3.579,0.8199,0.8199,0.246,0.2788,0.1066,0.1886
4903,2026-04-14,14:00,Tuesday,Weekday,April,14,230.87,2.336,0.5393,0.5393,0.1618,0.1834,0.0701,0.124
4904,2026-08-02,16:00,Sunday,Weekend,August,16,233.31,5.453,1.2722,1.2722,0.3817,0.4325,0.1654,0.2926
4905,2026-08-30,22:00,Sunday,Weekend,August,22,231.07,3.767,0.8704,0.8704,0.2959,0.2872,0.1132,0.1741
4906,2026-07-28,15:00,Tuesday,Weekday,July,15,229.97,4.106,0.9443,0.9443,0.2833,0.3211,0.1228,0.2172
4907,2026-04-03,12:00,Friday,Weekday,April,12,231.37,7.483,1.7314,1.7314,0.5194,0.5887,0.2251,0.3982
4908,2026-05-22,10:00,Friday,Weekday,May,10,231.95,3.099,0.7188,0.7188,0.2156,0.2444,0.0934,0.1653
4909,2026-04-22,16:00,Wednesday,Weekday,April,16,231.45,3.84,0.8888,0.8888,0.2666,0.3022,0.1155,0.2044
4910,2026-02-28,16:00,Saturday,Weekend,February,16,228.33,3.981,0.909,0.909,0.2727,0.3091,0.1182,0.2091
4911,2026-02-12,01:00,Thursday,Weekday,February,1,231.06,1.205,0.2785,0.2785,0.0223,0.0334,0.1532,0.0696
4912,2026-07-26,12:00,Sunday,Weekend,July,12,222.66,7.252,1.6148,1.6148,0.4844,0.549,0.2099,0.3714
4913,2026-09-25,13:00,Friday,Weekday,September,13,233.83,3.865,0.9037,0.9037,0.2711,0.3073,0.1175,0.2079
4914,2026-10-23,10:00,Friday,Weekday,October,10,233.83,2.87,0.6712,0.6712,0.2014,0.2282,0.0873,0.1544
4915,2026-04-28,09:00,Tuesday,Weekday,April,9,232.22,4.076,0.9465,0.9465,0.3975,0.1893,0.123,0.2366
4916,2026-01-20,02:00,Tuesday,Weekday,January,2,233.11,1.411,0.3289,0.3289,0.0263,0.0395,0.1809,0.0822
4917,2026-08-10,16:00,Monday,Weekday,August,16,229.81,4.029,0.926,0.926,0.2778,0.3148,0.1204,0.213
4918,2026-06-15,14:00,Monday,Weekday,June,14,228.12,3.561,0.8123,0.8123,0.2437,0.2762,0.1056,0.1868
4919,2026-05-11,08:00,Monday,Weekday,May,8,225.7,7.01,1.5821,1.5821,0.6645,0.3164,0.2057,0.3955
4920,2026-06-05,09:00,Friday,Weekday,June,9,232.52,4.738,1.1017,1.1017,0.4627,0.2203,0.1432,0.2754
4921,2026-07-03,07:00,Friday,Weekday,July,7,225.41,13.394,3.0192,3.0192,1.2681,0.6038,0.3925,0.7548
4922,2026-03-31,20:00,Tuesday,Weekday,March,20,226.33,7.241,1.639,1.639,0.5572,0.5409,0.2131,0.3278
4923,2026-04-04,12:00,Saturday,Weekend,April,12,230.56,10.139,2.3376,2.3376,0.7013,0.7948,0.3039,0.5376
4924,2026-01-13,17:00,Tuesday,Weekday,January,17,229.91,12.162,2.7961,2.7961,0.9507,0.9227,0.3635,0.5592
4925,2026-11-18,04:00,Wednesday,Weekday,November,4,230.66,1.494,0.3445,0.3445,0.0276,0.0413,0.1895,0.0861
4926,2026-10-20,05:00,Tuesday,Weekday,October,5,225.48,1.054,0.2376,0.2376,0.019,0.0285,0.1307,0.0594
4927,2026-08-18,16:00,Tuesday,Weekday,August,16,229.42,3.877,0.8894,0.8894,0.2668,0.3024,0.1156,0.2046
4928,2026-11-18,10:00,Wednesday,Weekday,November,10,232.06,2.932,0.6804,0.6804,0.2041,0.2313,0.0885,0.1565
4929,2026-10-19,19:00,Monday,Weekday,October,19,226.93,7.817,1.7739,1.7739,0.6031,0.5854,0.2306,0.3548
4930,2026-01-26,15:00,Monday,Weekday,January,15,227.84,3.911,0.8912,0.8912,0.2674,0.303,0.1159,0.205
4931,2026-03-16,08:00,Monday,Weekday,March,8,232.39,6.409,1.4894,1.4894,0.6256,0.2979,0.1936,0.3724
4932,2026-12-30,01:00,Wednesday,Weekday,December,1,228.94,1.981,0.4536,0.4536,0.0363,0.0544,0.2495,0.1134
4933,2026-10-26,04:00,Monday,Weekday,October,4,230.46,1.079,0.2487,0.2487,0.0199,0.0298,0.1368,0.0622
4934,2026-05-30,00:00,Saturday,Weekend,May,0,229.47,1.27,0.2914,0.2914,0.0233,0.035,0.1603,0.0729
4935,2026-05-28,03:00,Thursday,Weekday,May,3,230.0,0.914,0.2101,0.2101,0.0168,0.0252,0.1156,0.0525
4936,2026-01-08,03:00,Thursday,Weekday,January,3,233.82,1.213,0.2836,0.2836,0.0227,0.034,0.156,0.0709
4937,2026-01-29,21:00,Thursday,Weekday,January,21,228.45,8.217,1.8772,1.8772,0.6382,0.6195,0.244,0.3754
4938,2026-10-23,02:00,Friday,Weekday,October,2,226.95,0.925,0.2099,0.2099,0.0168,0.0252,0.1155,0.0525
4939,2026-07-28,08:00,Tuesday,Weekday,July,8,226.94,8.773,1.9909,1.9909,0.8362,0.3982,0.2588,0.4977
4940,2026-05-08,21:00,Friday,Weekday,May,21,227.39,7.139,1.6233,1.6233,0.5519,0.5357,0.211,0.3247
4941,2026-12-06,22:00,Sunday,Weekend,December,22,230.54,4.969,1.1455,1.1455,0.3895,0.378,0.1489,0.2291
4942,2026-04-26,11:00,Sunday,Weekend,April,11,232.27,3.99,0.9268,0.9268,0.278,0.3151,0.1205,0.2132
4943,2026-05-24,09:00,Sunday,Weekend,May,9,230.08,3.613,0.8314,0.8314,0.3492,0.1663,0.1081,0.2078
4944,2026-11-14,01:00,Saturday,Weekend,November,1,230.01,2.586,0.5949,0.5949,0.0476,0.0714,0.3272,0.1487
4945,2026-08-23,10:00,Sunday,Weekend,August,10,224.42,5.624,1.2621,1.2621,0.3786,0.4291,0.1641,0.2903
4946,2026-01-07,09:00,Wednesday,Weekday,January,9,233.31,4.183,0.976,0.976,0.4099,0.1952,0.1269,0.244
4947,2026-02-14,21:00,Saturday,Weekend,February,21,227.19,9.549,2.1693,2.1693,0.7376,0.7159,0.282,0.4339
4948,2026-08-27,05:00,Thursday,Weekday,August,5,230.65,2.244,0.5177,0.5177,0.0414,0.0621,0.2847,0.1294
4949,2026-06-04,17:00,Thursday,Weekday,June,17,230.64,5.166,1.1915,1.1915,0.4051,0.3932,0.1549,0.2383
4950,2026-06-30,01:00,Tuesday,Weekday,June,1,228.08,1.365,0.3112,0.3112,0.0249,0.0373,0.1712,0.0778
4951,2026-08-03,01:00,Monday,Weekday,August,1,229.39,1.522,0.3491,0.3491,0.0279,0.0419,0.192,0.0873
4952,2026-03-29,09:00,Sunday,Weekend,March,9,228.06,4.545,1.0365,1.0365,0.4353,0.2073,0.1347,0.2591
4953,2026-09-13,15:00,Sunday,Weekend,September,15,233.46,3.769,0.8799,0.8799,0.264,0.2992,0.1144,0.2024
4954,2026-03-14,11:00,Saturday,Weekend,March,11,224.44,5.04,1.1312,1.1312,0.3394,0.3846,0.1471,0.2602
4955,2026-06-28,00:00,Sunday,Weekend,June,0,227.62,1.206,0.2744,0.2744,0.022,0.0329,0.1509,0.0686
4956,2026-07-31,20:00,Friday,Weekday,July,20,228.34,9.939,2.2694,2.2694,0.7716,0.7489,0.295,0.4539
4957,2026-10-20,07:00,Tuesday,Weekday,October,7,233.74,4.153,0.9707,0.9707,0.4077,0.1941,0.1262,0.2427
4958,2026-08-22,15:00,Saturday,Weekend,August,15,231.77,4.177,0.9681,0.9681,0.2904,0.3292,0.1259,0.2227
4959,2026-08-27,17:00,Thursday,Weekday,August,17,225.07,6.807,1.5321,1.5321,0.5209,0.5056,0.1992,0.3064
4960,2026-08-11,12:00,Tuesday,Weekday,August,12,229.71,4.724,1.0851,1.0851,0.3255,0.3689,0.1411,0.2496
4961,2026-04-29,14:00,Wednesday,Weekday,April,14,231.8,2.729,0.6326,0.6326,0.1898,0.2151,0.0822,0.1455
4962,2026-11-09,20:00,Monday,Weekday,November,20,233.19,8.774,2.0461,2.0461,0.6957,0.6752,0.266,0.4092
4963,2026-09-21,11:00,Monday,Weekday,September,11,229.15,3.591,0.8228,0.8228,0.2468,0.2797,0.107,0.1892
4964,2026-07-26,07:00,Sunday,Weekend,July,7,227.04,3.022,0.6861,0.6861,0.2882,0.1372,0.0892,0.1715
4965,2026-04-05,09:00,Sunday,Weekend,April,9,230.81,5.353,1.2355,1.2355,0.5189,0.2471,0.1606,0.3089
4966,2026-08-10,13:00,Monday,Weekday,August,13,229.89,5.081,1.1682,1.1682,0.3505,0.3972,0.1519,0.2687
4967,2026-10-03,04:00,Saturday,Weekend,October,4,231.16,0.74,0.1711,0.1711,0.0137,0.0205,0.0941,0.0428
4968,2026-08-19,17:00,Wednesday,Weekday,August,17,230.22,7.21,1.6598,1.6598,0.5643,0.5477,0.2158,0.332
4969,2026-11-05,18:00,Thursday,Weekday,November,18,229.62,11.35,2.6062,2.6062,0.8861,0.86,0.3388,0.5212
4970,2026-04-29,14:00,Wednesday,Weekday,April,14,231.32,2.91,0.6731,0.6731,0.2019,0.2289,0.0875,0.1548
4971,2026-09-25,05:00,Friday,Weekday,September,5,234.09,1.401,0.328,0.328,0.0262,0.0394,0.1804,0.082
4972,2026-09-30,10:00,Wednesday,Weekday,September,10,229.27,3.522,0.8075,0.8075,0.2423,0.2746,0.105,0.1857
4973,2026-03-05,20:00,Thursday,Weekday,March,20,225.93,16.83,3.8024,3.8024,1.2928,1.2548,0.4943,0.7605
4974,2026-10-25,10:00,Sunday,Weekend,October,10,230.78,3.812,0.8797,0.8797,0.2639,0.2991,0.1144,0.2023
4975,2026-12-16,19:00,Wednesday,Weekday,December,19,224.85,10.791,2.4263,2.4263,0.8249,0.8007,0.3154,0.4853
4976,2026-01-11,19:00,Sunday,Weekend,January,19,225.18,15.38,3.4633,3.4633,1.1775,1.1429,0.4502,0.6927
4977,2026-04-08,20:00,Wednesday,Weekday,April,20,225.46,7.499,1.6907,1.6907,0.5748,0.5579,0.2198,0.3381
4978,2026-03-12,17:00,Thursday,Weekday,March,17,226.87,6.405,1.4531,1.4531,0.494,0.4795,0.1889,0.2906
4979,2026-12-30,17:00,Wednesday,Weekday,December,17,232.92,6.158,1.4343,1.4343,0.4877,0.4733,0.1865,0.2869
4980,2026-02-27,09:00,Friday,Weekday,February,9,230.12,4.567,1.0511,1.0511,0.4414,0.2102,0.1366,0.2628
4981,2026-10-17,01:00,Saturday,Weekend,October,1,231.77,0.764,0.177,0.177,0.0142,0.0212,0.0973,0.0442
4982,2026-09-08,08:00,Tuesday,Weekday,September,8,231.28,5.173,1.1964,1.1964,0.5025,0.2393,0.1555,0.2991
4983,2026-10-03,13:00,Saturday,Weekend,October,13,229.48,4.685,1.075,1.075,0.3225,0.3655,0.1398,0.2473
4984,2026-02-19,18:00,Thursday,Weekday,February,18,231.7,9.919,2.2982,2.2982,0.7814,0.7584,0.2988,0.4596
4985,2026-12-24,09:00,Thursday,Weekday,December,9,228.79,3.908,0.8941,0.8941,0.3755,0.1788,0.1162,0.2235
4986,2026-08-04,22:00,Tuesday,Weekday,August,22,229.58,4.188,0.9615,0.9615,0.3269,0.3173,0.125,0.1923
4987,2026-02-21,03:00,Saturday,Weekend,February,3,228.23,1.061,0.2422,0.2422,0.0194,0.0291,0.1332,0.0606
4988,2026-09-28,05:00,Monday,Weekday,September,5,233.5,3.355,0.7835,0.7835,0.0627,0.094,0.4309,0.1959
4989,2026-03-25,13:00,Wednesday,Weekday,March,13,229.73,3.029,0.6959,0.6959,0.2088,0.2366,0.0905,0.1601
4990,2026-10-20,03:00,Tuesday,Weekday,October,3,231.5,0.887,0.2053,0.2053,0.0164,0.0246,0.1129,0.0513
4991,2026-05-06,14:00,Wednesday,Weekday,May,14,228.55,2.521,0.5762,0.5762,0.1729,0.1959,0.0749,0.1325
4992,2026-10-23,15:00,Friday,Weekday,October,15,232.12,2.648,0.6147,0.6147,0.1844,0.209,0.0799,0.1414
4993,2026-03-13,06:00,Friday,Weekday,March,6,231.93,2.841,0.659,0.659,0.2768,0.1318,0.0857,0.1647
4994,2026-10-23,16:00,Friday,Weekday,October,16,225.94,2.943,0.6649,0.6649,0.1995,0.2261,0.0864,0.1529
4995,2026-08-24,18:00,Monday,Weekday,August,18,227.66,10.564,2.405,2.405,0.8177,0.7936,0.3126,0.481
4996,2026-02-25,18:00,Wednesday,Weekday,February,18,229.57,10.471,2.4039,2.4039,0.8173,0.7933,0.3125,0.4808
4997,2026-12-26,16:00,Saturday,Weekend,December,16,229.25,4.622,1.0595,1.0595,0.3179,0.3602,0.1377,0.2437
4998,2026-04-20,05:00,Monday,Weekday,April,5,233.46,1.482,0.346,0.346,0.0277,0.0415,0.1903,0.0865
4999,2026-07-11,10:00,Saturday,Weekend,July,10,226.96,5.66,1.2845,1.2845,0.3854,0.4367,0.167,0.2954
5000,2026-04-03,15:00,Friday,Weekday,April,15,228.88,2.662,0.6092,0.6092,0.1828,0.2071,0.0792,0.1401
